字段名,重复值,开始时间,结束时间,持续长度
ACTIVE_POWER_STATION,0.0,2023-09-25 09:43:00,2023-09-25 09:46:00,4
ACTIVE_POWER_STATION,0.0,2023-09-25 09:51:00,2023-09-25 09:56:00,6
ACTIVE_POWER_STATION,0.0,2023-09-25 11:36:00,2023-09-25 11:40:00,5
ACTIVE_POWER_STATION,0.0,2023-09-25 12:35:00,2023-09-25 12:38:00,4
ACTIVE_POWER_STATION,0.0,2023-09-25 15:46:00,2023-09-25 15:49:00,4
ACTIVE_POWER_STATION,0.0,2023-09-26 08:06:00,2023-09-26 08:09:00,4
ACTIVE_POWER_STATION,0.0,2023-09-26 08:21:00,2023-09-26 08:25:00,5
ACTIVE_POWER_STATION,0.0,2023-09-26 08:28:00,2023-09-26 08:39:00,12
ACTIVE_POWER_STATION,0.0,2023-09-26 08:41:00,2023-09-26 08:47:00,7
ACTIVE_POWER_STATION,0.0,2023-09-26 09:13:00,2023-09-26 09:16:00,4
ACTIVE_POWER_STATION,65.118004,2023-09-28 09:15:00,2023-09-28 09:19:00,5
ACTIVE_POWER_STATION,83.19162,2023-09-28 09:23:00,2023-09-28 09:27:00,5
ACTIVE_POWER_STATION,101.3764,2023-09-28 09:34:00,2023-09-28 09:37:00,4
ACTIVE_POWER_STATION,0.0,2023-09-30 06:33:00,2023-09-30 06:37:00,5
ACTIVE_POWER_STATION,0.0,2023-10-03 00:56:00,2023-10-03 01:04:00,9
ACTIVE_POWER_STATION,366.3706,2023-10-05 06:24:00,2023-10-05 06:28:00,5
ACTIVE_POWER_STATION,0.0,2023-10-10 10:11:00,2023-10-10 10:14:00,4
ACTIVE_POWER_STATION,0.0,2023-10-13 03:13:00,2023-10-13 03:16:00,4
ACTIVE_POWER_STATION,0.0,2023-10-16 03:42:00,2023-10-16 03:46:00,5
ACTIVE_POWER_STATION,0.0,2023-10-17 18:29:00,2023-10-17 18:33:00,5
ACTIVE_POWER_STATION,0.0,2023-10-17 20:32:00,2023-10-17 20:51:00,20
ACTIVE_POWER_STATION,0.0,2023-10-17 22:22:00,2023-10-17 22:25:00,4
ACTIVE_POWER_STATION,0.0,2023-10-18 05:37:00,2023-10-18 05:40:00,4
ACTIVE_POWER_STATION,0.0,2023-10-18 05:44:00,2023-10-18 05:49:00,6
ACTIVE_POWER_STATION,0.0,2023-10-18 05:56:00,2023-10-18 06:14:00,19
ACTIVE_POWER_STATION,378.64648,2023-10-20 02:09:00,2023-10-20 02:13:00,5
ACTIVE_POWER_STATION,24.47103,2023-10-21 14:35:00,2023-10-21 14:38:00,4
ACTIVE_POWER_STATION,0.0,2023-10-21 16:02:00,2023-10-21 16:05:00,4
ACTIVE_POWER_STATION,0.0,2023-10-22 11:03:00,2023-10-22 11:08:00,6
ACTIVE_POWER_STATION,0.0,2023-10-23 05:15:00,2023-10-23 05:18:00,4
ACTIVE_POWER_STATION,0.0,2023-10-24 13:44:00,2023-10-24 14:11:00,28
ACTIVE_POWER_STATION,0.0,2023-10-24 14:32:00,2023-10-24 14:36:00,5
ACTIVE_POWER_STATION,0.0,2023-10-26 05:14:00,2023-11-04 07:06:00,13072
ACTIVE_POWER_STATION,362.77493,2023-11-05 12:01:00,2023-11-05 12:06:00,6
ACTIVE_POWER_STATION,362.66733,2023-11-05 12:07:00,2023-11-05 12:12:00,6
ACTIVE_POWER_STATION,360.2667,2023-11-05 12:31:00,2023-11-05 12:34:00,4
ACTIVE_POWER_STATION,364.22678,2023-11-05 12:44:00,2023-11-05 12:47:00,4
ACTIVE_POWER_STATION,363.96503,2023-11-05 13:32:00,2023-11-05 13:36:00,5
ACTIVE_POWER_STATION,363.96124,2023-11-05 13:49:00,2023-11-05 13:53:00,5
ACTIVE_POWER_STATION,365.36945,2023-11-06 20:38:00,2023-11-06 20:41:00,4
ACTIVE_POWER_STATION,371.74255,2023-11-10 13:51:00,2023-11-10 13:54:00,4
ACTIVE_POWER_STATION,377.77155,2023-11-10 14:33:00,2023-11-10 14:36:00,4
ACTIVE_POWER_STATION,374.06412,2023-11-10 18:26:00,2023-11-10 18:29:00,4
ACTIVE_POWER_STATION,377.85773,2023-11-10 18:45:00,2023-11-10 18:48:00,4
ACTIVE_POWER_STATION,372.66315,2023-11-12 14:38:00,2023-11-12 14:41:00,4
ACTIVE_POWER_STATION,0.0,2023-11-15 04:52:00,2023-11-15 04:55:00,4
ACTIVE_POWER_STATION,0.0,2023-11-16 00:40:00,2023-11-16 00:43:00,4
ACTIVE_POWER_STATION,383.09515,2023-11-16 06:11:00,2023-11-16 06:15:00,5
ACTIVE_POWER_STATION,382.8661,2023-11-16 06:16:00,2023-11-16 06:19:00,4
ACTIVE_POWER_STATION,388.44196,2023-11-16 11:22:00,2023-11-16 11:27:00,6
ACTIVE_POWER_STATION,388.12775,2023-11-16 13:12:00,2023-11-16 13:15:00,4
ACTIVE_POWER_STATION,387.72952,2023-11-16 18:40:00,2023-11-16 18:44:00,5
ACTIVE_POWER_STATION,387.95007,2023-11-16 22:23:00,2023-11-16 22:26:00,4
ACTIVE_POWER_STATION,388.4112,2023-11-17 09:52:00,2023-11-17 09:56:00,5
ACTIVE_POWER_STATION,388.3078,2023-11-17 10:16:00,2023-11-17 10:21:00,6
ACTIVE_POWER_STATION,388.42993,2023-11-17 10:22:00,2023-11-17 10:27:00,6
ACTIVE_POWER_STATION,383.79926,2023-11-17 12:46:00,2023-11-17 12:51:00,6
ACTIVE_POWER_STATION,0.0,2023-11-19 14:04:00,2023-11-19 14:08:00,5
ACTIVE_POWER_STATION,0.0,2023-11-20 03:00:00,2023-11-20 03:06:00,7
ACTIVE_POWER_STATION,381.7915,2023-11-23 14:37:00,2023-11-23 14:41:00,5
ACTIVE_POWER_STATION,381.39285,2023-11-23 17:25:00,2023-11-23 17:30:00,6
ACTIVE_POWER_STATION,385.64078,2023-11-23 20:38:00,2023-11-23 20:41:00,4
ACTIVE_POWER_STATION,386.53705,2023-11-29 15:52:00,2023-11-29 15:56:00,5
ACTIVE_POWER_STATION,386.36298,2023-11-29 16:05:00,2023-11-29 16:08:00,4
ACTIVE_POWER_STATION,386.0028,2023-11-29 18:11:00,2023-11-29 18:14:00,4
ACTIVE_POWER_STATION,385.77856,2023-11-29 19:46:00,2023-11-29 19:51:00,6
ACTIVE_POWER_STATION,385.8148,2023-11-29 20:23:00,2023-11-29 20:26:00,4
ACTIVE_POWER_STATION,385.75247,2023-11-29 20:29:00,2023-11-29 20:33:00,5
ACTIVE_POWER_STATION,0.0,2023-12-03 00:42:00,2023-12-03 00:45:00,4
ACTIVE_POWER_STATION,0.0,2023-12-04 23:18:00,2023-12-04 23:23:00,6
ACTIVE_POWER_STATION,0.0,2023-12-04 23:40:00,2023-12-04 23:49:00,10
ACTIVE_POWER_STATION,0.0,2023-12-04 23:51:00,2023-12-04 23:55:00,5
ACTIVE_POWER_STATION,0.0,2023-12-05 03:38:00,2023-12-05 03:43:00,6
ACTIVE_POWER_STATION,0.0,2023-12-05 03:59:00,2023-12-05 04:02:00,4
ACTIVE_POWER_STATION,0.0,2023-12-05 10:26:00,2023-12-05 10:30:00,5
ACTIVE_POWER_STATION,0.0,2023-12-05 10:34:00,2023-12-05 10:40:00,7
ACTIVE_POWER_STATION,0.0,2023-12-05 12:22:00,2023-12-05 12:25:00,4
ACTIVE_POWER_STATION,0.0,2023-12-05 22:48:00,2023-12-05 22:54:00,7
ACTIVE_POWER_STATION,368.5208,2023-12-06 11:37:00,2023-12-06 11:41:00,5
ACTIVE_POWER_STATION,368.63483,2023-12-06 11:43:00,2023-12-06 11:47:00,5
ACTIVE_POWER_STATION,372.2598,2023-12-06 15:08:00,2023-12-06 15:11:00,4
ACTIVE_POWER_STATION,372.18683,2023-12-06 15:50:00,2023-12-06 15:54:00,5
ACTIVE_POWER_STATION,372.22302,2023-12-06 15:56:00,2023-12-06 16:01:00,6
ACTIVE_POWER_STATION,0.0,2023-12-07 00:26:00,2023-12-07 00:35:00,10
ACTIVE_POWER_STATION,0.0,2023-12-07 00:37:00,2023-12-07 00:40:00,4
ACTIVE_POWER_STATION,368.09674,2023-12-07 18:39:00,2023-12-07 18:44:00,6
ACTIVE_POWER_STATION,368.00037,2023-12-07 18:50:00,2023-12-07 18:55:00,6
ACTIVE_POWER_STATION,367.93573,2023-12-07 19:26:00,2023-12-07 19:29:00,4
ACTIVE_POWER_STATION,367.9087,2023-12-07 19:56:00,2023-12-07 20:01:00,6
ACTIVE_POWER_STATION,368.0631,2023-12-07 20:02:00,2023-12-07 20:07:00,6
ACTIVE_POWER_STATION,367.92664,2023-12-07 20:20:00,2023-12-07 20:23:00,4
ACTIVE_POWER_STATION,367.9905,2023-12-07 20:38:00,2023-12-07 20:42:00,5
ACTIVE_POWER_STATION,364.0499,2023-12-07 21:02:00,2023-12-07 21:07:00,6
ACTIVE_POWER_STATION,363.81424,2023-12-07 22:27:00,2023-12-07 22:31:00,5
ACTIVE_POWER_STATION,363.98615,2023-12-07 22:50:00,2023-12-07 22:55:00,6
ACTIVE_POWER_STATION,363.75388,2023-12-07 23:15:00,2023-12-07 23:18:00,4
ACTIVE_POWER_STATION,364.09418,2023-12-08 00:26:00,2023-12-08 00:29:00,4
ACTIVE_POWER_STATION,364.03644,2023-12-08 00:32:00,2023-12-08 00:37:00,6
ACTIVE_POWER_STATION,364.05145,2023-12-08 00:38:00,2023-12-08 00:43:00,6
ACTIVE_POWER_STATION,364.00012,2023-12-08 00:52:00,2023-12-08 00:55:00,4
ACTIVE_POWER_STATION,364.0148,2023-12-08 00:58:00,2023-12-08 01:01:00,4
ACTIVE_POWER_STATION,363.9949,2023-12-08 01:26:00,2023-12-08 01:31:00,6
ACTIVE_POWER_STATION,364.1996,2023-12-08 01:33:00,2023-12-08 01:37:00,5
ACTIVE_POWER_STATION,0.0,2023-12-09 09:36:00,2023-12-09 09:39:00,4
ACTIVE_POWER_STATION,0.0,2023-12-09 11:15:00,2023-12-09 11:21:00,7
ACTIVE_POWER_STATION,0.0,2023-12-09 16:20:00,2023-12-09 16:26:00,7
ACTIVE_POWER_STATION,380.48608,2023-12-10 07:51:00,2023-12-10 07:56:00,6
ACTIVE_POWER_STATION,380.4596,2023-12-10 07:57:00,2023-12-10 08:02:00,6
ACTIVE_POWER_STATION,380.13867,2023-12-10 08:09:00,2023-12-10 08:14:00,6
ACTIVE_POWER_STATION,380.04416,2023-12-10 08:15:00,2023-12-10 08:18:00,4
ACTIVE_POWER_STATION,380.17273,2023-12-10 08:21:00,2023-12-10 08:26:00,6
ACTIVE_POWER_STATION,379.92206,2023-12-10 08:40:00,2023-12-10 08:43:00,4
ACTIVE_POWER_STATION,380.12347,2023-12-10 08:51:00,2023-12-10 08:56:00,6
ACTIVE_POWER_STATION,380.12488,2023-12-10 08:59:00,2023-12-10 09:02:00,4
ACTIVE_POWER_STATION,380.7753,2023-12-10 21:10:00,2023-12-10 21:13:00,4
ACTIVE_POWER_STATION,380.57632,2023-12-10 21:16:00,2023-12-10 21:19:00,4
ACTIVE_POWER_STATION,380.61893,2023-12-10 21:22:00,2023-12-10 21:26:00,5
ACTIVE_POWER_STATION,380.05545,2023-12-11 18:41:00,2023-12-11 18:44:00,4
ACTIVE_POWER_STATION,380.2561,2023-12-11 22:00:00,2023-12-11 22:03:00,4
ACTIVE_POWER_STATION,0.0,2023-12-14 20:27:00,2023-12-14 20:30:00,4
ACTIVE_POWER_STATION,376.35956,2023-12-15 05:56:00,2023-12-15 05:59:00,4
ACTIVE_POWER_STATION,376.6095,2023-12-15 07:01:00,2023-12-15 07:05:00,5
ACTIVE_POWER_STATION,376.53177,2023-12-15 08:18:00,2023-12-15 08:21:00,4
ACTIVE_POWER_STATION,376.56424,2023-12-15 08:26:00,2023-12-15 08:29:00,4
ACTIVE_POWER_STATION,372.52576,2023-12-15 09:02:00,2023-12-15 09:05:00,4
ACTIVE_POWER_STATION,376.25964,2023-12-15 10:13:00,2023-12-15 10:17:00,5
ACTIVE_POWER_STATION,376.64728,2023-12-15 13:55:00,2023-12-15 13:59:00,5
ACTIVE_POWER_STATION,376.4261,2023-12-15 14:36:00,2023-12-15 14:39:00,4
ACTIVE_POWER_STATION,372.56195,2023-12-15 16:12:00,2023-12-15 16:16:00,5
ACTIVE_POWER_STATION,380.35828,2023-12-20 14:38:00,2023-12-20 14:41:00,4
ACTIVE_POWER_STATION,376.45367,2023-12-20 14:58:00,2023-12-20 15:02:00,5
ACTIVE_POWER_STATION,376.3737,2023-12-20 15:04:00,2023-12-20 15:07:00,4
ACTIVE_POWER_STATION,0.0,2023-12-23 12:46:00,2023-12-23 12:49:00,4
ACTIVE_POWER_STATION,0.0,2023-12-23 12:52:00,2023-12-23 12:56:00,5
ACTIVE_POWER_STATION,0.0,2023-12-23 13:10:00,2023-12-23 13:13:00,4
ACTIVE_POWER_STATION,0.0,2023-12-23 14:04:00,2023-12-23 14:09:00,6
ACTIVE_POWER_STATION,0.0,2023-12-26 01:00:00,2023-12-26 01:04:00,5
ACTIVE_POWER_STATION,0.0,2023-12-26 09:42:00,2023-12-26 09:45:00,4
ACTIVE_POWER_STATION,0.0,2023-12-26 14:53:00,2023-12-26 15:02:00,10
ACTIVE_POWER_STATION,0.0,2023-12-28 15:23:00,2023-12-28 15:28:00,6
ACTIVE_POWER_STATION,0.0,2023-12-28 15:44:00,2023-12-28 15:56:00,13
ACTIVE_POWER_STATION,0.0,2023-12-28 17:07:00,2023-12-28 17:14:00,8
ACTIVE_POWER_STATION,0.0,2023-12-28 18:25:00,2023-12-28 18:28:00,4
ACTIVE_POWER_STATION,0.0,2023-12-28 18:37:00,2023-12-28 18:57:00,21
ACTIVE_POWER_STATION,0.0,2023-12-28 18:59:00,2023-12-28 19:06:00,8
ACTIVE_POWER_STATION,0.0,2023-12-28 21:56:00,2023-12-28 21:59:00,4
ACTIVE_POWER_STATION,0.0,2023-12-28 22:15:00,2023-12-28 22:23:00,9
ACTIVE_POWER_STATION,0.0,2024-01-01 05:37:00,2024-01-01 05:43:00,7
ACTIVE_POWER_STATION,-3.6374912,2024-01-05 13:16:00,2024-01-05 13:20:00,5
ACTIVE_POWER_STATION,0.0,2024-01-05 14:50:00,2024-01-05 14:55:00,6
ACTIVE_POWER_STATION,0.0,2024-01-05 15:09:00,2024-01-05 15:12:00,4
ACTIVE_POWER_STATION,3.8544612,2024-01-05 15:33:00,2024-01-05 15:36:00,4
ACTIVE_POWER_STATION,0.0,2024-01-05 16:25:00,2024-01-05 16:39:00,15
ACTIVE_POWER_STATION,0.0,2024-01-05 17:02:00,2024-01-05 17:11:00,10
ACTIVE_POWER_STATION,0.0,2024-01-05 22:04:00,2024-01-05 22:13:00,10
ACTIVE_POWER_STATION,-3.802401,2024-01-06 10:06:00,2024-01-06 10:10:00,5
ACTIVE_POWER_STATION,0.0,2024-01-06 11:39:00,2024-01-06 11:45:00,7
ACTIVE_POWER_STATION,0.0,2024-01-08 08:52:00,2024-01-08 08:58:00,7
ACTIVE_POWER_STATION,0.0,2024-01-08 15:41:00,2024-01-08 15:45:00,5
ACTIVE_POWER_STATION,0.0,2024-01-11 06:20:00,2024-01-11 06:30:00,11
ACTIVE_POWER_STATION,0.0,2024-01-13 00:33:00,2024-01-13 00:37:00,5
ACTIVE_POWER_STATION,0.0,2024-01-13 05:14:00,2024-01-13 05:17:00,4
ACTIVE_POWER_STATION,0.0,2024-01-13 05:38:00,2024-01-13 05:42:00,5
ACTIVE_POWER_STATION,0.0,2024-01-13 05:49:00,2024-01-13 05:57:00,9
ACTIVE_POWER_STATION,0.0,2024-01-13 08:15:00,2024-01-13 08:26:00,12
ACTIVE_POWER_STATION,376.7418,2024-01-14 00:44:00,2024-01-14 00:47:00,4
ACTIVE_POWER_STATION,376.45505,2024-01-14 00:54:00,2024-01-14 00:57:00,4
ACTIVE_POWER_STATION,372.74445,2024-01-14 01:30:00,2024-01-14 01:33:00,4
ACTIVE_POWER_STATION,372.4115,2024-01-14 01:36:00,2024-01-14 01:41:00,6
ACTIVE_POWER_STATION,372.68497,2024-01-14 02:30:00,2024-01-14 02:34:00,5
ACTIVE_POWER_STATION,368.65985,2024-01-14 02:36:00,2024-01-14 02:41:00,6
ACTIVE_POWER_STATION,368.6364,2024-01-14 02:42:00,2024-01-14 02:47:00,6
ACTIVE_POWER_STATION,372.59247,2024-01-14 02:54:00,2024-01-14 02:59:00,6
ACTIVE_POWER_STATION,372.6108,2024-01-14 03:30:00,2024-01-14 03:35:00,6
ACTIVE_POWER_STATION,372.5619,2024-01-14 03:36:00,2024-01-14 03:41:00,6
ACTIVE_POWER_STATION,372.4609,2024-01-14 03:48:00,2024-01-14 03:51:00,4
ACTIVE_POWER_STATION,372.5171,2024-01-14 03:54:00,2024-01-14 03:59:00,6
ACTIVE_POWER_STATION,372.3855,2024-01-14 04:06:00,2024-01-14 04:09:00,4
ACTIVE_POWER_STATION,372.47598,2024-01-14 04:12:00,2024-01-14 04:15:00,4
ACTIVE_POWER_STATION,372.5038,2024-01-14 04:24:00,2024-01-14 04:29:00,6
ACTIVE_POWER_STATION,372.6524,2024-01-14 04:30:00,2024-01-14 04:33:00,4
ACTIVE_POWER_STATION,372.54443,2024-01-14 04:36:00,2024-01-14 04:40:00,5
ACTIVE_POWER_STATION,372.43842,2024-01-14 04:42:00,2024-01-14 04:46:00,5
ACTIVE_POWER_STATION,372.57806,2024-01-14 04:54:00,2024-01-14 04:58:00,5
ACTIVE_POWER_STATION,368.63867,2024-01-14 05:00:00,2024-01-14 05:05:00,6
ACTIVE_POWER_STATION,368.73755,2024-01-14 05:12:00,2024-01-14 05:17:00,6
ACTIVE_POWER_STATION,368.73438,2024-01-14 05:18:00,2024-01-14 05:22:00,5
ACTIVE_POWER_STATION,364.90045,2024-01-14 05:36:00,2024-01-14 05:39:00,4
ACTIVE_POWER_STATION,370.7519,2024-01-14 17:43:00,2024-01-14 17:47:00,5
ACTIVE_POWER_STATION,370.62845,2024-01-14 17:54:00,2024-01-14 17:58:00,5
ACTIVE_POWER_STATION,370.62375,2024-01-14 18:02:00,2024-01-14 18:05:00,4
ACTIVE_POWER_STATION,370.80673,2024-01-14 18:06:00,2024-01-14 18:11:00,6
ACTIVE_POWER_STATION,370.64093,2024-01-14 18:20:00,2024-01-14 18:23:00,4
ACTIVE_POWER_STATION,370.74097,2024-01-14 18:48:00,2024-01-14 18:51:00,4
ACTIVE_POWER_STATION,370.81958,2024-01-14 20:00:00,2024-01-14 20:05:00,6
ACTIVE_POWER_STATION,370.67505,2024-01-14 20:56:00,2024-01-14 21:00:00,5
ACTIVE_POWER_STATION,370.58542,2024-01-14 21:03:00,2024-01-14 21:06:00,4
ACTIVE_POWER_STATION,370.73975,2024-01-14 21:07:00,2024-01-14 21:10:00,4
ACTIVE_POWER_STATION,370.6244,2024-01-14 21:18:00,2024-01-14 21:24:00,7
ACTIVE_POWER_STATION,370.5083,2024-01-14 22:36:00,2024-01-14 22:39:00,4
ACTIVE_POWER_STATION,369.02856,2024-01-20 09:15:00,2024-01-20 09:19:00,5
ACTIVE_POWER_STATION,369.07654,2024-01-20 09:45:00,2024-01-20 09:50:00,6
ACTIVE_POWER_STATION,369.1894,2024-01-20 09:52:00,2024-01-20 09:56:00,5
ACTIVE_POWER_STATION,364.932,2024-01-20 14:03:00,2024-01-20 14:08:00,6
ACTIVE_POWER_STATION,364.9193,2024-01-20 14:41:00,2024-01-20 14:44:00,4
ACTIVE_POWER_STATION,364.9535,2024-01-20 14:45:00,2024-01-20 14:48:00,4
ACTIVE_POWER_STATION,364.7945,2024-01-20 16:22:00,2024-01-20 16:25:00,4
ACTIVE_POWER_STATION,364.63745,2024-01-20 19:10:00,2024-01-20 19:14:00,5
ACTIVE_POWER_STATION,366.50394,2024-01-20 21:17:00,2024-01-20 21:20:00,4
ACTIVE_POWER_STATION,362.77893,2024-01-21 12:10:00,2024-01-21 12:13:00,4
ACTIVE_POWER_STATION,366.86963,2024-01-21 12:46:00,2024-01-21 12:51:00,6
ACTIVE_POWER_STATION,366.70404,2024-01-21 13:34:00,2024-01-21 13:39:00,6
ACTIVE_POWER_STATION,365.66965,2024-01-21 14:52:00,2024-01-21 14:57:00,6
ACTIVE_POWER_STATION,366.70135,2024-01-21 15:10:00,2024-01-21 15:14:00,5
ACTIVE_POWER_STATION,366.58978,2024-01-21 15:28:00,2024-01-21 15:31:00,4
ACTIVE_POWER_STATION,366.6562,2024-01-21 15:41:00,2024-01-21 15:45:00,5
ACTIVE_POWER_STATION,366.81824,2024-01-21 15:59:00,2024-01-21 16:03:00,5
ACTIVE_POWER_STATION,366.6754,2024-01-21 16:22:00,2024-01-21 16:26:00,5
ACTIVE_POWER_STATION,366.71185,2024-01-21 18:23:00,2024-01-21 18:26:00,4
ACTIVE_POWER_STATION,362.72156,2024-01-22 00:10:00,2024-01-22 00:14:00,5
ACTIVE_POWER_STATION,0.0,2024-01-26 01:17:00,2024-01-26 01:22:00,6
ACTIVE_POWER_STATION,0.0,2024-01-26 14:54:00,2024-01-26 15:00:00,7
ACTIVE_POWER_STATION,0.0,2024-01-26 17:03:00,2024-01-26 17:06:00,4
ACTIVE_POWER_STATION,0.0,2024-01-27 02:16:00,2024-01-27 02:28:00,13
ACTIVE_POWER_STATION,0.0,2024-01-27 10:39:00,2024-01-27 10:42:00,4
ACTIVE_POWER_STATION,0.0,2024-01-27 15:52:00,2024-01-27 16:04:00,13
ACTIVE_POWER_STATION,0.0,2024-01-28 03:47:00,2024-01-28 03:53:00,7
ACTIVE_POWER_STATION,0.0,2024-01-28 07:01:00,2024-01-28 07:05:00,5
ACTIVE_POWER_STATION,0.0,2024-01-28 07:16:00,2024-01-28 07:24:00,9
ACTIVE_POWER_STATION,0.0,2024-01-28 07:26:00,2024-01-28 07:30:00,5
ACTIVE_POWER_STATION,0.0,2024-01-28 07:33:00,2024-01-28 07:47:00,15
ACTIVE_POWER_STATION,0.0,2024-01-28 08:49:00,2024-01-28 08:53:00,5
ACTIVE_POWER_STATION,0.0,2024-01-28 08:55:00,2024-01-28 08:58:00,4
ACTIVE_POWER_STATION,0.0,2024-01-29 10:01:00,2024-01-29 10:06:00,6
ACTIVE_POWER_STATION,379.93268,2024-02-01 00:45:00,2024-02-01 00:50:00,6
ACTIVE_POWER_STATION,380.08252,2024-02-01 00:51:00,2024-02-01 00:56:00,6
ACTIVE_POWER_STATION,380.23386,2024-02-01 00:57:00,2024-02-01 01:00:00,4
ACTIVE_POWER_STATION,372.01453,2024-02-01 01:39:00,2024-02-01 01:44:00,6
ACTIVE_POWER_STATION,372.02228,2024-02-01 01:58:00,2024-02-01 02:02:00,5
ACTIVE_POWER_STATION,371.9934,2024-02-01 02:09:00,2024-02-01 02:14:00,6
ACTIVE_POWER_STATION,371.8377,2024-02-01 02:21:00,2024-02-01 02:24:00,4
ACTIVE_POWER_STATION,371.9352,2024-02-01 02:45:00,2024-02-01 02:50:00,6
ACTIVE_POWER_STATION,385.60284,2024-02-01 17:53:00,2024-02-01 17:56:00,4
ACTIVE_POWER_STATION,385.77045,2024-02-01 18:33:00,2024-02-01 18:36:00,4
ACTIVE_POWER_STATION,385.51855,2024-02-01 18:40:00,2024-02-01 18:43:00,4
ACTIVE_POWER_STATION,383.61346,2024-02-01 19:39:00,2024-02-01 19:43:00,5
ACTIVE_POWER_STATION,383.6267,2024-02-01 20:17:00,2024-02-01 20:20:00,4
ACTIVE_POWER_STATION,383.60535,2024-02-01 21:22:00,2024-02-01 21:25:00,4
ACTIVE_POWER_STATION,376.04837,2024-02-04 19:00:00,2024-02-04 19:03:00,4
ACTIVE_POWER_STATION,0.0,2024-02-09 14:12:00,2024-02-09 14:18:00,7
ACTIVE_POWER_STATION,0.0,2024-02-09 14:23:00,2024-02-09 14:26:00,4
ACTIVE_POWER_STATION,0.0,2024-02-09 14:29:00,2024-02-09 14:34:00,6
ACTIVE_POWER_STATION,0.0,2024-02-11 14:05:00,2024-02-11 14:09:00,5
ACTIVE_POWER_STATION,0.0,2024-02-11 20:41:00,2024-02-11 20:46:00,6
ACTIVE_POWER_STATION,360.2973,2024-02-12 18:41:00,2024-02-12 18:44:00,4
ACTIVE_POWER_STATION,360.12527,2024-02-12 19:39:00,2024-02-12 19:43:00,5
ACTIVE_POWER_STATION,356.09607,2024-02-13 07:57:00,2024-02-13 08:02:00,6
ACTIVE_POWER_STATION,356.12787,2024-02-13 08:23:00,2024-02-13 08:26:00,4
ACTIVE_POWER_STATION,360.12207,2024-02-13 12:39:00,2024-02-13 12:43:00,5
ACTIVE_POWER_STATION,360.2202,2024-02-13 14:16:00,2024-02-13 14:19:00,4
ACTIVE_POWER_STATION,360.09595,2024-02-13 15:27:00,2024-02-13 15:30:00,4
ACTIVE_POWER_STATION,360.11566,2024-02-13 16:35:00,2024-02-13 16:38:00,4
ACTIVE_POWER_STATION,360.0329,2024-02-13 16:39:00,2024-02-13 16:42:00,4
ACTIVE_POWER_STATION,359.9479,2024-02-13 17:09:00,2024-02-13 17:13:00,5
ACTIVE_POWER_STATION,360.0329,2024-02-13 17:29:00,2024-02-13 17:32:00,4
ACTIVE_POWER_STATION,352.173,2024-02-13 19:11:00,2024-02-13 19:14:00,4
ACTIVE_POWER_STATION,356.09094,2024-02-13 20:41:00,2024-02-13 20:44:00,4
ACTIVE_POWER_STATION,355.86377,2024-02-13 20:52:00,2024-02-13 20:56:00,5
ACTIVE_POWER_STATION,360.08685,2024-02-14 00:57:00,2024-02-14 01:02:00,6
ACTIVE_POWER_STATION,360.00577,2024-02-14 01:03:00,2024-02-14 01:06:00,4
ACTIVE_POWER_STATION,0.0,2024-02-14 11:27:00,2024-02-14 11:30:00,4
ACTIVE_POWER_STATION,352.13354,2024-02-15 16:36:00,2024-02-15 16:39:00,4
ACTIVE_POWER_STATION,0.0,2024-02-16 17:57:00,2024-02-16 18:01:00,5
ACTIVE_POWER_STATION,342.41223,2024-02-17 15:29:00,2024-02-17 15:34:00,6
ACTIVE_POWER_STATION,346.3215,2024-02-17 22:13:00,2024-02-17 22:16:00,4
ACTIVE_POWER_STATION,346.2682,2024-02-18 07:29:00,2024-02-18 07:32:00,4
ACTIVE_POWER_STATION,346.2322,2024-02-18 10:54:00,2024-02-18 10:58:00,5
ACTIVE_POWER_STATION,346.30438,2024-02-18 11:42:00,2024-02-18 11:45:00,4
ACTIVE_POWER_STATION,346.48712,2024-02-18 19:24:00,2024-02-18 19:28:00,5
ACTIVE_POWER_STATION,346.2578,2024-02-18 19:49:00,2024-02-18 19:52:00,4
ACTIVE_POWER_STATION,346.21164,2024-02-18 20:11:00,2024-02-18 20:16:00,6
ACTIVE_POWER_STATION,346.02914,2024-02-18 20:17:00,2024-02-18 20:22:00,6
ACTIVE_POWER_STATION,345.95728,2024-02-18 20:37:00,2024-02-18 20:41:00,5
ACTIVE_POWER_STATION,346.07965,2024-02-18 22:00:00,2024-02-18 22:03:00,4
ACTIVE_POWER_STATION,346.1289,2024-02-18 23:00:00,2024-02-18 23:05:00,6
ACTIVE_POWER_STATION,345.9478,2024-02-18 23:06:00,2024-02-18 23:10:00,5
ACTIVE_POWER_STATION,346.08276,2024-02-18 23:18:00,2024-02-18 23:21:00,4
ACTIVE_POWER_STATION,340.37067,2024-02-19 16:54:00,2024-02-19 16:58:00,5
ACTIVE_POWER_STATION,344.31073,2024-02-19 21:13:00,2024-02-19 21:16:00,4
ACTIVE_POWER_STATION,344.36282,2024-02-20 00:54:00,2024-02-20 00:58:00,5
ACTIVE_POWER_STATION,342.44714,2024-02-20 09:38:00,2024-02-20 09:41:00,4
ACTIVE_POWER_STATION,81.364,2024-02-26 10:01:00,2024-02-26 10:04:00,4
ACTIVE_POWER_STATION,99.05164,2024-02-26 10:13:00,2024-02-26 10:16:00,4
ACTIVE_POWER_STATION,58.8179,2024-02-28 10:54:00,2024-02-28 10:57:00,4
ACTIVE_POWER_STATION,369.21582,2024-02-29 09:18:00,2024-02-29 09:22:00,5
ACTIVE_POWER_STATION,373.10333,2024-02-29 11:41:00,2024-02-29 11:44:00,4
ACTIVE_POWER_STATION,373.065,2024-02-29 11:48:00,2024-02-29 11:51:00,4
ACTIVE_POWER_STATION,372.88275,2024-02-29 12:06:00,2024-02-29 12:09:00,4
ACTIVE_POWER_STATION,0.0,2024-03-03 14:21:00,2024-03-03 14:25:00,5
ACTIVE_POWER_STATION,0.0,2024-03-03 14:29:00,2024-03-03 14:36:00,8
ACTIVE_POWER_STATION,0.0,2024-03-03 14:40:00,2024-03-03 14:45:00,6
ACTIVE_POWER_STATION,387.20105,2024-03-04 07:31:00,2024-03-04 07:34:00,4
ACTIVE_POWER_STATION,387.17477,2024-03-04 08:07:00,2024-03-04 08:10:00,4
ACTIVE_POWER_STATION,387.22333,2024-03-04 08:15:00,2024-03-04 08:18:00,4
ACTIVE_POWER_STATION,383.45612,2024-03-04 08:31:00,2024-03-04 08:35:00,5
ACTIVE_POWER_STATION,387.19482,2024-03-04 08:43:00,2024-03-04 08:46:00,4
ACTIVE_POWER_STATION,387.161,2024-03-04 09:43:00,2024-03-04 09:46:00,4
ACTIVE_POWER_STATION,387.2968,2024-03-04 10:38:00,2024-03-04 10:42:00,5
ACTIVE_POWER_STATION,387.23953,2024-03-04 10:57:00,2024-03-04 11:00:00,4
ACTIVE_POWER_STATION,387.3806,2024-03-04 11:13:00,2024-03-04 11:17:00,5
ACTIVE_POWER_STATION,387.28857,2024-03-04 14:14:00,2024-03-04 14:17:00,4
ACTIVE_POWER_STATION,387.0998,2024-03-04 14:50:00,2024-03-04 14:54:00,5
ACTIVE_POWER_STATION,387.2057,2024-03-04 15:14:00,2024-03-04 15:18:00,5
ACTIVE_POWER_STATION,387.22595,2024-03-04 15:33:00,2024-03-04 15:36:00,4
ACTIVE_POWER_STATION,387.2364,2024-03-04 16:13:00,2024-03-04 16:16:00,4
ACTIVE_POWER_STATION,387.21143,2024-03-04 16:32:00,2024-03-04 16:35:00,4
ACTIVE_POWER_STATION,387.2557,2024-03-04 16:37:00,2024-03-04 16:41:00,5
ACTIVE_POWER_STATION,387.28076,2024-03-04 16:56:00,2024-03-04 17:00:00,5
ACTIVE_POWER_STATION,383.44553,2024-03-04 19:37:00,2024-03-04 19:40:00,4
ACTIVE_POWER_STATION,383.31772,2024-03-04 19:49:00,2024-03-04 19:54:00,6
ACTIVE_POWER_STATION,383.19473,2024-03-04 20:03:00,2024-03-04 20:06:00,4
ACTIVE_POWER_STATION,387.28223,2024-03-04 20:49:00,2024-03-04 20:54:00,6
ACTIVE_POWER_STATION,387.25482,2024-03-04 20:55:00,2024-03-04 21:00:00,6
ACTIVE_POWER_STATION,387.333,2024-03-04 21:01:00,2024-03-04 21:06:00,6
ACTIVE_POWER_STATION,387.23254,2024-03-04 21:07:00,2024-03-04 21:12:00,6
ACTIVE_POWER_STATION,387.37192,2024-03-04 21:13:00,2024-03-04 21:18:00,6
ACTIVE_POWER_STATION,387.21472,2024-03-04 21:19:00,2024-03-04 21:24:00,6
ACTIVE_POWER_STATION,0.0,2024-03-05 08:20:00,2024-03-05 08:24:00,5
ACTIVE_POWER_STATION,0.0,2024-03-05 08:29:00,2024-03-05 08:32:00,4
ACTIVE_POWER_STATION,378.29895,2024-03-05 20:15:00,2024-03-05 20:18:00,4
ACTIVE_POWER_STATION,0.0,2024-03-08 16:51:00,2024-03-08 17:07:00,17
ACTIVE_POWER_STATION,0.0,2024-03-09 17:18:00,2024-03-09 17:22:00,5
ACTIVE_POWER_STATION,0.0,2024-03-10 02:32:00,2024-03-10 02:35:00,4
ACTIVE_POWER_STATION,0.0,2024-03-10 02:57:00,2024-03-10 03:01:00,5
ACTIVE_POWER_STATION,0.0,2024-03-10 04:53:00,2024-03-10 05:05:00,13
ACTIVE_POWER_STATION,0.0,2024-03-16 21:04:00,2024-03-16 21:07:00,4
ACTIVE_POWER_STATION,377.0747,2024-03-17 12:02:00,2024-03-17 12:05:00,4
ACTIVE_POWER_STATION,377.0219,2024-03-17 12:45:00,2024-03-17 12:48:00,4
ACTIVE_POWER_STATION,387.7185,2024-03-22 10:51:00,2024-03-22 10:54:00,4
ACTIVE_POWER_STATION,387.64764,2024-03-22 11:21:00,2024-03-22 11:25:00,5
ACTIVE_POWER_STATION,355.70682,2024-03-24 00:16:00,2024-03-24 00:21:00,6
ACTIVE_POWER_STATION,355.73627,2024-03-24 00:34:00,2024-03-24 00:39:00,6
ACTIVE_POWER_STATION,355.89142,2024-03-24 00:48:00,2024-03-24 00:51:00,4
ACTIVE_POWER_STATION,375.50055,2024-03-25 15:17:00,2024-03-25 15:22:00,6
ACTIVE_POWER_STATION,371.59644,2024-03-25 15:36:00,2024-03-25 15:40:00,5
ACTIVE_POWER_STATION,371.39822,2024-03-25 17:23:00,2024-03-25 17:27:00,5
ACTIVE_POWER_STATION,375.3687,2024-03-25 20:29:00,2024-03-25 20:33:00,5
ACTIVE_POWER_STATION,0.0,2024-03-27 00:22:00,2024-03-27 00:26:00,5
ACTIVE_POWER_STATION,0.0,2024-03-27 00:32:00,2024-03-27 00:38:00,7
ACTIVE_POWER_STATION,0.0,2024-03-27 00:46:00,2024-03-27 00:49:00,4
ACTIVE_POWER_STATION,0.0,2024-03-27 01:24:00,2024-03-27 01:27:00,4
ACTIVE_POWER_STATION,0.0,2024-03-27 02:31:00,2024-03-27 02:37:00,7
ACTIVE_POWER_STATION,0.0,2024-03-27 02:39:00,2024-03-27 02:47:00,9
ACTIVE_POWER_STATION,387.3717,2024-03-29 04:48:00,2024-03-29 04:52:00,5
ACTIVE_POWER_STATION,387.4101,2024-03-29 04:54:00,2024-03-29 04:58:00,5
ACTIVE_POWER_STATION,387.32318,2024-03-29 07:18:00,2024-03-29 07:22:00,5
ACTIVE_POWER_STATION,387.1804,2024-03-29 08:02:00,2024-03-29 08:05:00,4
ACTIVE_POWER_STATION,387.17883,2024-03-29 08:30:00,2024-03-29 08:34:00,5
ACTIVE_POWER_STATION,387.10623,2024-03-29 08:48:00,2024-03-29 08:53:00,6
ACTIVE_POWER_STATION,350.1502,2024-03-29 09:57:00,2024-03-29 10:01:00,5
ACTIVE_POWER_STATION,0.0,2024-03-29 15:04:00,2024-03-29 15:07:00,4
ACTIVE_POWER_STATION,-3.8218994,2024-03-29 15:28:00,2024-03-29 15:31:00,4
ACTIVE_POWER_STATION,0.0,2024-03-30 14:01:00,2024-03-30 14:04:00,4
ACTIVE_POWER_STATION,387.25723,2024-03-30 20:49:00,2024-03-30 20:52:00,4
ACTIVE_POWER_STATION,0.0,2024-04-01 02:53:00,2024-04-01 03:00:00,8
ACTIVE_POWER_STATION,390.98264,2024-04-01 21:32:00,2024-04-01 21:35:00,4
ACTIVE_POWER_STATION,391.00952,2024-04-01 21:45:00,2024-04-01 21:48:00,4
ACTIVE_POWER_STATION,390.98642,2024-04-01 22:34:00,2024-04-01 22:37:00,4
ACTIVE_POWER_STATION,0.0,2024-04-05 13:27:00,2024-04-05 13:33:00,7
ACTIVE_POWER_STATION,0.0,2024-04-05 13:57:00,2024-04-05 14:00:00,4
ACTIVE_POWER_STATION,0.0,2024-04-05 14:02:00,2024-04-05 14:05:00,4
ACTIVE_POWER_STATION,0.0,2024-04-05 14:39:00,2024-04-05 14:42:00,4
ACTIVE_POWER_STATION,0.0,2024-04-06 02:39:00,2024-04-06 02:42:00,4
ACTIVE_POWER_STATION,0.0,2024-04-06 11:28:00,2024-04-06 11:31:00,4
ACTIVE_POWER_STATION,0.0,2024-04-08 00:34:00,2024-04-08 00:40:00,7
ACTIVE_POWER_STATION,0.0,2024-04-10 02:36:00,2024-04-10 02:40:00,5
ACTIVE_POWER_STATION,383.09393,2024-04-11 01:24:00,2024-04-11 01:27:00,4
ACTIVE_POWER_STATION,387.07037,2024-04-14 00:20:00,2024-04-14 00:23:00,4
ACTIVE_POWER_STATION,387.11017,2024-04-14 00:38:00,2024-04-14 00:43:00,6
ACTIVE_POWER_STATION,387.07977,2024-04-14 00:50:00,2024-04-14 00:55:00,6
ACTIVE_POWER_STATION,387.02216,2024-04-14 01:14:00,2024-04-14 01:19:00,6
ACTIVE_POWER_STATION,387.0805,2024-04-14 06:56:00,2024-04-14 07:01:00,6
ACTIVE_POWER_STATION,387.08276,2024-04-14 07:02:00,2024-04-14 07:07:00,6
ACTIVE_POWER_STATION,317.00702,2024-04-14 14:47:00,2024-04-14 15:14:00,28
ACTIVE_POWER_STATION,346.84033,2024-04-14 15:16:00,2024-04-14 15:19:00,4
ACTIVE_POWER_STATION,341.37158,2024-04-14 15:37:00,2024-04-14 15:40:00,4
ACTIVE_POWER_STATION,0.0,2024-04-15 17:51:00,2024-04-15 17:56:00,6
ACTIVE_POWER_STATION,0.0,2024-04-16 09:18:00,2024-04-16 09:21:00,4
ACTIVE_POWER_STATION,0.0,2024-04-17 22:47:00,2024-04-17 22:54:00,8
ACTIVE_POWER_STATION,0.0,2024-04-18 09:08:00,2024-04-18 09:12:00,5
ACTIVE_POWER_STATION,0.0,2024-04-18 14:16:00,2024-04-18 14:22:00,7
ACTIVE_POWER_STATION,390.89062,2024-04-19 14:46:00,2024-04-19 14:51:00,6
ACTIVE_POWER_STATION,390.78732,2024-04-19 14:54:00,2024-04-19 14:57:00,4
ACTIVE_POWER_STATION,390.81757,2024-04-19 15:52:00,2024-04-19 15:58:00,7
ACTIVE_POWER_STATION,390.71298,2024-04-19 16:04:00,2024-04-19 16:07:00,4
ACTIVE_POWER_STATION,390.61792,2024-04-19 16:17:00,2024-04-19 16:21:00,5
ACTIVE_POWER_STATION,390.58194,2024-04-19 16:24:00,2024-04-19 16:27:00,4
ACTIVE_POWER_STATION,386.67783,2024-04-19 16:34:00,2024-04-19 16:39:00,6
ACTIVE_POWER_STATION,382.80893,2024-04-20 03:35:00,2024-04-20 03:40:00,6
ACTIVE_POWER_STATION,382.69064,2024-04-20 04:00:00,2024-04-20 04:03:00,4
ACTIVE_POWER_STATION,382.7439,2024-04-20 04:35:00,2024-04-20 04:38:00,4
ACTIVE_POWER_STATION,382.73145,2024-04-20 04:41:00,2024-04-20 04:46:00,6
ACTIVE_POWER_STATION,-3.516886,2024-04-22 14:30:00,2024-04-22 14:34:00,5
ACTIVE_POWER_STATION,0.0,2024-04-22 18:30:00,2024-04-22 18:33:00,4
ACTIVE_POWER_STATION,0.0,2024-04-23 01:12:00,2024-04-23 01:20:00,9
ACTIVE_POWER_STATION,0.0,2024-04-23 07:18:00,2024-04-23 07:23:00,6
ACTIVE_POWER_STATION,0.0,2024-04-23 07:32:00,2024-04-23 07:35:00,4
ACTIVE_POWER_STATION,0.0,2024-04-23 08:57:00,2024-04-23 09:01:00,5
ACTIVE_POWER_STATION,-2.9027953,2024-04-23 10:06:00,2024-04-23 10:12:00,7
ACTIVE_POWER_STATION,0.0,2024-04-24 03:02:00,2024-04-24 03:06:00,5
ACTIVE_POWER_STATION,0.0,2024-04-24 12:51:00,2024-04-24 12:56:00,6
ACTIVE_POWER_STATION,0.0,2024-04-24 13:23:00,2024-04-24 13:36:00,14
ACTIVE_POWER_STATION,-3.6013303,2024-04-24 15:09:00,2024-04-24 15:12:00,4
ACTIVE_POWER_STATION,40.275303,2024-04-26 11:34:00,2024-04-26 11:38:00,5
ACTIVE_POWER_STATION,0.0,2024-05-02 08:20:00,2024-05-02 08:24:00,5
ACTIVE_POWER_STATION,0.0,2024-05-02 11:11:00,2024-05-02 11:16:00,6
ACTIVE_POWER_STATION,0.0,2024-05-03 15:07:00,2024-05-03 15:15:00,9
ACTIVE_POWER_STATION,0.0,2024-05-03 15:17:00,2024-05-03 15:22:00,6
ACTIVE_POWER_STATION,111.083496,2024-05-06 16:46:00,2024-05-06 16:50:00,4
ACTIVE_POWER_STATION,0.0,2024-05-07 10:38:00,2024-05-07 10:42:00,5
ACTIVE_POWER_STATION,-2.9397497,2024-05-07 15:25:00,2024-05-07 15:28:00,4
ACTIVE_POWER_STATION,0.0,2024-05-09 10:58:00,2024-05-09 11:02:00,5
ACTIVE_POWER_STATION,391.03418,2024-05-10 13:29:00,2024-05-10 13:32:00,4
ACTIVE_POWER_STATION,391.11108,2024-05-10 13:47:00,2024-05-10 13:50:00,4
ACTIVE_POWER_STATION,390.9909,2024-05-10 14:17:00,2024-05-10 14:20:00,4
ACTIVE_POWER_STATION,392.26605,2024-05-10 15:53:00,2024-05-10 15:56:00,4
ACTIVE_POWER_STATION,393.8173,2024-05-11 02:11:00,2024-05-11 02:16:00,6
ACTIVE_POWER_STATION,0.0,2024-05-11 16:54:00,2024-05-11 16:57:00,4
ACTIVE_POWER_STATION,390.28928,2024-05-16 20:56:00,2024-05-16 21:01:00,6
ACTIVE_POWER_STATION,390.2307,2024-05-16 21:56:00,2024-05-16 22:01:00,6
ACTIVE_POWER_STATION,390.17047,2024-05-16 22:08:00,2024-05-16 22:11:00,4
ACTIVE_POWER_STATION,390.1648,2024-05-16 23:56:00,2024-05-16 23:59:00,4
ACTIVE_POWER_STATION,390.02176,2024-05-17 01:08:00,2024-05-17 01:12:00,5
ACTIVE_POWER_STATION,384.8873,2024-05-17 21:59:00,2024-05-17 22:02:00,4
ACTIVE_POWER_STATION,384.81073,2024-05-17 23:39:00,2024-05-17 23:43:00,5
ACTIVE_POWER_STATION,384.78107,2024-05-18 00:53:00,2024-05-18 00:56:00,4
ACTIVE_POWER_STATION,384.56256,2024-05-18 11:27:00,2024-05-18 11:31:00,5
ACTIVE_POWER_STATION,384.55865,2024-05-18 12:17:00,2024-05-18 12:20:00,4
ACTIVE_POWER_STATION,384.60345,2024-05-18 12:21:00,2024-05-18 12:24:00,4
ACTIVE_POWER_STATION,384.5343,2024-05-18 12:39:00,2024-05-18 12:42:00,4
ACTIVE_POWER_STATION,384.6084,2024-05-18 12:51:00,2024-05-18 12:54:00,4
ACTIVE_POWER_STATION,384.4997,2024-05-18 13:11:00,2024-05-18 13:14:00,4
ACTIVE_POWER_STATION,0.0,2024-05-21 03:14:00,2024-05-21 03:19:00,6
ACTIVE_POWER_STATION,0.0,2024-05-21 05:56:00,2024-05-21 05:59:00,4
ACTIVE_POWER_STATION,0.0,2024-05-23 09:49:00,2024-05-23 09:54:00,6
ACTIVE_POWER_STATION,-3.8286276,2024-05-23 10:35:00,2024-05-23 10:38:00,4
ACTIVE_POWER_STATION,0.0,2024-05-24 10:38:00,2024-05-24 10:41:00,4
ACTIVE_POWER_STATION,0.0,2024-05-24 11:43:00,2024-05-24 11:46:00,4
ACTIVE_POWER_STATION,0.0,2024-05-26 13:26:00,2024-05-26 13:29:00,4
ACTIVE_POWER_STATION,0.0,2024-06-01 17:57:00,2024-06-01 18:01:00,5
ACTIVE_POWER_STATION,0.0,2024-06-02 17:44:00,2024-06-02 17:48:00,5
ACTIVE_POWER_STATION,0.0,2024-06-06 08:05:00,2024-06-06 08:11:00,7
ACTIVE_POWER_STATION,-3.613634,2024-06-06 14:15:00,2024-06-06 14:20:00,6
ACTIVE_POWER_STATION,0.0,2024-06-13 01:35:00,2024-06-13 01:38:00,4
ACTIVE_POWER_STATION,0.0,2024-06-13 12:52:00,2024-06-13 12:57:00,6
ACTIVE_POWER_STATION,0.0,2024-06-13 13:07:00,2024-06-13 13:14:00,8
ACTIVE_POWER_STATION,0.0,2024-06-15 11:42:00,2024-06-15 11:49:00,8
ACTIVE_POWER_STATION,0.0,2024-06-17 03:34:00,2024-06-17 03:38:00,5
ACTIVE_POWER_STATION,0.0,2024-06-17 09:32:00,2024-06-17 09:44:00,13
ACTIVE_POWER_STATION,389.98962,2024-06-19 09:44:00,2024-06-19 09:47:00,4
ACTIVE_POWER_STATION,386.34787,2024-06-22 05:20:00,2024-06-22 05:25:00,6
ACTIVE_POWER_STATION,386.19275,2024-06-22 05:26:00,2024-06-22 05:31:00,6
ACTIVE_POWER_STATION,386.19974,2024-06-22 05:39:00,2024-06-22 05:42:00,4
ACTIVE_POWER_STATION,385.97217,2024-06-22 09:50:00,2024-06-22 09:54:00,5
ACTIVE_POWER_STATION,383.66663,2024-06-23 17:16:00,2024-06-23 17:19:00,4
ACTIVE_POWER_STATION,0.0,2024-06-25 21:52:00,2024-06-25 21:55:00,4
ACTIVE_POWER_STATION,0.0,2024-06-26 11:15:00,2024-06-26 11:20:00,6
ACTIVE_POWER_STATION,-1.016098,2024-06-26 11:25:00,2024-06-26 11:32:00,7
ACTIVE_POWER_STATION,56.400345,2024-07-01 11:24:00,2024-07-01 12:44:00,75
ACTIVE_POWER_STATION,16.633892,2024-07-01 12:46:00,2024-07-01 12:50:00,5
ACTIVE_POWER_STATION,38.08285,2024-07-01 13:08:00,2024-07-01 13:12:00,5
ACTIVE_POWER_STATION,33.000813,2024-07-01 13:13:00,2024-07-01 13:16:00,4
ACTIVE_POWER_STATION,109.626434,2024-07-01 16:22:00,2024-07-01 16:28:00,7
ACTIVE_POWER_STATION,374.3079,2024-07-01 22:26:00,2024-07-01 22:29:00,4
ACTIVE_POWER_STATION,374.15344,2024-07-01 22:31:00,2024-07-01 22:35:00,5
ACTIVE_POWER_STATION,373.97662,2024-07-01 22:42:00,2024-07-01 22:45:00,4
ACTIVE_POWER_STATION,374.06964,2024-07-01 23:01:00,2024-07-01 23:04:00,4
ACTIVE_POWER_STATION,355.94513,2024-07-02 13:49:00,2024-07-02 13:52:00,4
ACTIVE_POWER_STATION,188.32703,2024-07-02 17:05:00,2024-07-02 17:08:00,4
ACTIVE_POWER_STATION,149.79019,2024-07-02 17:46:00,2024-07-02 17:51:00,6
ACTIVE_POWER_STATION,-4.995409,2024-07-04 22:21:00,2024-07-04 22:33:00,13
ACTIVE_POWER_STATION,50.715836,2024-07-05 11:14:00,2024-07-05 11:17:00,4
ACTIVE_POWER_STATION,76.34339,2024-07-05 11:29:00,2024-07-05 11:32:00,4
ACTIVE_POWER_STATION,193.32617,2024-07-05 16:49:00,2024-07-05 16:55:00,7
ACTIVE_POWER_STATION,352.2517,2024-07-05 18:54:00,2024-07-05 18:57:00,4
ACTIVE_POWER_STATION,383.81577,2024-07-05 19:52:00,2024-07-05 19:55:00,4
ACTIVE_POWER_STATION,383.956,2024-07-05 19:56:00,2024-07-05 20:01:00,6
ACTIVE_POWER_STATION,385.6136,2024-07-05 20:20:00,2024-07-05 20:24:00,5
ACTIVE_POWER_STATION,385.66705,2024-07-05 20:32:00,2024-07-05 20:36:00,5
ACTIVE_POWER_STATION,385.53537,2024-07-05 21:02:00,2024-07-05 21:07:00,6
ACTIVE_POWER_STATION,385.44446,2024-07-05 22:04:00,2024-07-05 22:07:00,4
ACTIVE_POWER_STATION,389.48773,2024-07-05 23:08:00,2024-07-05 23:12:00,5
ACTIVE_POWER_STATION,389.53397,2024-07-05 23:27:00,2024-07-05 23:30:00,4
ACTIVE_POWER_STATION,385.4342,2024-07-06 00:58:00,2024-07-06 01:01:00,4
ACTIVE_POWER_STATION,385.50977,2024-07-06 02:45:00,2024-07-06 02:48:00,4
ACTIVE_POWER_STATION,381.57703,2024-07-06 03:38:00,2024-07-06 03:42:00,5
ACTIVE_POWER_STATION,381.6315,2024-07-06 03:45:00,2024-07-06 03:48:00,4
ACTIVE_POWER_STATION,381.44794,2024-07-06 04:08:00,2024-07-06 04:11:00,4
ACTIVE_POWER_STATION,381.4892,2024-07-06 04:33:00,2024-07-06 04:37:00,5
ACTIVE_POWER_STATION,381.465,2024-07-06 04:50:00,2024-07-06 04:55:00,6
ACTIVE_POWER_STATION,373.9946,2024-07-07 20:39:00,2024-07-07 20:44:00,6
ACTIVE_POWER_STATION,373.93707,2024-07-07 20:45:00,2024-07-07 20:50:00,6
ACTIVE_POWER_STATION,369.58517,2024-07-07 22:45:00,2024-07-07 22:50:00,6
ACTIVE_POWER_STATION,385.46115,2024-07-08 21:52:00,2024-07-08 21:57:00,6
ACTIVE_POWER_STATION,383.4956,2024-07-08 22:28:00,2024-07-08 22:33:00,6
ACTIVE_POWER_STATION,383.3062,2024-07-08 22:34:00,2024-07-08 22:39:00,6
ACTIVE_POWER_STATION,383.4357,2024-07-08 22:40:00,2024-07-08 22:45:00,6
ACTIVE_POWER_STATION,383.35504,2024-07-08 22:52:00,2024-07-08 22:57:00,6
ACTIVE_POWER_STATION,383.36505,2024-07-08 22:58:00,2024-07-08 23:03:00,6
ACTIVE_POWER_STATION,-4.4109774,2024-07-10 12:31:00,2024-07-10 13:54:00,8
ACTIVE_POWER_STATION,-3.9829676,2024-07-10 16:22:00,2024-07-10 16:29:00,8
ACTIVE_POWER_STATION,18.756811,2024-07-11 13:25:00,2024-07-11 13:28:00,4
ACTIVE_POWER_STATION,5.513061,2024-07-11 15:10:00,2024-07-11 15:13:00,4
ACTIVE_POWER_STATION,0.0,2024-07-11 16:13:00,2024-07-11 16:16:00,4
ACTIVE_POWER_STATION,0.0,2024-07-11 20:29:00,2024-07-11 20:32:00,4
ACTIVE_POWER_STATION,0.0,2024-07-12 05:29:00,2024-07-12 05:33:00,5
ACTIVE_POWER_STATION,0.0,2024-07-12 05:39:00,2024-07-12 05:53:00,15
ACTIVE_POWER_STATION,33.414852,2024-07-12 11:18:00,2024-07-12 11:24:00,7
ACTIVE_POWER_STATION,369.5035,2024-07-16 16:25:00,2024-07-16 16:28:00,4
ACTIVE_POWER_STATION,369.58823,2024-07-16 16:50:00,2024-07-16 16:54:00,5
ACTIVE_POWER_STATION,369.403,2024-07-16 16:55:00,2024-07-16 17:00:00,6
ACTIVE_POWER_STATION,373.50525,2024-07-16 19:38:00,2024-07-16 19:42:00,5
ACTIVE_POWER_STATION,373.5614,2024-07-17 02:14:00,2024-07-17 02:17:00,4
ACTIVE_POWER_STATION,369.6323,2024-07-17 03:56:00,2024-07-17 03:59:00,4
ACTIVE_POWER_STATION,369.58847,2024-07-18 00:02:00,2024-07-18 00:07:00,6
ACTIVE_POWER_STATION,369.60974,2024-07-18 00:32:00,2024-07-18 00:35:00,4
ACTIVE_POWER_STATION,369.52316,2024-07-18 00:45:00,2024-07-18 00:49:00,5
ACTIVE_POWER_STATION,369.61252,2024-07-18 01:02:00,2024-07-18 01:07:00,6
ACTIVE_POWER_STATION,369.53238,2024-07-18 01:28:00,2024-07-18 01:31:00,4
ACTIVE_POWER_STATION,365.4848,2024-07-18 01:56:00,2024-07-18 02:01:00,6
ACTIVE_POWER_STATION,365.3155,2024-07-18 02:02:00,2024-07-18 02:07:00,6
ACTIVE_POWER_STATION,365.42807,2024-07-18 02:08:00,2024-07-18 02:13:00,6
ACTIVE_POWER_STATION,365.54645,2024-07-18 02:32:00,2024-07-18 02:37:00,6
ACTIVE_POWER_STATION,373.73233,2024-07-21 20:34:00,2024-07-21 20:39:00,6
ACTIVE_POWER_STATION,369.49268,2024-07-21 23:41:00,2024-07-21 23:45:00,5
ACTIVE_POWER_STATION,345.40344,2024-07-25 10:43:00,2024-07-25 11:14:00,28
ACTIVE_POWER_STATION,348.667,2024-07-25 11:15:00,2024-07-25 11:29:00,15
ACTIVE_POWER_STATION,338.2296,2024-07-25 13:18:00,2024-07-25 13:50:00,30
ACTIVE_POWER_STATION,293.36517,2024-07-25 13:52:00,2024-07-25 14:06:00,15
ACTIVE_POWER_STATION,336.73367,2024-07-25 15:08:00,2024-07-25 15:38:00,28
ACTIVE_POWER_STATION,342.72977,2024-07-25 15:40:00,2024-07-25 15:54:00,15
ACTIVE_POWER_STATION,352.26392,2024-07-25 17:43:00,2024-07-25 17:47:00,5
ACTIVE_POWER_STATION,345.9663,2024-07-29 08:21:00,2024-07-29 08:25:00,5
LIMIT_POWER,399.9878,2023-09-21 00:00:00,2023-09-24 00:12:00,4333
LIMIT_POWER,399.51904,2023-09-24 00:13:00,2023-09-24 00:18:00,6
LIMIT_POWER,399.63623,2023-09-24 00:19:00,2023-09-24 00:54:00,36
LIMIT_POWER,399.9878,2023-09-24 00:55:00,2023-09-25 04:42:00,1661
LIMIT_POWER,399.8706,2023-09-25 04:43:00,2023-09-25 07:30:00,168
LIMIT_POWER,399.2114,2023-09-25 07:31:00,2023-09-25 07:36:00,6
LIMIT_POWER,399.9878,2023-09-25 07:37:00,2023-09-25 08:04:00,28
LIMIT_POWER,399.94385,2023-09-25 08:07:00,2023-09-25 08:12:00,6
LIMIT_POWER,399.9878,2023-09-25 08:13:00,2023-09-25 08:18:00,6
LIMIT_POWER,399.76807,2023-09-25 08:19:00,2023-09-25 08:24:00,6
LIMIT_POWER,399.9878,2023-09-25 08:25:00,2023-09-25 10:18:00,114
LIMIT_POWER,399.91455,2023-09-25 10:19:00,2023-09-25 10:24:00,6
LIMIT_POWER,399.9878,2023-09-25 10:25:00,2023-09-25 10:30:00,6
LIMIT_POWER,399.63623,2023-09-25 10:31:00,2023-09-25 11:48:00,78
LIMIT_POWER,399.9878,2023-09-25 11:49:00,2023-09-25 13:37:00,109
LIMIT_POWER,399.72412,2023-09-25 13:38:00,2023-09-25 13:43:00,6
LIMIT_POWER,399.9878,2023-09-25 13:44:00,2023-09-25 13:55:00,12
LIMIT_POWER,399.88525,2023-09-25 13:56:00,2023-09-26 01:43:00,708
LIMIT_POWER,399.9878,2023-09-26 01:44:00,2023-09-26 12:16:00,633
LIMIT_POWER,399.97314,2023-09-26 12:20:00,2023-09-26 12:25:00,6
LIMIT_POWER,399.9878,2023-09-26 12:26:00,2023-09-26 12:55:00,30
LIMIT_POWER,399.35788,2023-09-26 12:56:00,2023-09-26 16:01:00,186
LIMIT_POWER,399.9878,2023-09-26 16:02:00,2023-09-26 16:42:00,41
LIMIT_POWER,399.0942,2023-09-26 16:43:00,2023-09-28 06:59:00,2297
LIMIT_POWER,399.9878,2023-09-28 07:00:00,2023-09-28 15:32:00,513
LIMIT_POWER,399.72412,2023-09-28 15:33:00,2023-09-28 15:38:00,6
LIMIT_POWER,399.9878,2023-09-28 15:39:00,2023-09-28 16:08:00,30
LIMIT_POWER,399.85596,2023-09-28 16:09:00,2023-09-28 16:14:00,6
LIMIT_POWER,399.7827,2023-09-28 16:15:00,2023-09-28 16:44:00,30
LIMIT_POWER,399.9878,2023-09-28 16:45:00,2023-09-28 16:50:00,6
LIMIT_POWER,399.65088,2023-09-28 16:51:00,2023-09-28 16:56:00,6
LIMIT_POWER,399.9878,2023-09-28 16:57:00,2023-09-28 18:49:00,113
LIMIT_POWER,399.16745,2023-09-28 18:50:00,2023-09-28 18:54:00,5
LIMIT_POWER,399.9878,2023-09-28 18:55:00,2023-09-28 20:38:00,104
LIMIT_POWER,399.82666,2023-09-28 20:39:00,2023-09-28 20:44:00,6
LIMIT_POWER,399.9878,2023-09-28 20:45:00,2023-09-28 22:26:00,102
LIMIT_POWER,399.85596,2023-09-28 22:27:00,2023-09-28 22:32:00,6
LIMIT_POWER,399.2993,2023-09-28 22:33:00,2023-09-29 09:32:00,660
LIMIT_POWER,399.9878,2023-09-29 09:33:00,2023-09-29 10:02:00,30
LIMIT_POWER,399.40182,2023-09-29 10:03:00,2023-09-29 10:08:00,6
LIMIT_POWER,399.41647,2023-09-29 10:09:00,2023-09-29 10:14:00,6
LIMIT_POWER,399.9878,2023-09-29 10:15:00,2023-09-30 00:43:00,869
LIMIT_POWER,397.36563,2023-09-30 00:44:00,2023-09-30 04:14:00,211
LIMIT_POWER,399.9878,2023-09-30 04:15:00,2023-09-30 04:54:00,40
LIMIT_POWER,398.90378,2023-09-30 04:55:00,2023-09-30 06:45:00,111
LIMIT_POWER,399.9878,2023-09-30 06:46:00,2023-10-03 00:20:00,3935
LIMIT_POWER,399.13815,2023-10-03 00:23:00,2023-10-03 01:10:00,48
LIMIT_POWER,399.9878,2023-10-03 01:11:00,2023-10-03 12:43:00,693
LIMIT_POWER,399.9878,2023-10-03 12:45:00,2023-10-05 07:43:00,2579
LIMIT_POWER,399.9878,2023-10-05 07:55:00,2023-10-05 07:59:00,5
LIMIT_POWER,79.99756,2023-10-05 08:07:00,2023-10-05 10:18:00,132
LIMIT_POWER,399.9878,2023-10-05 10:26:00,2023-10-05 12:48:00,143
LIMIT_POWER,79.99756,2023-10-05 12:59:00,2023-10-05 14:33:00,95
LIMIT_POWER,399.9878,2023-10-05 14:41:00,2023-10-10 07:03:00,6743
LIMIT_POWER,399.0649,2023-10-10 07:04:00,2023-10-10 10:37:00,214
LIMIT_POWER,399.9878,2023-10-10 10:38:00,2023-10-11 10:21:00,1424
LIMIT_POWER,399.9878,2023-10-11 10:23:00,2023-10-11 10:26:00,4
LIMIT_POWER,399.73877,2023-10-11 10:27:00,2023-10-11 10:32:00,6
LIMIT_POWER,399.9878,2023-10-11 10:33:00,2023-10-11 12:32:00,120
LIMIT_POWER,399.73877,2023-10-11 12:33:00,2023-10-11 13:08:00,36
LIMIT_POWER,399.82666,2023-10-11 13:09:00,2023-10-11 13:14:00,6
LIMIT_POWER,399.9878,2023-10-11 13:15:00,2023-10-11 13:38:00,24
LIMIT_POWER,399.8999,2023-10-11 13:39:00,2023-10-11 13:56:00,18
LIMIT_POWER,399.82666,2023-10-11 13:57:00,2023-10-11 14:02:00,6
LIMIT_POWER,399.9878,2023-10-11 14:03:00,2023-10-13 09:09:00,2564
LIMIT_POWER,399.65088,2023-10-13 09:10:00,2023-10-13 09:15:00,6
LIMIT_POWER,399.2407,2023-10-13 09:16:00,2023-10-13 10:09:00,54
LIMIT_POWER,399.9878,2023-10-13 10:10:00,2023-10-13 10:15:00,6
LIMIT_POWER,399.50436,2023-10-13 10:16:00,2023-10-13 10:21:00,6
LIMIT_POWER,399.9878,2023-10-13 10:22:00,2023-10-13 10:27:00,6
LIMIT_POWER,399.79736,2023-10-13 10:28:00,2023-10-13 10:33:00,6
LIMIT_POWER,399.9878,2023-10-13 10:34:00,2023-10-13 11:57:00,84
LIMIT_POWER,399.91455,2023-10-13 11:58:00,2023-10-13 12:03:00,6
LIMIT_POWER,399.9878,2023-10-13 12:04:00,2023-10-13 12:09:00,6
LIMIT_POWER,399.9585,2023-10-13 12:10:00,2023-10-13 12:15:00,6
LIMIT_POWER,399.9878,2023-10-13 12:16:00,2023-10-13 22:16:00,601
LIMIT_POWER,399.9292,2023-10-13 22:17:00,2023-10-13 23:34:00,78
LIMIT_POWER,399.9878,2023-10-13 23:35:00,2023-10-14 15:40:00,966
LIMIT_POWER,399.82666,2023-10-14 15:41:00,2023-10-14 15:46:00,6
LIMIT_POWER,399.9878,2023-10-14 15:47:00,2023-10-15 06:46:00,900
LIMIT_POWER,399.9878,2023-10-15 06:48:00,2023-10-15 11:40:00,293
LIMIT_POWER,399.8706,2023-10-15 11:41:00,2023-10-15 13:52:00,132
LIMIT_POWER,399.9878,2023-10-15 13:53:00,2023-10-16 04:06:00,854
LIMIT_POWER,399.9878,2023-10-16 04:08:00,2023-10-16 10:04:00,357
LIMIT_POWER,399.9878,2023-10-16 10:06:00,2023-10-17 19:47:00,2022
LIMIT_POWER,399.60693,2023-10-17 19:48:00,2023-10-17 19:53:00,6
LIMIT_POWER,399.66553,2023-10-17 19:54:00,2023-10-17 19:59:00,6
LIMIT_POWER,399.9878,2023-10-17 20:00:00,2023-10-19 18:36:00,2797
LIMIT_POWER,399.70947,2023-10-19 18:37:00,2023-10-19 18:42:00,6
LIMIT_POWER,399.94385,2023-10-19 18:43:00,2023-10-19 18:48:00,6
LIMIT_POWER,399.9878,2023-10-19 18:49:00,2023-10-20 10:52:00,964
LIMIT_POWER,79.99756,2023-10-20 10:57:00,2023-10-20 13:30:00,154
LIMIT_POWER,319.99023,2023-10-20 13:36:00,2023-10-20 13:39:00,4
LIMIT_POWER,399.9878,2023-10-20 13:40:00,2023-10-21 15:38:00,1558
LIMIT_POWER,399.9878,2023-10-21 15:40:00,2023-10-22 11:19:00,1180
LIMIT_POWER,399.9878,2023-10-22 11:23:00,2023-10-22 11:34:00,12
LIMIT_POWER,399.9878,2023-10-22 11:36:00,2023-10-22 12:50:00,75
LIMIT_POWER,399.38718,2023-10-22 12:51:00,2023-10-22 12:56:00,6
LIMIT_POWER,399.37253,2023-10-22 12:57:00,2023-10-22 15:44:00,168
LIMIT_POWER,399.9878,2023-10-22 15:45:00,2023-10-23 05:02:00,798
LIMIT_POWER,399.9585,2023-10-23 05:03:00,2023-10-23 08:20:00,198
LIMIT_POWER,399.812,2023-10-23 08:21:00,2023-10-23 08:26:00,6
LIMIT_POWER,399.9878,2023-10-23 08:27:00,2023-10-23 09:14:00,48
LIMIT_POWER,399.8413,2023-10-23 09:15:00,2023-10-23 09:38:00,24
LIMIT_POWER,399.9878,2023-10-23 09:39:00,2023-10-23 10:32:00,54
LIMIT_POWER,399.563,2023-10-23 10:33:00,2023-10-23 14:26:00,234
LIMIT_POWER,399.9878,2023-10-23 14:27:00,2023-10-24 13:03:00,1357
LIMIT_POWER,399.50436,2023-10-24 13:04:00,2023-10-24 13:09:00,6
LIMIT_POWER,399.9878,2023-10-24 13:10:00,2023-10-24 13:15:00,6
LIMIT_POWER,399.7827,2023-10-24 13:16:00,2023-10-24 15:39:00,144
LIMIT_POWER,399.9878,2023-10-24 15:40:00,2023-11-04 18:36:00,16016
LIMIT_POWER,399.82666,2023-11-04 18:37:00,2023-11-04 18:41:00,5
LIMIT_POWER,399.79736,2023-11-04 18:42:00,2023-11-04 18:59:00,18
LIMIT_POWER,399.9878,2023-11-04 19:00:00,2023-11-06 09:27:00,2308
LIMIT_POWER,79.99756,2023-11-06 09:36:00,2023-11-06 14:28:00,293
LIMIT_POWER,399.9878,2023-11-06 14:36:00,2023-11-07 06:20:00,945
LIMIT_POWER,399.9878,2023-11-07 06:23:00,2023-11-07 06:31:00,9
LIMIT_POWER,399.9878,2023-11-07 06:36:00,2023-11-12 10:58:00,7463
LIMIT_POWER,79.99756,2023-11-12 11:06:00,2023-11-12 12:13:00,68
LIMIT_POWER,399.9878,2023-11-12 12:21:00,2023-11-12 12:59:00,39
LIMIT_POWER,79.99756,2023-11-12 13:06:00,2023-11-12 14:13:00,68
LIMIT_POWER,399.9878,2023-11-12 14:21:00,2023-11-14 06:32:00,2412
LIMIT_POWER,399.7827,2023-11-14 06:33:00,2023-11-14 06:38:00,6
LIMIT_POWER,399.91455,2023-11-14 06:39:00,2023-11-14 09:50:00,192
LIMIT_POWER,399.9878,2023-11-14 09:51:00,2023-11-14 21:20:00,690
LIMIT_POWER,399.28464,2023-11-14 21:21:00,2023-11-14 21:26:00,6
LIMIT_POWER,399.9878,2023-11-14 21:27:00,2023-11-14 22:08:00,42
LIMIT_POWER,399.25534,2023-11-14 22:09:00,2023-11-14 22:20:00,12
LIMIT_POWER,399.9878,2023-11-14 22:21:00,2023-11-14 22:25:00,5
LIMIT_POWER,398.44965,2023-11-14 22:26:00,2023-11-14 22:32:00,7
LIMIT_POWER,399.9878,2023-11-14 22:34:00,2023-11-14 22:50:00,17
LIMIT_POWER,399.8999,2023-11-14 22:51:00,2023-11-14 22:56:00,6
LIMIT_POWER,399.34323,2023-11-14 22:57:00,2023-11-14 23:02:00,6
LIMIT_POWER,399.9878,2023-11-14 23:03:00,2023-11-15 01:02:00,120
LIMIT_POWER,399.8706,2023-11-15 01:03:00,2023-11-15 01:08:00,6
LIMIT_POWER,399.9878,2023-11-15 01:09:00,2023-11-15 23:45:00,1357
LIMIT_POWER,399.9878,2023-11-15 23:47:00,2023-11-16 00:01:00,15
LIMIT_POWER,399.9878,2023-11-16 00:03:00,2023-11-16 00:31:00,29
LIMIT_POWER,398.4057,2023-11-16 00:32:00,2023-11-16 01:09:00,38
LIMIT_POWER,399.9878,2023-11-16 01:10:00,2023-11-16 02:39:00,90
LIMIT_POWER,399.76807,2023-11-16 02:40:00,2023-11-16 02:45:00,6
LIMIT_POWER,399.9878,2023-11-16 02:46:00,2023-11-17 12:54:00,2049
LIMIT_POWER,79.99756,2023-11-17 13:02:00,2023-11-17 14:09:00,68
LIMIT_POWER,399.9878,2023-11-17 14:17:00,2023-11-18 23:22:00,1986
LIMIT_POWER,399.70947,2023-11-18 23:23:00,2023-11-18 23:28:00,6
LIMIT_POWER,399.94385,2023-11-18 23:29:00,2023-11-18 23:34:00,6
LIMIT_POWER,399.9878,2023-11-18 23:35:00,2023-11-19 13:52:00,858
LIMIT_POWER,399.94385,2023-11-19 13:53:00,2023-11-19 22:04:00,492
LIMIT_POWER,399.9878,2023-11-19 22:05:00,2023-11-19 22:40:00,36
LIMIT_POWER,399.27,2023-11-19 22:41:00,2023-11-20 03:29:00,289
LIMIT_POWER,399.9878,2023-11-20 03:30:00,2023-11-23 07:54:00,4585
LIMIT_POWER,399.812,2023-11-23 07:55:00,2023-11-23 08:00:00,6
LIMIT_POWER,399.94385,2023-11-23 08:01:00,2023-11-23 08:48:00,48
LIMIT_POWER,399.9878,2023-11-23 08:49:00,2023-11-23 10:05:00,77
LIMIT_POWER,399.9878,2023-11-23 10:07:00,2023-11-28 21:08:00,7862
LIMIT_POWER,399.9878,2023-11-28 21:10:00,2023-11-29 06:15:00,546
LIMIT_POWER,399.31393,2023-11-29 06:16:00,2023-11-29 06:27:00,12
LIMIT_POWER,399.9878,2023-11-29 06:28:00,2023-12-02 00:50:00,3983
LIMIT_POWER,399.02097,2023-12-02 00:53:00,2023-12-02 00:58:00,6
LIMIT_POWER,399.0942,2023-12-02 00:59:00,2023-12-02 01:17:00,19
LIMIT_POWER,399.9878,2023-12-02 01:18:00,2023-12-02 01:22:00,5
LIMIT_POWER,399.94385,2023-12-02 01:23:00,2023-12-02 01:28:00,6
LIMIT_POWER,399.9878,2023-12-02 01:29:00,2023-12-03 01:12:00,1424
LIMIT_POWER,399.9878,2023-12-03 01:14:00,2023-12-03 02:35:00,82
LIMIT_POWER,399.94385,2023-12-03 02:36:00,2023-12-04 03:35:00,1500
LIMIT_POWER,399.9878,2023-12-04 03:36:00,2023-12-04 05:17:00,102
LIMIT_POWER,399.2993,2023-12-04 05:18:00,2023-12-04 05:23:00,6
LIMIT_POWER,399.9878,2023-12-04 05:24:00,2023-12-04 05:29:00,6
LIMIT_POWER,399.46042,2023-12-04 05:30:00,2023-12-04 10:23:00,294
LIMIT_POWER,399.9878,2023-12-04 10:24:00,2023-12-04 12:40:00,137
LIMIT_POWER,399.94385,2023-12-04 12:42:00,2023-12-04 12:48:00,7
LIMIT_POWER,399.9878,2023-12-04 12:49:00,2023-12-04 13:06:00,18
LIMIT_POWER,399.44577,2023-12-04 13:07:00,2023-12-04 13:11:00,5
LIMIT_POWER,399.9878,2023-12-04 13:12:00,2023-12-04 22:52:00,581
LIMIT_POWER,398.99167,2023-12-04 22:53:00,2023-12-04 23:02:00,10
LIMIT_POWER,399.9878,2023-12-04 23:03:00,2023-12-05 07:23:00,501
LIMIT_POWER,399.9878,2023-12-05 07:25:00,2023-12-05 12:18:00,294
LIMIT_POWER,399.88525,2023-12-05 12:19:00,2023-12-05 17:48:00,330
LIMIT_POWER,399.9878,2023-12-05 17:49:00,2023-12-06 21:07:00,1639
LIMIT_POWER,399.85596,2023-12-06 21:08:00,2023-12-07 03:13:00,366
LIMIT_POWER,399.9878,2023-12-07 03:14:00,2023-12-09 10:32:00,3319
LIMIT_POWER,399.72412,2023-12-09 10:33:00,2023-12-09 10:38:00,6
LIMIT_POWER,399.69482,2023-12-09 10:39:00,2023-12-09 10:56:00,18
LIMIT_POWER,399.9878,2023-12-09 10:57:00,2023-12-09 11:38:00,42
LIMIT_POWER,399.66553,2023-12-09 11:39:00,2023-12-09 19:02:00,444
LIMIT_POWER,399.72412,2023-12-09 19:03:00,2023-12-09 19:08:00,6
LIMIT_POWER,399.9878,2023-12-09 19:09:00,2023-12-10 17:27:00,1339
LIMIT_POWER,399.94385,2023-12-10 17:28:00,2023-12-10 17:33:00,6
LIMIT_POWER,399.9878,2023-12-10 17:34:00,2023-12-11 01:57:00,504
LIMIT_POWER,399.46042,2023-12-11 01:58:00,2023-12-11 02:03:00,6
LIMIT_POWER,399.9878,2023-12-11 02:04:00,2023-12-11 06:15:00,252
LIMIT_POWER,399.94385,2023-12-11 06:16:00,2023-12-11 06:45:00,30
LIMIT_POWER,399.9878,2023-12-11 06:46:00,2023-12-11 07:36:00,51
LIMIT_POWER,399.9878,2023-12-11 07:38:00,2023-12-13 00:21:00,2444
LIMIT_POWER,399.9878,2023-12-13 00:24:00,2023-12-13 11:17:00,654
LIMIT_POWER,398.50824,2023-12-13 11:18:00,2023-12-13 12:21:00,64
LIMIT_POWER,399.9878,2023-12-13 12:22:00,2023-12-13 13:09:00,48
LIMIT_POWER,399.0356,2023-12-13 13:10:00,2023-12-13 13:45:00,36
LIMIT_POWER,399.9878,2023-12-13 13:46:00,2023-12-14 07:58:00,1091
LIMIT_POWER,399.69482,2023-12-14 07:59:00,2023-12-14 08:04:00,6
LIMIT_POWER,399.9878,2023-12-14 08:05:00,2023-12-14 09:56:00,112
LIMIT_POWER,399.75342,2023-12-14 09:59:00,2023-12-14 10:04:00,6
LIMIT_POWER,399.9878,2023-12-14 10:05:00,2023-12-14 15:47:00,343
LIMIT_POWER,399.9292,2023-12-14 15:48:00,2023-12-14 15:59:00,12
LIMIT_POWER,399.9878,2023-12-14 16:00:00,2023-12-14 16:47:00,48
LIMIT_POWER,399.44577,2023-12-14 16:48:00,2023-12-14 17:35:00,48
LIMIT_POWER,399.69482,2023-12-14 17:36:00,2023-12-14 17:41:00,6
LIMIT_POWER,399.9878,2023-12-14 17:42:00,2023-12-14 23:04:00,323
LIMIT_POWER,398.728,2023-12-14 23:05:00,2023-12-14 23:45:00,41
LIMIT_POWER,399.9878,2023-12-14 23:46:00,2023-12-18 00:33:00,4368
LIMIT_POWER,399.9878,2023-12-18 00:36:00,2023-12-18 01:35:00,60
LIMIT_POWER,399.9878,2023-12-18 01:37:00,2023-12-18 02:14:00,38
LIMIT_POWER,399.9878,2023-12-18 02:16:00,2023-12-18 02:24:00,9
LIMIT_POWER,399.70947,2023-12-18 02:25:00,2023-12-18 02:30:00,6
LIMIT_POWER,399.9878,2023-12-18 02:31:00,2023-12-18 02:52:00,22
LIMIT_POWER,399.9878,2023-12-18 02:54:00,2023-12-18 12:55:00,602
LIMIT_POWER,399.9878,2023-12-18 12:57:00,2023-12-23 10:27:00,7051
LIMIT_POWER,399.28464,2023-12-23 10:28:00,2023-12-23 12:27:00,120
LIMIT_POWER,399.1821,2023-12-23 12:28:00,2023-12-23 14:22:00,115
LIMIT_POWER,399.9878,2023-12-23 14:23:00,2023-12-25 14:24:00,2882
LIMIT_POWER,399.72412,2023-12-25 14:29:00,2023-12-25 14:34:00,6
LIMIT_POWER,399.9878,2023-12-25 14:35:00,2023-12-26 01:27:00,653
LIMIT_POWER,399.9878,2023-12-26 01:29:00,2023-12-26 09:34:00,486
LIMIT_POWER,399.97314,2023-12-26 09:35:00,2023-12-26 10:22:00,48
LIMIT_POWER,399.9878,2023-12-26 10:23:00,2023-12-26 14:52:00,270
LIMIT_POWER,399.82666,2023-12-26 14:53:00,2023-12-26 17:40:00,168
LIMIT_POWER,399.9878,2023-12-26 17:41:00,2023-12-27 23:59:00,1819
LIMIT_POWER,399.94385,2023-12-28 00:00:00,2023-12-28 00:11:00,12
LIMIT_POWER,399.85596,2023-12-28 00:12:00,2023-12-28 00:17:00,6
LIMIT_POWER,399.9878,2023-12-28 00:18:00,2023-12-28 00:23:00,6
LIMIT_POWER,399.62158,2023-12-28 00:24:00,2023-12-28 17:23:00,1020
LIMIT_POWER,399.9878,2023-12-28 17:24:00,2023-12-29 20:36:00,1633
LIMIT_POWER,399.79736,2023-12-29 20:37:00,2023-12-29 20:42:00,6
LIMIT_POWER,399.9878,2023-12-29 20:43:00,2023-12-30 15:40:00,1138
LIMIT_POWER,399.9878,2023-12-30 15:42:00,2024-01-01 06:55:00,2354
LIMIT_POWER,399.69482,2024-01-01 06:56:00,2024-01-01 07:01:00,6
LIMIT_POWER,399.9878,2024-01-01 07:02:00,2024-01-01 14:55:00,474
LIMIT_POWER,399.9292,2024-01-01 14:56:00,2024-01-01 15:37:00,42
LIMIT_POWER,399.46042,2024-01-01 15:38:00,2024-01-01 15:43:00,6
LIMIT_POWER,399.9878,2024-01-01 15:44:00,2024-01-02 16:44:00,1501
LIMIT_POWER,399.62158,2024-01-02 16:45:00,2024-01-02 16:56:00,12
LIMIT_POWER,399.563,2024-01-02 16:57:00,2024-01-02 17:02:00,6
LIMIT_POWER,399.9878,2024-01-02 17:03:00,2024-01-02 19:16:00,134
LIMIT_POWER,399.9878,2024-01-02 19:18:00,2024-01-04 00:33:00,1756
LIMIT_POWER,399.82666,2024-01-04 00:34:00,2024-01-04 04:39:00,246
LIMIT_POWER,399.9878,2024-01-04 04:40:00,2024-01-04 05:37:00,58
LIMIT_POWER,399.9878,2024-01-04 05:39:00,2024-01-05 15:28:00,2030
LIMIT_POWER,399.94385,2024-01-05 15:29:00,2024-01-05 15:36:00,8
LIMIT_POWER,399.9878,2024-01-05 15:37:00,2024-01-05 15:52:00,16
LIMIT_POWER,399.8706,2024-01-05 15:53:00,2024-01-05 15:58:00,6
LIMIT_POWER,399.812,2024-01-05 15:59:00,2024-01-05 16:04:00,6
LIMIT_POWER,399.9878,2024-01-05 16:05:00,2024-01-05 16:10:00,6
LIMIT_POWER,399.57764,2024-01-05 16:11:00,2024-01-05 22:34:00,384
LIMIT_POWER,399.63623,2024-01-05 22:35:00,2024-01-05 22:40:00,6
LIMIT_POWER,399.9878,2024-01-05 22:41:00,2024-01-06 00:22:00,102
LIMIT_POWER,399.91455,2024-01-06 00:23:00,2024-01-06 00:28:00,6
LIMIT_POWER,399.9878,2024-01-06 00:29:00,2024-01-06 08:10:00,462
LIMIT_POWER,399.62158,2024-01-06 08:11:00,2024-01-06 13:13:00,303
LIMIT_POWER,399.9878,2024-01-06 13:14:00,2024-01-07 23:30:00,2057
LIMIT_POWER,399.9878,2024-01-07 23:36:00,2024-01-07 23:48:00,13
LIMIT_POWER,399.94385,2024-01-07 23:51:00,2024-01-08 05:14:00,324
LIMIT_POWER,399.9878,2024-01-08 05:15:00,2024-01-08 06:05:00,51
LIMIT_POWER,399.9878,2024-01-08 06:07:00,2024-01-08 07:50:00,104
LIMIT_POWER,399.812,2024-01-08 07:51:00,2024-01-08 07:56:00,6
LIMIT_POWER,399.9878,2024-01-08 07:57:00,2024-01-08 08:14:00,18
LIMIT_POWER,399.50436,2024-01-08 08:15:00,2024-01-08 09:02:00,48
LIMIT_POWER,399.75342,2024-01-08 09:03:00,2024-01-08 09:08:00,6
LIMIT_POWER,399.9878,2024-01-08 09:09:00,2024-01-09 02:51:00,1063
LIMIT_POWER,399.8706,2024-01-09 02:52:00,2024-01-09 12:57:00,606
LIMIT_POWER,399.9878,2024-01-09 12:58:00,2024-01-11 05:28:00,2431
LIMIT_POWER,399.9878,2024-01-11 05:30:00,2024-01-12 08:28:00,1619
LIMIT_POWER,399.76807,2024-01-12 08:29:00,2024-01-12 12:34:00,245
LIMIT_POWER,399.88525,2024-01-12 12:35:00,2024-01-12 12:40:00,6
LIMIT_POWER,399.9585,2024-01-12 12:41:00,2024-01-12 16:34:00,234
LIMIT_POWER,399.9292,2024-01-12 16:35:00,2024-01-12 16:40:00,6
LIMIT_POWER,399.9878,2024-01-12 16:41:00,2024-01-13 01:23:00,523
LIMIT_POWER,399.37253,2024-01-13 01:24:00,2024-01-13 01:29:00,6
LIMIT_POWER,399.563,2024-01-13 01:30:00,2024-01-13 06:23:00,294
LIMIT_POWER,399.28464,2024-01-13 06:24:00,2024-01-13 06:47:00,24
LIMIT_POWER,399.9878,2024-01-13 06:48:00,2024-01-13 06:59:00,12
LIMIT_POWER,399.812,2024-01-13 07:00:00,2024-01-13 07:05:00,6
LIMIT_POWER,399.7827,2024-01-13 07:06:00,2024-01-13 07:11:00,6
LIMIT_POWER,399.76807,2024-01-13 07:12:00,2024-01-13 07:23:00,12
LIMIT_POWER,399.9878,2024-01-13 07:24:00,2024-01-18 09:49:00,7344
LIMIT_POWER,399.46042,2024-01-18 09:50:00,2024-01-18 09:55:00,6
LIMIT_POWER,399.9878,2024-01-18 09:56:00,2024-01-18 11:03:00,68
LIMIT_POWER,399.9878,2024-01-18 11:05:00,2024-01-18 11:31:00,27
LIMIT_POWER,399.9292,2024-01-18 11:32:00,2024-01-18 11:37:00,6
LIMIT_POWER,399.9878,2024-01-18 11:38:00,2024-01-22 11:18:00,5741
LIMIT_POWER,79.99756,2024-01-22 11:27:00,2024-01-22 13:33:00,127
LIMIT_POWER,399.9878,2024-01-22 13:41:00,2024-01-26 14:41:00,5811
LIMIT_POWER,399.41647,2024-01-26 14:42:00,2024-01-26 14:47:00,6
LIMIT_POWER,399.9878,2024-01-26 14:48:00,2024-01-27 02:53:00,726
LIMIT_POWER,399.75342,2024-01-27 02:54:00,2024-01-27 02:59:00,6
LIMIT_POWER,399.9878,2024-01-27 03:00:00,2024-01-27 10:24:00,445
LIMIT_POWER,399.8999,2024-01-27 10:25:00,2024-01-27 12:06:00,102
LIMIT_POWER,399.9878,2024-01-27 12:07:00,2024-01-27 15:42:00,216
LIMIT_POWER,399.97314,2024-01-27 15:43:00,2024-01-27 20:36:00,294
LIMIT_POWER,399.9878,2024-01-27 20:37:00,2024-01-28 06:36:00,600
LIMIT_POWER,399.9878,2024-01-28 06:38:00,2024-01-29 12:25:00,1788
LIMIT_POWER,399.68018,2024-01-29 12:26:00,2024-01-29 12:31:00,6
LIMIT_POWER,399.94385,2024-01-29 12:32:00,2024-01-29 12:43:00,12
LIMIT_POWER,399.9878,2024-01-29 12:44:00,2024-01-31 01:33:00,2210
LIMIT_POWER,399.9878,2024-01-31 01:35:00,2024-02-01 03:06:00,1532
LIMIT_POWER,79.99756,2024-02-01 03:14:00,2024-02-01 06:51:00,218
LIMIT_POWER,399.9878,2024-02-01 06:59:00,2024-02-07 14:15:00,9077
LIMIT_POWER,39.991455,2024-02-07 14:19:00,2024-02-07 15:09:00,51
LIMIT_POWER,399.9878,2024-02-07 15:18:00,2024-02-07 18:57:00,220
LIMIT_POWER,399.9878,2024-02-07 18:59:00,2024-02-08 12:27:00,1049
LIMIT_POWER,39.991455,2024-02-08 12:31:00,2024-02-08 14:04:00,94
LIMIT_POWER,399.9878,2024-02-08 14:24:00,2024-02-08 14:29:00,6
LIMIT_POWER,39.991455,2024-02-08 14:32:00,2024-02-08 15:24:00,53
LIMIT_POWER,399.9878,2024-02-08 15:31:00,2024-02-09 14:06:00,1356
LIMIT_POWER,399.79736,2024-02-09 14:07:00,2024-02-09 20:36:00,390
LIMIT_POWER,399.9878,2024-02-09 20:37:00,2024-02-10 09:59:00,803
LIMIT_POWER,398.91843,2024-02-10 10:00:00,2024-02-10 10:12:00,13
LIMIT_POWER,399.9878,2024-02-10 10:13:00,2024-02-10 10:48:00,36
LIMIT_POWER,399.91455,2024-02-10 10:49:00,2024-02-10 10:54:00,6
LIMIT_POWER,399.9878,2024-02-10 10:55:00,2024-02-10 12:00:00,66
LIMIT_POWER,399.82666,2024-02-10 12:01:00,2024-02-10 12:06:00,6
LIMIT_POWER,399.9878,2024-02-10 12:07:00,2024-02-10 13:48:00,102
LIMIT_POWER,399.97314,2024-02-10 13:49:00,2024-02-11 01:00:00,672
LIMIT_POWER,399.19675,2024-02-11 01:02:00,2024-02-11 01:07:00,6
LIMIT_POWER,399.9878,2024-02-11 01:08:00,2024-02-11 01:54:00,47
LIMIT_POWER,399.9878,2024-02-11 01:56:00,2024-02-11 13:19:00,684
LIMIT_POWER,399.9585,2024-02-11 13:20:00,2024-02-11 13:25:00,6
LIMIT_POWER,399.8706,2024-02-11 13:26:00,2024-02-11 13:55:00,30
LIMIT_POWER,399.8999,2024-02-11 13:56:00,2024-02-11 20:13:00,378
LIMIT_POWER,399.9878,2024-02-11 20:14:00,2024-02-11 20:37:00,24
LIMIT_POWER,399.8413,2024-02-11 20:38:00,2024-02-11 21:31:00,54
LIMIT_POWER,399.9878,2024-02-11 21:32:00,2024-02-12 09:29:00,718
LIMIT_POWER,39.991455,2024-02-12 09:35:00,2024-02-12 13:31:00,237
LIMIT_POWER,399.9878,2024-02-12 13:40:00,2024-02-12 14:05:00,26
LIMIT_POWER,39.991455,2024-02-12 14:14:00,2024-02-12 15:31:00,78
LIMIT_POWER,399.9878,2024-02-12 15:40:00,2024-02-12 15:46:00,7
LIMIT_POWER,39.991455,2024-02-12 15:54:00,2024-02-12 16:15:00,22
LIMIT_POWER,399.9878,2024-02-12 16:24:00,2024-02-13 00:53:00,510
LIMIT_POWER,39.991455,2024-02-13 01:02:00,2024-02-13 02:08:00,67
LIMIT_POWER,399.9878,2024-02-13 02:17:00,2024-02-13 08:53:00,397
LIMIT_POWER,39.991455,2024-02-13 09:03:00,2024-02-13 11:07:00,125
LIMIT_POWER,399.9878,2024-02-13 11:16:00,2024-02-14 11:08:00,1433
LIMIT_POWER,399.8706,2024-02-14 11:09:00,2024-02-14 19:14:00,486
LIMIT_POWER,399.97314,2024-02-14 19:15:00,2024-02-14 19:20:00,6
LIMIT_POWER,399.9878,2024-02-14 19:21:00,2024-02-14 20:03:00,43
LIMIT_POWER,399.563,2024-02-14 20:04:00,2024-02-14 20:15:00,12
LIMIT_POWER,399.9878,2024-02-14 20:16:00,2024-02-15 05:14:00,537
LIMIT_POWER,39.991455,2024-02-15 05:26:00,2024-02-15 06:53:00,88
LIMIT_POWER,399.9878,2024-02-15 07:02:00,2024-02-16 07:27:00,1464
LIMIT_POWER,399.8999,2024-02-16 07:28:00,2024-02-16 07:33:00,6
LIMIT_POWER,399.85596,2024-02-16 07:34:00,2024-02-16 18:15:00,642
LIMIT_POWER,399.9878,2024-02-16 18:16:00,2024-02-18 01:49:00,1886
LIMIT_POWER,39.991455,2024-02-18 01:57:00,2024-02-18 03:04:00,68
LIMIT_POWER,399.9878,2024-02-18 03:13:00,2024-02-18 04:04:00,52
LIMIT_POWER,39.991455,2024-02-18 04:12:00,2024-02-18 05:19:00,68
LIMIT_POWER,399.9878,2024-02-18 05:28:00,2024-02-20 03:42:00,2773
LIMIT_POWER,39.991455,2024-02-20 03:50:00,2024-02-20 05:12:00,83
LIMIT_POWER,399.9878,2024-02-20 05:21:00,2024-02-28 19:51:00,12388
LIMIT_POWER,399.9878,2024-02-28 19:55:00,2024-03-05 09:37:00,8023
LIMIT_POWER,399.9878,2024-03-05 09:39:00,2024-03-07 07:15:00,2737
LIMIT_POWER,399.9878,2024-03-07 07:17:00,2024-03-10 01:56:00,4000
LIMIT_POWER,399.9292,2024-03-10 01:57:00,2024-03-10 02:02:00,6
LIMIT_POWER,399.9878,2024-03-10 02:03:00,2024-03-10 02:08:00,6
LIMIT_POWER,399.44577,2024-03-10 02:09:00,2024-03-10 05:20:00,192
LIMIT_POWER,399.9878,2024-03-10 05:21:00,2024-03-12 10:25:00,3185
LIMIT_POWER,79.99756,2024-03-12 10:33:00,2024-03-12 11:32:00,60
LIMIT_POWER,399.9878,2024-03-12 11:40:00,2024-03-12 14:32:00,173
LIMIT_POWER,79.99756,2024-03-12 14:38:00,2024-03-12 15:14:00,37
LIMIT_POWER,399.9878,2024-03-12 15:21:00,2024-03-12 21:40:00,380
LIMIT_POWER,399.8413,2024-03-12 21:41:00,2024-03-12 22:04:00,24
LIMIT_POWER,399.9878,2024-03-12 22:05:00,2024-03-13 07:16:00,552
LIMIT_POWER,399.82666,2024-03-13 07:17:00,2024-03-13 07:22:00,6
LIMIT_POWER,399.9878,2024-03-13 07:23:00,2024-03-13 09:04:00,102
LIMIT_POWER,399.85596,2024-03-13 09:05:00,2024-03-13 14:22:00,318
LIMIT_POWER,399.9292,2024-03-13 14:23:00,2024-03-13 14:40:00,18
LIMIT_POWER,399.9878,2024-03-13 14:41:00,2024-03-17 09:15:00,5435
LIMIT_POWER,79.99756,2024-03-17 09:28:00,2024-03-17 10:22:00,55
LIMIT_POWER,399.9878,2024-03-17 10:30:00,2024-03-18 11:02:00,1473
LIMIT_POWER,397.3217,2024-03-18 11:03:00,2024-03-18 11:17:00,15
LIMIT_POWER,399.9878,2024-03-18 11:18:00,2024-03-18 17:54:00,397
LIMIT_POWER,399.66553,2024-03-18 17:55:00,2024-03-18 18:00:00,6
LIMIT_POWER,399.9878,2024-03-18 18:01:00,2024-03-18 18:34:00,34
LIMIT_POWER,399.9878,2024-03-18 18:36:00,2024-03-19 11:32:00,1017
LIMIT_POWER,79.99756,2024-03-19 11:35:00,2024-03-19 13:24:00,110
LIMIT_POWER,399.9878,2024-03-19 13:32:00,2024-03-19 14:39:00,68
LIMIT_POWER,79.99756,2024-03-19 14:44:00,2024-03-19 15:18:00,35
LIMIT_POWER,399.9878,2024-03-19 15:26:00,2024-03-20 11:00:00,1164
LIMIT_POWER,124.51552,2024-03-20 11:01:00,2024-03-20 11:05:00,5
LIMIT_POWER,144.89212,2024-03-20 11:06:00,2024-03-20 12:20:00,75
LIMIT_POWER,124.51552,2024-03-20 12:21:00,2024-03-20 12:25:00,5
LIMIT_POWER,178.30623,2024-03-20 12:27:00,2024-03-20 12:30:00,4
LIMIT_POWER,193.55571,2024-03-20 12:31:00,2024-03-20 12:45:00,15
LIMIT_POWER,191.25583,2024-03-20 12:46:00,2024-03-20 12:58:00,13
LIMIT_POWER,165.67888,2024-03-20 13:01:00,2024-03-20 13:08:00,8
LIMIT_POWER,145.52202,2024-03-20 13:09:00,2024-03-20 13:15:00,7
LIMIT_POWER,130.81454,2024-03-20 13:16:00,2024-03-20 13:30:00,15
LIMIT_POWER,125.218666,2024-03-20 13:31:00,2024-03-20 13:45:00,15
LIMIT_POWER,108.3285,2024-03-20 13:46:00,2024-03-20 14:00:00,15
LIMIT_POWER,92.47841,2024-03-20 14:01:00,2024-03-20 14:04:00,4
LIMIT_POWER,399.9878,2024-03-20 14:06:00,2024-03-20 17:18:00,193
LIMIT_POWER,398.85983,2024-03-20 17:19:00,2024-03-20 17:25:00,7
LIMIT_POWER,398.68405,2024-03-20 17:26:00,2024-03-20 17:44:00,19
LIMIT_POWER,399.9878,2024-03-20 17:45:00,2024-03-20 17:49:00,5
LIMIT_POWER,399.85596,2024-03-20 17:50:00,2024-03-20 17:55:00,6
LIMIT_POWER,399.88525,2024-03-20 17:56:00,2024-03-20 18:01:00,6
LIMIT_POWER,399.9878,2024-03-20 18:02:00,2024-03-20 19:19:00,78
LIMIT_POWER,399.85596,2024-03-20 19:20:00,2024-03-20 19:31:00,12
LIMIT_POWER,399.9878,2024-03-20 19:32:00,2024-03-20 20:43:00,72
LIMIT_POWER,399.8413,2024-03-20 20:44:00,2024-03-20 22:31:00,108
LIMIT_POWER,399.94385,2024-03-20 22:32:00,2024-03-20 22:37:00,6
LIMIT_POWER,399.9878,2024-03-20 22:38:00,2024-03-20 23:08:00,31
LIMIT_POWER,399.812,2024-03-20 23:09:00,2024-03-21 03:32:00,264
LIMIT_POWER,399.9878,2024-03-21 03:33:00,2024-03-21 11:27:00,475
LIMIT_POWER,79.99756,2024-03-21 11:30:00,2024-03-21 16:17:00,288
LIMIT_POWER,399.9878,2024-03-21 16:26:00,2024-03-21 16:40:00,15
LIMIT_POWER,79.99756,2024-03-21 16:48:00,2024-03-21 17:10:00,23
LIMIT_POWER,399.9878,2024-03-21 17:18:00,2024-03-22 07:59:00,882
LIMIT_POWER,79.99756,2024-03-22 08:09:00,2024-03-22 10:29:00,141
LIMIT_POWER,399.9878,2024-03-22 10:37:00,2024-03-22 13:14:00,158
LIMIT_POWER,79.99756,2024-03-22 13:21:00,2024-03-22 13:50:00,30
LIMIT_POWER,399.9878,2024-03-22 13:58:00,2024-03-23 02:26:00,749
LIMIT_POWER,399.5337,2024-03-23 02:27:00,2024-03-23 04:33:00,127
LIMIT_POWER,399.8413,2024-03-23 04:34:00,2024-03-23 04:39:00,6
LIMIT_POWER,399.9878,2024-03-23 04:40:00,2024-03-25 03:11:00,2792
LIMIT_POWER,399.9878,2024-03-25 03:13:00,2024-03-25 05:27:00,135
LIMIT_POWER,399.9878,2024-03-25 05:29:00,2024-03-25 06:23:00,55
LIMIT_POWER,399.9878,2024-03-25 06:25:00,2024-03-25 08:26:00,122
LIMIT_POWER,399.9878,2024-03-25 08:28:00,2024-03-25 09:29:00,62
LIMIT_POWER,399.9878,2024-03-25 09:32:00,2024-03-26 16:34:00,1863
LIMIT_POWER,399.32858,2024-03-26 16:35:00,2024-03-27 01:04:00,510
LIMIT_POWER,399.9878,2024-03-27 01:05:00,2024-03-28 05:11:00,1687
LIMIT_POWER,399.63623,2024-03-28 05:12:00,2024-03-28 05:59:00,48
LIMIT_POWER,399.9878,2024-03-28 06:00:00,2024-03-29 11:39:00,1780
LIMIT_POWER,79.99756,2024-03-29 11:41:00,2024-03-29 12:19:00,39
LIMIT_POWER,399.9878,2024-03-29 12:21:00,2024-03-30 14:00:00,1540
LIMIT_POWER,399.54834,2024-03-30 14:01:00,2024-03-30 15:12:00,72
LIMIT_POWER,399.9878,2024-03-30 15:13:00,2024-03-31 12:24:00,1272
LIMIT_POWER,399.19675,2024-03-31 12:25:00,2024-03-31 12:30:00,6
LIMIT_POWER,399.94385,2024-03-31 12:31:00,2024-03-31 14:12:00,102
LIMIT_POWER,399.9878,2024-03-31 14:13:00,2024-03-31 18:59:00,287
LIMIT_POWER,399.9878,2024-03-31 19:01:00,2024-04-01 02:19:00,439
LIMIT_POWER,399.66553,2024-04-01 02:20:00,2024-04-01 02:25:00,6
LIMIT_POWER,399.9878,2024-04-01 02:26:00,2024-04-01 02:49:00,24
LIMIT_POWER,399.5923,2024-04-01 02:50:00,2024-04-01 03:25:00,36
LIMIT_POWER,399.9878,2024-04-01 03:26:00,2024-04-01 04:11:00,46
LIMIT_POWER,399.9878,2024-04-01 04:13:00,2024-04-01 13:12:00,540
LIMIT_POWER,80.01221,2024-04-01 13:13:00,2024-04-01 13:19:00,7
LIMIT_POWER,79.99756,2024-04-01 13:20:00,2024-04-01 14:07:00,48
LIMIT_POWER,399.9878,2024-04-01 14:14:00,2024-04-02 19:14:00,1741
LIMIT_POWER,399.82666,2024-04-02 19:15:00,2024-04-02 19:20:00,6
LIMIT_POWER,399.9878,2024-04-02 19:21:00,2024-04-03 06:45:00,685
LIMIT_POWER,399.9878,2024-04-03 06:47:00,2024-04-04 10:45:00,1679
LIMIT_POWER,79.99756,2024-04-04 10:47:00,2024-04-04 12:00:00,74
LIMIT_POWER,399.9878,2024-04-04 12:08:00,2024-04-05 13:15:00,1508
LIMIT_POWER,399.2407,2024-04-05 13:16:00,2024-04-05 14:51:00,96
LIMIT_POWER,399.9878,2024-04-05 14:52:00,2024-04-06 02:05:00,674
LIMIT_POWER,399.9292,2024-04-06 02:10:00,2024-04-06 02:15:00,6
LIMIT_POWER,399.9878,2024-04-06 02:16:00,2024-04-06 03:57:00,102
LIMIT_POWER,399.9878,2024-04-06 03:59:00,2024-04-06 05:50:00,112
LIMIT_POWER,399.9878,2024-04-06 05:53:00,2024-04-06 06:39:00,47
LIMIT_POWER,399.22604,2024-04-06 06:40:00,2024-04-06 06:51:00,12
LIMIT_POWER,399.9878,2024-04-06 06:52:00,2024-04-06 10:28:00,217
LIMIT_POWER,398.30316,2024-04-06 10:29:00,2024-04-06 10:51:00,23
LIMIT_POWER,399.9878,2024-04-06 10:52:00,2024-04-06 11:40:00,49
LIMIT_POWER,399.9878,2024-04-06 11:43:00,2024-04-06 15:24:00,222
LIMIT_POWER,399.51904,2024-04-06 15:28:00,2024-04-06 15:33:00,6
LIMIT_POWER,399.9878,2024-04-06 15:34:00,2024-04-06 16:57:00,84
LIMIT_POWER,399.75342,2024-04-06 16:58:00,2024-04-07 03:22:00,625
LIMIT_POWER,399.65088,2024-04-07 03:23:00,2024-04-07 03:28:00,6
LIMIT_POWER,399.9878,2024-04-07 03:29:00,2024-04-07 11:28:00,480
LIMIT_POWER,399.40182,2024-04-07 11:29:00,2024-04-07 20:16:00,528
LIMIT_POWER,399.9878,2024-04-07 20:17:00,2024-04-08 00:28:00,252
LIMIT_POWER,399.2407,2024-04-08 00:29:00,2024-04-08 05:34:00,306
LIMIT_POWER,399.9878,2024-04-08 05:35:00,2024-04-08 15:33:00,587
LIMIT_POWER,399.9878,2024-04-08 15:37:00,2024-04-08 17:48:00,132
LIMIT_POWER,398.5815,2024-04-08 17:49:00,2024-04-08 17:56:00,8
LIMIT_POWER,399.9878,2024-04-08 17:57:00,2024-04-08 18:10:00,14
LIMIT_POWER,399.97314,2024-04-08 18:11:00,2024-04-08 18:16:00,6
LIMIT_POWER,399.9878,2024-04-08 18:17:00,2024-04-10 00:17:00,1801
LIMIT_POWER,399.54834,2024-04-10 00:18:00,2024-04-10 00:23:00,6
LIMIT_POWER,399.9878,2024-04-10 00:24:00,2024-04-10 00:29:00,6
LIMIT_POWER,399.35788,2024-04-10 00:30:00,2024-04-10 02:47:00,138
LIMIT_POWER,399.9878,2024-04-10 02:48:00,2024-04-10 11:17:00,510
LIMIT_POWER,79.99756,2024-04-10 11:20:00,2024-04-10 15:24:00,245
LIMIT_POWER,399.9878,2024-04-10 15:33:00,2024-04-15 09:27:00,6826
LIMIT_POWER,399.9878,2024-04-15 09:29:00,2024-04-15 10:37:00,69
LIMIT_POWER,399.51904,2024-04-15 10:38:00,2024-04-15 11:38:00,61
LIMIT_POWER,399.9878,2024-04-15 11:39:00,2024-04-16 00:26:00,768
LIMIT_POWER,399.5923,2024-04-16 00:27:00,2024-04-16 00:44:00,18
LIMIT_POWER,399.9878,2024-04-16 00:45:00,2024-04-16 08:08:00,444
LIMIT_POWER,399.8999,2024-04-16 08:09:00,2024-04-16 08:14:00,6
LIMIT_POWER,399.9878,2024-04-16 08:15:00,2024-04-16 08:26:00,12
LIMIT_POWER,399.7827,2024-04-16 08:27:00,2024-04-16 10:50:00,144
LIMIT_POWER,399.9878,2024-04-16 10:51:00,2024-04-16 11:08:00,18
LIMIT_POWER,399.48972,2024-04-16 11:09:00,2024-04-16 13:20:00,132
LIMIT_POWER,399.9878,2024-04-16 13:21:00,2024-04-16 15:10:00,110
LIMIT_POWER,399.9878,2024-04-16 15:13:00,2024-04-17 16:39:00,1527
LIMIT_POWER,399.9878,2024-04-17 16:41:00,2024-04-17 16:45:00,5
LIMIT_POWER,399.50436,2024-04-17 16:46:00,2024-04-17 16:51:00,6
LIMIT_POWER,399.9878,2024-04-17 16:52:00,2024-04-17 20:33:00,222
LIMIT_POWER,399.812,2024-04-17 20:34:00,2024-04-17 20:45:00,12
LIMIT_POWER,399.9878,2024-04-17 20:46:00,2024-04-18 03:27:00,402
LIMIT_POWER,399.34323,2024-04-18 03:28:00,2024-04-18 03:57:00,30
LIMIT_POWER,399.9878,2024-04-18 03:58:00,2024-04-18 05:45:00,108
LIMIT_POWER,399.28464,2024-04-18 05:46:00,2024-04-18 06:15:00,30
LIMIT_POWER,399.27,2024-04-18 06:16:00,2024-04-18 06:21:00,6
LIMIT_POWER,399.9878,2024-04-18 06:22:00,2024-04-18 20:57:00,876
LIMIT_POWER,399.63623,2024-04-18 20:58:00,2024-04-18 21:03:00,6
LIMIT_POWER,399.9878,2024-04-18 21:04:00,2024-04-19 10:51:00,828
LIMIT_POWER,146.91367,2024-04-19 10:59:00,2024-04-19 11:05:00,7
LIMIT_POWER,39.991455,2024-04-19 11:09:00,2024-04-19 13:03:00,115
LIMIT_POWER,399.9878,2024-04-19 13:12:00,2024-04-22 18:43:00,4652
LIMIT_POWER,399.9878,2024-04-22 18:45:00,2024-04-24 11:42:00,2457
LIMIT_POWER,399.82666,2024-04-24 11:43:00,2024-04-24 11:48:00,6
LIMIT_POWER,399.9878,2024-04-24 11:49:00,2024-04-25 11:44:00,1428
LIMIT_POWER,39.991455,2024-04-25 11:46:00,2024-04-25 14:06:00,141
LIMIT_POWER,399.9878,2024-04-25 14:15:00,2024-04-26 11:27:00,1265
LIMIT_POWER,39.991455,2024-04-26 11:28:00,2024-04-26 14:38:00,191
LIMIT_POWER,399.9878,2024-04-26 14:42:00,2024-04-27 16:25:00,1544
LIMIT_POWER,398.50824,2024-04-27 16:29:00,2024-04-27 16:56:00,28
LIMIT_POWER,399.9878,2024-04-27 16:57:00,2024-04-29 11:07:00,2479
LIMIT_POWER,39.991455,2024-04-29 11:10:00,2024-04-29 12:22:00,73
LIMIT_POWER,399.9878,2024-04-29 12:30:00,2024-04-29 12:37:00,8
LIMIT_POWER,39.991455,2024-04-29 12:43:00,2024-04-29 14:17:00,95
LIMIT_POWER,399.9878,2024-04-29 14:25:00,2024-04-29 23:59:00,575
LIMIT_POWER,399.65088,2024-04-30 00:00:00,2024-04-30 00:05:00,6
LIMIT_POWER,399.9878,2024-04-30 00:06:00,2024-05-01 08:00:00,1915
LIMIT_POWER,39.991455,2024-05-01 08:06:00,2024-05-01 09:30:00,85
LIMIT_POWER,399.9878,2024-05-01 09:39:00,2024-05-01 12:38:00,180
LIMIT_POWER,39.991455,2024-05-01 12:41:00,2024-05-01 13:45:00,65
LIMIT_POWER,399.8413,2024-05-01 13:49:00,2024-05-01 13:54:00,6
LIMIT_POWER,399.9878,2024-05-01 13:55:00,2024-05-02 07:42:00,1068
LIMIT_POWER,399.50436,2024-05-02 07:43:00,2024-05-02 08:30:00,48
LIMIT_POWER,399.37253,2024-05-02 08:31:00,2024-05-02 08:36:00,6
LIMIT_POWER,399.9878,2024-05-02 08:37:00,2024-05-02 09:06:00,30
LIMIT_POWER,399.9585,2024-05-02 09:07:00,2024-05-02 09:12:00,6
LIMIT_POWER,399.9878,2024-05-02 09:13:00,2024-05-02 11:36:00,144
LIMIT_POWER,399.91455,2024-05-02 11:37:00,2024-05-02 11:42:00,6
LIMIT_POWER,399.82666,2024-05-02 11:43:00,2024-05-02 11:48:00,6
LIMIT_POWER,399.62158,2024-05-02 11:49:00,2024-05-02 11:54:00,6
LIMIT_POWER,399.9878,2024-05-02 11:55:00,2024-05-02 12:22:00,28
LIMIT_POWER,399.22604,2024-05-02 12:25:00,2024-05-02 16:31:00,247
LIMIT_POWER,399.9878,2024-05-02 16:32:00,2024-05-03 10:01:00,1050
LIMIT_POWER,399.563,2024-05-03 10:02:00,2024-05-03 10:13:00,12
LIMIT_POWER,399.9878,2024-05-03 10:14:00,2024-05-03 12:37:00,144
LIMIT_POWER,399.60693,2024-05-03 12:38:00,2024-05-03 15:43:00,186
LIMIT_POWER,399.9878,2024-05-03 15:44:00,2024-05-05 23:22:00,3339
LIMIT_POWER,399.9878,2024-05-05 23:24:00,2024-05-06 12:20:00,776
LIMIT_POWER,399.54834,2024-05-06 12:21:00,2024-05-06 12:26:00,6
LIMIT_POWER,399.9878,2024-05-06 12:27:00,2024-05-07 08:57:00,1229
LIMIT_POWER,399.31393,2024-05-07 08:58:00,2024-05-07 09:15:00,18
LIMIT_POWER,399.19675,2024-05-07 09:16:00,2024-05-07 09:21:00,6
LIMIT_POWER,399.563,2024-05-07 09:22:00,2024-05-07 09:27:00,6
LIMIT_POWER,399.9878,2024-05-07 09:28:00,2024-05-07 09:57:00,30
LIMIT_POWER,399.60693,2024-05-07 09:58:00,2024-05-07 11:03:00,66
LIMIT_POWER,399.9878,2024-05-07 11:04:00,2024-05-07 11:57:00,54
LIMIT_POWER,399.91455,2024-05-07 11:58:00,2024-05-07 12:15:00,18
LIMIT_POWER,399.9878,2024-05-07 12:16:00,2024-05-07 12:39:00,24
LIMIT_POWER,399.812,2024-05-07 12:40:00,2024-05-07 12:45:00,6
LIMIT_POWER,399.9878,2024-05-07 12:46:00,2024-05-07 13:21:00,36
LIMIT_POWER,399.8413,2024-05-07 13:22:00,2024-05-07 17:27:00,244
LIMIT_POWER,399.9878,2024-05-07 17:28:00,2024-05-07 21:51:00,264
LIMIT_POWER,399.8706,2024-05-07 21:52:00,2024-05-07 22:15:00,24
LIMIT_POWER,399.9878,2024-05-07 22:16:00,2024-05-08 16:03:00,1068
LIMIT_POWER,399.51904,2024-05-08 16:04:00,2024-05-09 11:16:00,1153
LIMIT_POWER,399.9878,2024-05-09 11:17:00,2024-05-10 14:31:00,1635
LIMIT_POWER,39.991455,2024-05-10 14:40:00,2024-05-10 15:41:00,62
LIMIT_POWER,399.9878,2024-05-10 15:50:00,2024-05-15 11:33:00,6944
LIMIT_POWER,39.991455,2024-05-15 11:42:00,2024-05-15 13:46:00,125
LIMIT_POWER,399.9878,2024-05-15 13:55:00,2024-05-16 11:38:00,1304
LIMIT_POWER,39.991455,2024-05-16 11:40:00,2024-05-16 12:38:00,59
LIMIT_POWER,399.9878,2024-05-16 12:42:00,2024-05-18 13:56:00,2955
LIMIT_POWER,39.991455,2024-05-18 14:05:00,2024-05-18 14:58:00,54
LIMIT_POWER,399.9878,2024-05-18 15:07:00,2024-05-20 06:03:00,2337
LIMIT_POWER,399.62158,2024-05-20 06:04:00,2024-05-20 06:09:00,6
LIMIT_POWER,399.57764,2024-05-20 06:10:00,2024-05-20 06:21:00,12
LIMIT_POWER,399.9878,2024-05-20 06:22:00,2024-05-20 16:25:00,604
LIMIT_POWER,399.9878,2024-05-20 16:27:00,2024-05-22 13:22:00,2696
LIMIT_POWER,399.54834,2024-05-22 13:23:00,2024-05-22 13:28:00,6
LIMIT_POWER,399.9878,2024-05-22 13:29:00,2024-05-22 13:40:00,12
LIMIT_POWER,399.75342,2024-05-22 13:41:00,2024-05-22 16:34:00,174
LIMIT_POWER,399.9878,2024-05-22 16:35:00,2024-05-23 04:28:00,714
LIMIT_POWER,399.75342,2024-05-23 04:29:00,2024-05-23 04:34:00,6
LIMIT_POWER,399.9878,2024-05-23 04:35:00,2024-05-24 09:29:00,1734
LIMIT_POWER,399.8413,2024-05-24 09:30:00,2024-05-24 09:35:00,6
LIMIT_POWER,399.9878,2024-05-24 09:36:00,2024-05-24 10:18:00,43
LIMIT_POWER,399.9878,2024-05-24 10:20:00,2024-05-28 21:55:00,6456
LIMIT_POWER,399.62158,2024-05-28 21:56:00,2024-05-29 01:13:00,198
LIMIT_POWER,399.9878,2024-05-29 01:14:00,2024-05-29 04:55:00,222
LIMIT_POWER,399.60693,2024-05-29 04:56:00,2024-05-29 05:43:00,48
LIMIT_POWER,399.9878,2024-05-29 05:44:00,2024-05-29 05:55:00,12
LIMIT_POWER,399.47507,2024-05-29 05:56:00,2024-05-29 06:01:00,6
LIMIT_POWER,399.51904,2024-05-29 06:02:00,2024-05-29 06:55:00,54
LIMIT_POWER,399.9878,2024-05-29 06:56:00,2024-05-29 09:49:00,174
LIMIT_POWER,399.5337,2024-05-29 09:50:00,2024-05-29 10:01:00,12
LIMIT_POWER,399.9878,2024-05-29 10:02:00,2024-05-30 18:47:00,1966
LIMIT_POWER,399.9878,2024-05-30 18:49:00,2024-05-30 18:56:00,8
LIMIT_POWER,399.73877,2024-05-30 18:57:00,2024-05-30 19:02:00,6
LIMIT_POWER,399.7827,2024-05-30 19:03:00,2024-05-30 19:32:00,30
LIMIT_POWER,399.9878,2024-05-30 19:33:00,2024-05-31 22:50:00,1638
LIMIT_POWER,399.66553,2024-05-31 22:51:00,2024-05-31 23:26:00,36
LIMIT_POWER,399.9878,2024-05-31 23:27:00,2024-06-01 04:27:00,301
LIMIT_POWER,399.9878,2024-06-01 04:30:00,2024-06-01 17:21:00,772
LIMIT_POWER,399.94385,2024-06-01 17:22:00,2024-06-02 17:57:00,1476
LIMIT_POWER,399.9878,2024-06-02 17:58:00,2024-06-06 04:16:00,4931
LIMIT_POWER,399.9878,2024-06-06 04:18:00,2024-06-07 13:14:00,1977
LIMIT_POWER,399.9878,2024-06-07 13:16:00,2024-06-08 22:24:00,1989
LIMIT_POWER,399.9292,2024-06-08 22:25:00,2024-06-08 22:36:00,12
LIMIT_POWER,399.9878,2024-06-08 22:37:00,2024-06-12 18:50:00,5534
LIMIT_POWER,399.50436,2024-06-12 18:51:00,2024-06-12 19:08:00,18
LIMIT_POWER,399.82666,2024-06-12 19:09:00,2024-06-12 19:14:00,6
LIMIT_POWER,399.9878,2024-06-12 19:15:00,2024-06-12 19:56:00,42
LIMIT_POWER,399.68018,2024-06-12 19:57:00,2024-06-12 20:32:00,36
LIMIT_POWER,399.9878,2024-06-12 20:33:00,2024-06-12 21:44:00,72
LIMIT_POWER,399.76807,2024-06-12 21:45:00,2024-06-12 23:38:00,114
LIMIT_POWER,399.9878,2024-06-12 23:39:00,2024-06-13 01:26:00,108
LIMIT_POWER,399.8413,2024-06-13 01:27:00,2024-06-13 01:32:00,6
LIMIT_POWER,399.8706,2024-06-13 01:33:00,2024-06-13 03:14:00,102
LIMIT_POWER,399.9878,2024-06-13 03:15:00,2024-06-13 13:21:00,607
LIMIT_POWER,399.91455,2024-06-13 13:22:00,2024-06-13 13:27:00,6
LIMIT_POWER,399.9878,2024-06-13 13:28:00,2024-06-15 01:03:00,2136
LIMIT_POWER,399.50436,2024-06-15 01:04:00,2024-06-15 01:09:00,6
LIMIT_POWER,399.9878,2024-06-15 01:10:00,2024-06-15 03:58:00,169
LIMIT_POWER,399.00632,2024-06-15 03:59:00,2024-06-15 07:22:00,204
LIMIT_POWER,399.9878,2024-06-15 07:23:00,2024-06-15 22:53:00,931
LIMIT_POWER,399.9878,2024-06-15 22:55:00,2024-06-16 18:10:00,1156
LIMIT_POWER,399.91455,2024-06-16 18:11:00,2024-06-16 18:16:00,6
LIMIT_POWER,399.9878,2024-06-16 18:17:00,2024-06-16 23:04:00,288
LIMIT_POWER,399.91455,2024-06-16 23:05:00,2024-06-16 23:10:00,6
LIMIT_POWER,399.9878,2024-06-16 23:11:00,2024-06-17 00:58:00,108
LIMIT_POWER,399.69482,2024-06-17 00:59:00,2024-06-17 01:04:00,6
LIMIT_POWER,399.9878,2024-06-17 01:05:00,2024-06-17 03:45:00,161
LIMIT_POWER,399.9292,2024-06-17 03:47:00,2024-06-17 03:52:00,6
LIMIT_POWER,399.9878,2024-06-17 03:53:00,2024-06-17 09:28:00,336
LIMIT_POWER,399.2114,2024-06-17 09:29:00,2024-06-18 11:47:00,1579
LIMIT_POWER,399.22604,2024-06-18 11:48:00,2024-06-18 11:53:00,6
LIMIT_POWER,399.9878,2024-06-18 11:54:00,2024-06-20 10:30:00,2797
LIMIT_POWER,399.94385,2024-06-20 10:31:00,2024-06-20 11:42:00,72
LIMIT_POWER,399.9878,2024-06-20 11:43:00,2024-06-20 15:28:00,226
LIMIT_POWER,399.9878,2024-06-20 15:30:00,2024-06-21 06:00:00,871
LIMIT_POWER,399.8999,2024-06-21 06:01:00,2024-06-21 06:12:00,12
LIMIT_POWER,399.9878,2024-06-21 06:13:00,2024-06-21 12:00:00,348
LIMIT_POWER,399.563,2024-06-21 12:01:00,2024-06-21 12:06:00,6
LIMIT_POWER,399.9878,2024-06-21 12:07:00,2024-06-22 14:56:00,1610
LIMIT_POWER,399.9878,2024-06-22 14:58:00,2024-06-22 19:07:00,250
LIMIT_POWER,399.63623,2024-06-22 19:08:00,2024-06-22 19:25:00,18
LIMIT_POWER,399.9878,2024-06-22 19:26:00,2024-06-23 05:55:00,630
LIMIT_POWER,399.8706,2024-06-23 05:56:00,2024-06-23 06:01:00,6
LIMIT_POWER,399.9878,2024-06-23 06:02:00,2024-06-24 16:39:00,2078
LIMIT_POWER,399.9878,2024-06-24 16:41:00,2024-06-24 17:50:00,70
LIMIT_POWER,399.97314,2024-06-24 17:51:00,2024-06-24 18:02:00,12
LIMIT_POWER,399.9878,2024-06-24 18:03:00,2024-06-24 18:21:00,19
LIMIT_POWER,398.44965,2024-06-24 18:22:00,2024-06-24 18:50:00,29
LIMIT_POWER,399.9878,2024-06-24 18:51:00,2024-06-25 19:02:00,1452
LIMIT_POWER,399.94385,2024-06-25 19:03:00,2024-06-25 19:08:00,6
LIMIT_POWER,399.9878,2024-06-25 19:09:00,2024-06-25 21:02:00,114
LIMIT_POWER,399.51904,2024-06-25 21:03:00,2024-06-25 22:26:00,84
LIMIT_POWER,399.9878,2024-06-25 22:27:00,2024-06-25 23:08:00,42
LIMIT_POWER,399.69482,2024-06-25 23:09:00,2024-06-25 23:20:00,12
LIMIT_POWER,399.9878,2024-06-25 23:21:00,2024-06-26 11:57:00,756
LIMIT_POWER,399.44577,2024-06-26 11:58:00,2024-06-26 12:03:00,6
LIMIT_POWER,399.9878,2024-06-26 12:04:00,2024-06-27 21:09:00,942
LIMIT_POWER,399.41647,2024-06-27 21:10:00,2024-06-27 21:15:00,6
LIMIT_POWER,399.9878,2024-06-27 21:16:00,2024-07-03 03:18:00,2568
LIMIT_POWER,399.57764,2024-07-03 03:19:00,2024-07-03 03:24:00,6
LIMIT_POWER,399.9878,2024-07-03 03:25:00,2024-07-03 10:42:00,438
LIMIT_POWER,399.94385,2024-07-03 10:43:00,2024-07-03 14:24:00,222
LIMIT_POWER,399.9878,2024-07-03 14:25:00,2024-07-03 15:24:00,60
LIMIT_POWER,399.9585,2024-07-03 15:25:00,2024-07-03 15:30:00,6
LIMIT_POWER,399.9878,2024-07-03 15:31:00,2024-07-04 20:37:00,1747
LIMIT_POWER,399.66553,2024-07-04 20:38:00,2024-07-05 07:19:00,642
LIMIT_POWER,399.9878,2024-07-05 07:20:00,2024-07-10 10:15:00,7376
LIMIT_POWER,399.79736,2024-07-10 10:16:00,2024-07-10 11:27:00,72
LIMIT_POWER,399.9878,2024-07-10 11:28:00,2024-07-11 12:46:00,1440
LIMIT_POWER,399.9292,2024-07-11 12:47:00,2024-07-11 12:52:00,6
LIMIT_POWER,399.9878,2024-07-11 12:53:00,2024-07-12 11:53:00,1381
LIMIT_POWER,399.82666,2024-07-12 11:54:00,2024-07-12 11:58:00,5
LIMIT_POWER,399.9878,2024-07-12 11:59:00,2024-07-13 04:16:00,978
LIMIT_POWER,399.9878,2024-07-13 04:18:00,2024-07-14 03:11:00,1374
LIMIT_POWER,399.68018,2024-07-14 03:12:00,2024-07-14 03:17:00,6
LIMIT_POWER,399.9878,2024-07-14 03:18:00,2024-07-14 07:59:00,282
LIMIT_POWER,399.7827,2024-07-14 08:00:00,2024-07-14 12:17:00,258
LIMIT_POWER,399.8413,2024-07-14 12:18:00,2024-07-14 12:23:00,6
LIMIT_POWER,399.9878,2024-07-14 12:24:00,2024-07-15 12:29:00,1446
LIMIT_POWER,398.4057,2024-07-15 12:30:00,2024-07-15 13:39:00,70
LIMIT_POWER,399.9878,2024-07-15 13:40:00,2024-07-15 20:49:00,430
LIMIT_POWER,399.9878,2024-07-15 20:51:00,2024-07-18 11:30:00,3760
LIMIT_POWER,399.9878,2024-07-18 11:32:00,2024-07-18 11:37:00,6
LIMIT_POWER,399.97314,2024-07-18 11:38:00,2024-07-18 13:13:00,96
LIMIT_POWER,399.9878,2024-07-18 13:14:00,2024-07-18 16:46:00,213
LIMIT_POWER,399.9878,2024-07-18 16:48:00,2024-07-19 05:51:00,784
LIMIT_POWER,399.9878,2024-07-19 05:53:00,2024-07-20 17:38:00,2146
LIMIT_POWER,399.65088,2024-07-20 17:39:00,2024-07-20 17:50:00,12
LIMIT_POWER,399.9878,2024-07-20 17:51:00,2024-07-28 08:06:00,10919
LIMIT_POWER,79.99756,2024-07-28 08:13:00,2024-07-28 12:09:00,237
LIMIT_POWER,399.9878,2024-07-28 12:17:00,2024-07-29 10:29:00,1333
