region,bin_source,sigma_switch_threshold,P_left,P_right,P_med,sigma_local,n,base_bin_count,bin_width,min_bin_samples,station_code,station_name,scheme_code,scheme_name,power_col_for_prediction,power_threshold_axis,power_switch_threshold,fan_threshold_b
low,low_lookup,9.4,0.0,0.1,0.053965986,0.4027154399128297,99,1,0.1,20,step1-插值损耗模型-仅正功率,LGXRFD,STATION_SEG,站端功率分段模型,CT_eff,CT_eff,9.4,10.0
low,low_lookup,9.4,0.1,0.2,0.15105784,0.45413508627672644,81,1,0.1,20,step1-插值损耗模型-仅正功率,LGXRFD,STATION_SEG,站端功率分段模型,CT_eff,CT_eff,9.4,10.0
low,low_lookup,9.4,0.2,0.30000000000000004,0.225665925,0.44174729916778,242,1,0.1,20,step1-插值损耗模型-仅正功率,LGXRFD,STATION_SEG,站端功率分段模型,CT_eff,CT_eff,9.4,10.0
low,low_lookup,9.4,0.30000000000000004,0.4,0.34478295,0.4094831769081954,75,1,0.1,20,step1-插值损耗模型-仅正功率,LGXRFD,STATION_SEG,站端功率分段模型,CT_eff,CT_eff,9.4,10.0
low,low_lookup,9.4,0.4,0.5,0.4624077,0.4142003404665987,283,1,0.1,20,step1-插值损耗模型-仅正功率,LGXRFD,STATION_SEG,站端功率分段模型,CT_eff,CT_eff,9.4,10.0
low,low_lookup,9.4,0.5,0.6000000000000001,0.5337152,0.4162384503935151,179,1,0.1,20,step1-插值损耗模型-仅正功率,LGXRFD,STATION_SEG,站端功率分段模型,CT_eff,CT_eff,9.4,10.0
low,low_lookup,9.4,0.6000000000000001,0.7000000000000001,0.6638776,0.3881715107860674,119,1,0.1,20,step1-插值损耗模型-仅正功率,LGXRFD,STATION_SEG,站端功率分段模型,CT_eff,CT_eff,9.4,10.0
low,low_lookup,9.4,0.7000000000000001,0.8,0.75519264,0.4612807879092308,277,1,0.1,20,step1-插值损耗模型-仅正功率,LGXRFD,STATION_SEG,站端功率分段模型,CT_eff,CT_eff,9.4,10.0
low,low_lookup,9.4,0.8,0.9,0.8473843649999999,0.44435731517209065,342,1,0.1,20,step1-插值损耗模型-仅正功率,LGXRFD,STATION_SEG,站端功率分段模型,CT_eff,CT_eff,9.4,10.0
low,low_lookup,9.4,0.9,1.0,0.95006225,0.42393513250277176,322,1,0.1,20,step1-插值损耗模型-仅正功率,LGXRFD,STATION_SEG,站端功率分段模型,CT_eff,CT_eff,9.4,10.0
low,low_lookup,9.4,1.0,1.1,1.0465264,0.42664615506289766,314,1,0.1,20,step1-插值损耗模型-仅正功率,LGXRFD,STATION_SEG,站端功率分段模型,CT_eff,CT_eff,9.4,10.0
low,low_lookup,9.4,1.1,1.2000000000000002,1.1457559499999999,0.4799348047355685,288,1,0.1,20,step1-插值损耗模型-仅正功率,LGXRFD,STATION_SEG,站端功率分段模型,CT_eff,CT_eff,9.4,10.0
low,low_lookup,9.4,1.2000000000000002,1.3,1.2519528000000002,0.4771775416350762,278,1,0.1,20,step1-插值损耗模型-仅正功率,LGXRFD,STATION_SEG,站端功率分段模型,CT_eff,CT_eff,9.4,10.0
low,low_lookup,9.4,1.3,1.4000000000000001,1.3464403,0.4686752655875599,305,1,0.1,20,step1-插值损耗模型-仅正功率,LGXRFD,STATION_SEG,站端功率分段模型,CT_eff,CT_eff,9.4,10.0
low,low_lookup,9.4,1.4000000000000001,1.5,1.4511161000000001,0.40618203241601913,280,1,0.1,20,step1-插值损耗模型-仅正功率,LGXRFD,STATION_SEG,站端功率分段模型,CT_eff,CT_eff,9.4,10.0
low,low_lookup,9.4,1.5,1.6,1.5543763,0.4654706025202157,240,1,0.1,20,step1-插值损耗模型-仅正功率,LGXRFD,STATION_SEG,站端功率分段模型,CT_eff,CT_eff,9.4,10.0
low,low_lookup,9.4,1.6,1.7000000000000002,1.65203555,0.40325404738635967,226,1,0.1,20,step1-插值损耗模型-仅正功率,LGXRFD,STATION_SEG,站端功率分段模型,CT_eff,CT_eff,9.4,10.0
low,low_lookup,9.4,1.7000000000000002,1.8,1.7490435500000001,0.4321815057940952,216,1,0.1,20,step1-插值损耗模型-仅正功率,LGXRFD,STATION_SEG,站端功率分段模型,CT_eff,CT_eff,9.4,10.0
low,low_lookup,9.4,1.8,1.9000000000000001,1.8523839500000001,0.45283515481059594,220,1,0.1,20,step1-插值损耗模型-仅正功率,LGXRFD,STATION_SEG,站端功率分段模型,CT_eff,CT_eff,9.4,10.0
low,low_lookup,9.4,1.9000000000000001,2.0,1.9513754,0.4656974261085347,217,1,0.1,20,step1-插值损耗模型-仅正功率,LGXRFD,STATION_SEG,站端功率分段模型,CT_eff,CT_eff,9.4,10.0
low,low_lookup,9.4,2.0,2.1,2.0481963,0.4789059600603239,235,1,0.1,20,step1-插值损耗模型-仅正功率,LGXRFD,STATION_SEG,站端功率分段模型,CT_eff,CT_eff,9.4,10.0
low,low_lookup,9.4,2.1,2.2,2.1511525,0.5150693550714263,216,1,0.1,20,step1-插值损耗模型-仅正功率,LGXRFD,STATION_SEG,站端功率分段模型,CT_eff,CT_eff,9.4,10.0
low,low_lookup,9.4,2.2,2.3000000000000003,2.2505648,0.4543513935528995,214,1,0.1,20,step1-插值损耗模型-仅正功率,LGXRFD,STATION_SEG,站端功率分段模型,CT_eff,CT_eff,9.4,10.0
low,low_lookup,9.4,2.3000000000000003,2.4000000000000004,2.3501139,0.4500638074365141,216,1,0.1,20,step1-插值损耗模型-仅正功率,LGXRFD,STATION_SEG,站端功率分段模型,CT_eff,CT_eff,9.4,10.0
low,low_lookup,9.4,2.4000000000000004,2.5,2.4500985,0.4680232494519102,234,1,0.1,20,step1-插值损耗模型-仅正功率,LGXRFD,STATION_SEG,站端功率分段模型,CT_eff,CT_eff,9.4,10.0
low,low_lookup,9.4,2.5,2.6,2.5547194500000003,0.45739177309618245,216,1,0.1,20,step1-插值损耗模型-仅正功率,LGXRFD,STATION_SEG,站端功率分段模型,CT_eff,CT_eff,9.4,10.0
low,low_lookup,9.4,2.6,2.7,2.6523396000000004,0.4173241098622379,232,1,0.1,20,step1-插值损耗模型-仅正功率,LGXRFD,STATION_SEG,站端功率分段模型,CT_eff,CT_eff,9.4,10.0
low,low_lookup,9.4,2.7,2.8000000000000003,2.7517296499999997,0.4209498181417186,192,1,0.1,20,step1-插值损耗模型-仅正功率,LGXRFD,STATION_SEG,站端功率分段模型,CT_eff,CT_eff,9.4,10.0
low,low_lookup,9.4,2.8000000000000003,2.9000000000000004,2.8515346,0.4807456983906744,227,1,0.1,20,step1-插值损耗模型-仅正功率,LGXRFD,STATION_SEG,站端功率分段模型,CT_eff,CT_eff,9.4,10.0
low,low_lookup,9.4,2.9000000000000004,3.0,2.9512332,0.47664254576462783,192,1,0.1,20,step1-插值损耗模型-仅正功率,LGXRFD,STATION_SEG,站端功率分段模型,CT_eff,CT_eff,9.4,10.0
low,low_lookup,9.4,3.0,3.1,3.04857375,0.46099117619125035,216,1,0.1,20,step1-插值损耗模型-仅正功率,LGXRFD,STATION_SEG,站端功率分段模型,CT_eff,CT_eff,9.4,10.0
low,low_lookup,9.4,3.1,3.2,3.149919,0.44857186045052533,209,1,0.1,20,step1-插值损耗模型-仅正功率,LGXRFD,STATION_SEG,站端功率分段模型,CT_eff,CT_eff,9.4,10.0
low,low_lookup,9.4,3.2,3.3000000000000003,3.2500804,0.4746959876875035,200,1,0.1,20,step1-插值损耗模型-仅正功率,LGXRFD,STATION_SEG,站端功率分段模型,CT_eff,CT_eff,9.4,10.0
low,low_lookup,9.4,3.3000000000000003,3.4000000000000004,3.3555703,0.4592568112404899,210,1,0.1,20,step1-插值损耗模型-仅正功率,LGXRFD,STATION_SEG,站端功率分段模型,CT_eff,CT_eff,9.4,10.0
low,low_lookup,9.4,3.4000000000000004,3.5,3.4495880000000003,0.4639101731663752,238,1,0.1,20,step1-插值损耗模型-仅正功率,LGXRFD,STATION_SEG,站端功率分段模型,CT_eff,CT_eff,9.4,10.0
low,low_lookup,9.4,3.5,3.6,3.5456069,0.44861677011888185,203,1,0.1,20,step1-插值损耗模型-仅正功率,LGXRFD,STATION_SEG,站端功率分段模型,CT_eff,CT_eff,9.4,10.0
low,low_lookup,9.4,3.6,3.7,3.64499775,0.4629751217083227,202,1,0.1,20,step1-插值损耗模型-仅正功率,LGXRFD,STATION_SEG,站端功率分段模型,CT_eff,CT_eff,9.4,10.0
low,low_lookup,9.4,3.7,3.8000000000000003,3.7512584,0.46041355601462863,203,1,0.1,20,step1-插值损耗模型-仅正功率,LGXRFD,STATION_SEG,站端功率分段模型,CT_eff,CT_eff,9.4,10.0
low,low_lookup,9.4,3.8000000000000003,3.9000000000000004,3.850626,0.4789848481408154,195,1,0.1,20,step1-插值损耗模型-仅正功率,LGXRFD,STATION_SEG,站端功率分段模型,CT_eff,CT_eff,9.4,10.0
low,low_lookup,9.4,3.9000000000000004,4.0,3.9491885,0.4598232731948444,222,1,0.1,20,step1-插值损耗模型-仅正功率,LGXRFD,STATION_SEG,站端功率分段模型,CT_eff,CT_eff,9.4,10.0
low,low_lookup,9.4,4.0,4.1000000000000005,4.050638,0.5055635195463053,201,1,0.1,20,step1-插值损耗模型-仅正功率,LGXRFD,STATION_SEG,站端功率分段模型,CT_eff,CT_eff,9.4,10.0
high,high_lookup,9.4,4.0,8.0,7.6446495,0.5297918302117833,7006,2,2.0,20,step1-插值损耗模型-仅正功率,LGXRFD,STATION_SEG,站端功率分段模型,CT_eff,CT_eff,9.4,10.0
low,low_lookup,9.4,4.1000000000000005,4.2,4.149346100000001,0.476142357812841,198,1,0.1,20,step1-插值损耗模型-仅正功率,LGXRFD,STATION_SEG,站端功率分段模型,CT_eff,CT_eff,9.4,10.0
low,low_lookup,9.4,4.2,4.3,4.2548125,0.4625696342901715,230,1,0.1,20,step1-插值损耗模型-仅正功率,LGXRFD,STATION_SEG,站端功率分段模型,CT_eff,CT_eff,9.4,10.0
low,low_lookup,9.4,4.3,4.4,4.3441076,0.4764782464066905,205,1,0.1,20,step1-插值损耗模型-仅正功率,LGXRFD,STATION_SEG,站端功率分段模型,CT_eff,CT_eff,9.4,10.0
low,low_lookup,9.4,4.4,4.5,4.453234,0.5042438384974952,206,1,0.1,20,step1-插值损耗模型-仅正功率,LGXRFD,STATION_SEG,站端功率分段模型,CT_eff,CT_eff,9.4,10.0
low,low_lookup,9.4,4.5,4.6000000000000005,4.5507145,0.48370219736902736,172,1,0.1,20,step1-插值损耗模型-仅正功率,LGXRFD,STATION_SEG,站端功率分段模型,CT_eff,CT_eff,9.4,10.0
low,low_lookup,9.4,4.6000000000000005,4.7,4.64748045,0.4998123806417506,188,1,0.1,20,step1-插值损耗模型-仅正功率,LGXRFD,STATION_SEG,站端功率分段模型,CT_eff,CT_eff,9.4,10.0
low,low_lookup,9.4,4.7,4.800000000000001,4.7446527,0.5134767771367946,187,1,0.1,20,step1-插值损耗模型-仅正功率,LGXRFD,STATION_SEG,站端功率分段模型,CT_eff,CT_eff,9.4,10.0
low,low_lookup,9.4,4.800000000000001,4.9,4.8524213,0.5216601121092619,181,1,0.1,20,step1-插值损耗模型-仅正功率,LGXRFD,STATION_SEG,站端功率分段模型,CT_eff,CT_eff,9.4,10.0
low,low_lookup,9.4,4.9,5.0,4.947369500000001,0.46076615914665897,170,1,0.1,20,step1-插值损耗模型-仅正功率,LGXRFD,STATION_SEG,站端功率分段模型,CT_eff,CT_eff,9.4,10.0
low,low_lookup,9.4,5.0,5.1000000000000005,5.04786035,0.4626881986855548,176,1,0.1,20,step1-插值损耗模型-仅正功率,LGXRFD,STATION_SEG,站端功率分段模型,CT_eff,CT_eff,9.4,10.0
low,low_lookup,9.4,5.1000000000000005,5.2,5.1526794,0.4918164838657165,171,1,0.1,20,step1-插值损耗模型-仅正功率,LGXRFD,STATION_SEG,站端功率分段模型,CT_eff,CT_eff,9.4,10.0
low,low_lookup,9.4,5.2,5.300000000000001,5.25059265,0.5039279414813618,170,1,0.1,20,step1-插值损耗模型-仅正功率,LGXRFD,STATION_SEG,站端功率分段模型,CT_eff,CT_eff,9.4,10.0
low,low_lookup,9.4,5.300000000000001,5.4,5.349453,0.586111563195105,183,1,0.1,20,step1-插值损耗模型-仅正功率,LGXRFD,STATION_SEG,站端功率分段模型,CT_eff,CT_eff,9.4,10.0
low,low_lookup,9.4,5.4,5.5,5.4535537,0.5237560571701542,169,1,0.1,20,step1-插值损耗模型-仅正功率,LGXRFD,STATION_SEG,站端功率分段模型,CT_eff,CT_eff,9.4,10.0
low,low_lookup,9.4,5.5,5.6000000000000005,5.5454288,0.4743000692887321,166,1,0.1,20,step1-插值损耗模型-仅正功率,LGXRFD,STATION_SEG,站端功率分段模型,CT_eff,CT_eff,9.4,10.0
low,low_lookup,9.4,5.6000000000000005,5.7,5.6564274,0.5117740408494509,177,1,0.1,20,step1-插值损耗模型-仅正功率,LGXRFD,STATION_SEG,站端功率分段模型,CT_eff,CT_eff,9.4,10.0
low,low_lookup,9.4,5.7,5.800000000000001,5.7475543,0.5268304669056071,171,1,0.1,20,step1-插值损耗模型-仅正功率,LGXRFD,STATION_SEG,站端功率分段模型,CT_eff,CT_eff,9.4,10.0
low,low_lookup,9.4,5.800000000000001,5.9,5.843733,0.4571461632441842,183,1,0.1,20,step1-插值损耗模型-仅正功率,LGXRFD,STATION_SEG,站端功率分段模型,CT_eff,CT_eff,9.4,10.0
low,low_lookup,9.4,5.9,6.0,5.9506073,0.5234774253730877,160,1,0.1,20,step1-插值损耗模型-仅正功率,LGXRFD,STATION_SEG,站端功率分段模型,CT_eff,CT_eff,9.4,10.0
low,low_lookup,9.4,6.0,6.1000000000000005,6.051178,0.5202102264696417,164,1,0.1,20,step1-插值损耗模型-仅正功率,LGXRFD,STATION_SEG,站端功率分段模型,CT_eff,CT_eff,9.4,10.0
low,low_lookup,9.4,6.1000000000000005,6.2,6.153277,0.4927096239204956,174,1,0.1,20,step1-插值损耗模型-仅正功率,LGXRFD,STATION_SEG,站端功率分段模型,CT_eff,CT_eff,9.4,10.0
low,low_lookup,9.4,6.2,6.300000000000001,6.2528462000000005,0.5087549492248828,164,1,0.1,20,step1-插值损耗模型-仅正功率,LGXRFD,STATION_SEG,站端功率分段模型,CT_eff,CT_eff,9.4,10.0
low,low_lookup,9.4,6.300000000000001,6.4,6.3484764,0.5063641165993674,179,1,0.1,20,step1-插值损耗模型-仅正功率,LGXRFD,STATION_SEG,站端功率分段模型,CT_eff,CT_eff,9.4,10.0
low,low_lookup,9.4,6.4,6.5,6.44864365,0.5515152181524658,157,1,0.1,20,step1-插值损耗模型-仅正功率,LGXRFD,STATION_SEG,站端功率分段模型,CT_eff,CT_eff,9.4,10.0
low,low_lookup,9.4,6.5,6.6000000000000005,6.5492599,0.49882459970392823,145,1,0.1,20,step1-插值损耗模型-仅正功率,LGXRFD,STATION_SEG,站端功率分段模型,CT_eff,CT_eff,9.4,10.0
low,low_lookup,9.4,6.6000000000000005,6.7,6.6521187,0.5521690050731232,166,1,0.1,20,step1-插值损耗模型-仅正功率,LGXRFD,STATION_SEG,站端功率分段模型,CT_eff,CT_eff,9.4,10.0
low,low_lookup,9.4,6.7,6.800000000000001,6.756666,0.524602078508159,172,1,0.1,20,step1-插值损耗模型-仅正功率,LGXRFD,STATION_SEG,站端功率分段模型,CT_eff,CT_eff,9.4,10.0
low,low_lookup,9.4,6.800000000000001,6.9,6.848711,0.530124830085754,182,1,0.1,20,step1-插值损耗模型-仅正功率,LGXRFD,STATION_SEG,站端功率分段模型,CT_eff,CT_eff,9.4,10.0
low,low_lookup,9.4,6.9,7.0,6.94879,0.5159514119776788,156,1,0.1,20,step1-插值损耗模型-仅正功率,LGXRFD,STATION_SEG,站端功率分段模型,CT_eff,CT_eff,9.4,10.0
low,low_lookup,9.4,7.0,7.1000000000000005,7.04289245,0.5141298620847116,180,1,0.1,20,step1-插值损耗模型-仅正功率,LGXRFD,STATION_SEG,站端功率分段模型,CT_eff,CT_eff,9.4,10.0
low,low_lookup,9.4,7.1000000000000005,7.2,7.1491346,0.5750203447639053,174,1,0.1,20,step1-插值损耗模型-仅正功率,LGXRFD,STATION_SEG,站端功率分段模型,CT_eff,CT_eff,9.4,10.0
low,low_lookup,9.4,7.2,7.300000000000001,7.24109625,0.5304873476558499,164,1,0.1,20,step1-插值损耗模型-仅正功率,LGXRFD,STATION_SEG,站端功率分段模型,CT_eff,CT_eff,9.4,10.0
low,low_lookup,9.4,7.300000000000001,7.4,7.3522544,0.5116959613230563,151,1,0.1,20,step1-插值损耗模型-仅正功率,LGXRFD,STATION_SEG,站端功率分段模型,CT_eff,CT_eff,9.4,10.0
low,low_lookup,9.4,7.4,7.5,7.457827,0.5983435974635841,158,1,0.1,20,step1-插值损耗模型-仅正功率,LGXRFD,STATION_SEG,站端功率分段模型,CT_eff,CT_eff,9.4,10.0
low,low_lookup,9.4,7.5,7.6000000000000005,7.541653999999999,0.4756561024913406,185,1,0.1,20,step1-插值损耗模型-仅正功率,LGXRFD,STATION_SEG,站端功率分段模型,CT_eff,CT_eff,9.4,10.0
low,low_lookup,9.4,7.6000000000000005,7.7,7.6545872500000005,0.6244459310260135,169,1,0.1,20,step1-插值损耗模型-仅正功率,LGXRFD,STATION_SEG,站端功率分段模型,CT_eff,CT_eff,9.4,10.0
low,low_lookup,9.4,7.7,7.800000000000001,7.7456365,0.5116848246104595,175,1,0.1,20,step1-插值损耗模型-仅正功率,LGXRFD,STATION_SEG,站端功率分段模型,CT_eff,CT_eff,9.4,10.0
low,low_lookup,9.4,7.800000000000001,7.9,7.856657,0.5018926076869393,173,1,0.1,20,step1-插值损耗模型-仅正功率,LGXRFD,STATION_SEG,站端功率分段模型,CT_eff,CT_eff,9.4,10.0
low,low_lookup,9.4,7.9,8.0,7.9475255,0.5771750091487753,154,1,0.1,20,step1-插值损耗模型-仅正功率,LGXRFD,STATION_SEG,站端功率分段模型,CT_eff,CT_eff,9.4,10.0
low,low_lookup,9.4,8.0,8.1,8.045494,0.4883356066747362,177,1,0.1,20,step1-插值损耗模型-仅正功率,LGXRFD,STATION_SEG,站端功率分段模型,CT_eff,CT_eff,9.4,10.0
high,high_lookup,9.4,8.0,10.0,9.023527,0.6803058976236295,3429,1,2.0,20,step1-插值损耗模型-仅正功率,LGXRFD,STATION_SEG,站端功率分段模型,CT_eff,CT_eff,9.4,10.0
low,low_lookup,9.4,8.1,8.200000000000001,8.151682000000001,0.5379097997899602,180,1,0.1,20,step1-插值损耗模型-仅正功率,LGXRFD,STATION_SEG,站端功率分段模型,CT_eff,CT_eff,9.4,10.0
low,low_lookup,9.4,8.200000000000001,8.3,8.248766,0.5662913625535357,186,1,0.1,20,step1-插值损耗模型-仅正功率,LGXRFD,STATION_SEG,站端功率分段模型,CT_eff,CT_eff,9.4,10.0
low,low_lookup,9.4,8.3,8.4,8.334925,0.5595659483696975,151,1,0.1,20,step1-插值损耗模型-仅正功率,LGXRFD,STATION_SEG,站端功率分段模型,CT_eff,CT_eff,9.4,10.0
low,low_lookup,9.4,8.4,8.5,8.456667,0.5348859062048661,190,1,0.1,20,step1-插值损耗模型-仅正功率,LGXRFD,STATION_SEG,站端功率分段模型,CT_eff,CT_eff,9.4,10.0
low,low_lookup,9.4,8.5,9.4,8.6079195,0.6825584849356879,1569,9,0.1,20,step1-插值损耗模型-仅正功率,LGXRFD,STATION_SEG,站端功率分段模型,CT_eff,CT_eff,9.4,10.0
high,high_lookup,9.4,10.0,12.0,11.021381,0.5704201932909797,3229,1,2.0,20,step1-插值损耗模型-仅正功率,LGXRFD,STATION_SEG,站端功率分段模型,CT_eff,CT_eff,9.4,10.0
high,high_lookup,9.4,12.0,14.0,13.011272,0.5736914890098577,3571,1,2.0,20,step1-插值损耗模型-仅正功率,LGXRFD,STATION_SEG,站端功率分段模型,CT_eff,CT_eff,9.4,10.0
high,high_lookup,9.4,14.0,16.0,14.999884,0.5652485592700306,3445,1,2.0,20,step1-插值损耗模型-仅正功率,LGXRFD,STATION_SEG,站端功率分段模型,CT_eff,CT_eff,9.4,10.0
high,high_lookup,9.4,16.0,18.0,16.995876,0.5709942064003373,3231,1,2.0,20,step1-插值损耗模型-仅正功率,LGXRFD,STATION_SEG,站端功率分段模型,CT_eff,CT_eff,9.4,10.0
high,high_lookup,9.4,18.0,20.0,19.019984,0.5665485026672551,3350,1,2.0,20,step1-插值损耗模型-仅正功率,LGXRFD,STATION_SEG,站端功率分段模型,CT_eff,CT_eff,9.4,10.0
high,high_lookup,9.4,20.0,22.0,21.013994,0.5707111706902861,3200,1,2.0,20,step1-插值损耗模型-仅正功率,LGXRFD,STATION_SEG,站端功率分段模型,CT_eff,CT_eff,9.4,10.0
high,high_lookup,9.4,22.0,24.0,23.018436,0.5531689742064098,3293,1,2.0,20,step1-插值损耗模型-仅正功率,LGXRFD,STATION_SEG,站端功率分段模型,CT_eff,CT_eff,9.4,10.0
high,high_lookup,9.4,24.0,26.0,24.973349,0.5394460218705149,3415,1,2.0,20,step1-插值损耗模型-仅正功率,LGXRFD,STATION_SEG,站端功率分段模型,CT_eff,CT_eff,9.4,10.0
high,high_lookup,9.4,26.0,28.0,26.996532,0.523706044601434,3149,1,2.0,20,step1-插值损耗模型-仅正功率,LGXRFD,STATION_SEG,站端功率分段模型,CT_eff,CT_eff,9.4,10.0
high,high_lookup,9.4,28.0,30.0,28.991585,0.48756780195511734,3143,1,2.0,20,step1-插值损耗模型-仅正功率,LGXRFD,STATION_SEG,站端功率分段模型,CT_eff,CT_eff,9.4,10.0
high,high_lookup,9.4,30.0,32.0,30.960768,0.4729918753701965,2902,1,2.0,20,step1-插值损耗模型-仅正功率,LGXRFD,STATION_SEG,站端功率分段模型,CT_eff,CT_eff,9.4,10.0
high,high_lookup,9.4,32.0,34.0,32.979093,0.4444988622347124,2882,1,2.0,20,step1-插值损耗模型-仅正功率,LGXRFD,STATION_SEG,站端功率分段模型,CT_eff,CT_eff,9.4,10.0
high,high_lookup,9.4,34.0,36.0,34.995098,0.433476580968189,2982,1,2.0,20,step1-插值损耗模型-仅正功率,LGXRFD,STATION_SEG,站端功率分段模型,CT_eff,CT_eff,9.4,10.0
high,high_lookup,9.4,36.0,38.0,37.00102,0.44289942450254743,2962,1,2.0,20,step1-插值损耗模型-仅正功率,LGXRFD,STATION_SEG,站端功率分段模型,CT_eff,CT_eff,9.4,10.0
high,high_lookup,9.4,38.0,40.0,39.011091,0.42955771500228407,2906,1,2.0,20,step1-插值损耗模型-仅正功率,LGXRFD,STATION_SEG,站端功率分段模型,CT_eff,CT_eff,9.4,10.0
high,high_lookup,9.4,40.0,42.0,40.631945,0.3554103670492838,3888,1,2.0,20,step1-插值损耗模型-仅正功率,LGXRFD,STATION_SEG,站端功率分段模型,CT_eff,CT_eff,9.4,10.0
high,high_lookup,9.4,42.0,44.0,42.957325,0.40421642803866303,2818,1,2.0,20,step1-插值损耗模型-仅正功率,LGXRFD,STATION_SEG,站端功率分段模型,CT_eff,CT_eff,9.4,10.0
high,high_lookup,9.4,44.0,46.0,45.015951,0.3995491716537932,2710,1,2.0,20,step1-插值损耗模型-仅正功率,LGXRFD,STATION_SEG,站端功率分段模型,CT_eff,CT_eff,9.4,10.0
high,high_lookup,9.4,46.0,48.0,46.979527,0.3941634721910792,2505,1,2.0,20,step1-插值损耗模型-仅正功率,LGXRFD,STATION_SEG,站端功率分段模型,CT_eff,CT_eff,9.4,10.0
high,high_lookup,9.4,48.0,50.0,49.00847,0.4078904793694982,2489,1,2.0,20,step1-插值损耗模型-仅正功率,LGXRFD,STATION_SEG,站端功率分段模型,CT_eff,CT_eff,9.4,10.0
high,high_lookup,9.4,50.0,52.0,50.972860499999996,0.38887644880596983,2476,1,2.0,20,step1-插值损耗模型-仅正功率,LGXRFD,STATION_SEG,站端功率分段模型,CT_eff,CT_eff,9.4,10.0
high,high_lookup,9.4,52.0,54.0,52.98088,0.3936781664321556,2407,1,2.0,20,step1-插值损耗模型-仅正功率,LGXRFD,STATION_SEG,站端功率分段模型,CT_eff,CT_eff,9.4,10.0
high,high_lookup,9.4,54.0,56.0,54.9429455,0.3790036225803585,2316,1,2.0,20,step1-插值损耗模型-仅正功率,LGXRFD,STATION_SEG,站端功率分段模型,CT_eff,CT_eff,9.4,10.0
high,high_lookup,9.4,56.0,58.0,56.969241499999995,0.3803196969568867,2236,1,2.0,20,step1-插值损耗模型-仅正功率,LGXRFD,STATION_SEG,站端功率分段模型,CT_eff,CT_eff,9.4,10.0
high,high_lookup,9.4,58.0,60.0,59.00504,0.37456558433062154,2257,1,2.0,20,step1-插值损耗模型-仅正功率,LGXRFD,STATION_SEG,站端功率分段模型,CT_eff,CT_eff,9.4,10.0
high,high_lookup,9.4,60.0,62.0,60.9724285,0.38027499974701845,2242,1,2.0,20,step1-插值损耗模型-仅正功率,LGXRFD,STATION_SEG,站端功率分段模型,CT_eff,CT_eff,9.4,10.0
high,high_lookup,9.4,62.0,64.0,63.0177065,0.38735541120371725,2366,1,2.0,20,step1-插值损耗模型-仅正功率,LGXRFD,STATION_SEG,站端功率分段模型,CT_eff,CT_eff,9.4,10.0
high,high_lookup,9.4,64.0,66.0,64.9864025,0.38220704615217727,2218,1,2.0,20,step1-插值损耗模型-仅正功率,LGXRFD,STATION_SEG,站端功率分段模型,CT_eff,CT_eff,9.4,10.0
high,high_lookup,9.4,66.0,68.0,67.00569,0.3879250906330768,2167,1,2.0,20,step1-插值损耗模型-仅正功率,LGXRFD,STATION_SEG,站端功率分段模型,CT_eff,CT_eff,9.4,10.0
high,high_lookup,9.4,68.0,70.0,69.02752,0.38697114688995193,2203,1,2.0,20,step1-插值损耗模型-仅正功率,LGXRFD,STATION_SEG,站端功率分段模型,CT_eff,CT_eff,9.4,10.0
high,high_lookup,9.4,70.0,72.0,70.95425,0.39174629476489925,2099,1,2.0,20,step1-插值损耗模型-仅正功率,LGXRFD,STATION_SEG,站端功率分段模型,CT_eff,CT_eff,9.4,10.0
high,high_lookup,9.4,72.0,74.0,73.02074,0.39703401879757383,2041,1,2.0,20,step1-插值损耗模型-仅正功率,LGXRFD,STATION_SEG,站端功率分段模型,CT_eff,CT_eff,9.4,10.0
high,high_lookup,9.4,74.0,76.0,75.03374,0.3979405435718937,2159,1,2.0,20,step1-插值损耗模型-仅正功率,LGXRFD,STATION_SEG,站端功率分段模型,CT_eff,CT_eff,9.4,10.0
high,high_lookup,9.4,76.0,78.0,76.95639,0.41219715605312857,2011,1,2.0,20,step1-插值损耗模型-仅正功率,LGXRFD,STATION_SEG,站端功率分段模型,CT_eff,CT_eff,9.4,10.0
high,high_lookup,9.4,78.0,80.0,79.00773,0.41800001824917976,1999,1,2.0,20,step1-插值损耗模型-仅正功率,LGXRFD,STATION_SEG,站端功率分段模型,CT_eff,CT_eff,9.4,10.0
high,high_lookup,9.4,80.0,82.0,80.9471,0.2989978307462796,4460,1,2.0,20,step1-插值损耗模型-仅正功率,LGXRFD,STATION_SEG,站端功率分段模型,CT_eff,CT_eff,9.4,10.0
high,high_lookup,9.4,82.0,84.0,82.967423,0.4086218076170054,1940,1,2.0,20,step1-插值损耗模型-仅正功率,LGXRFD,STATION_SEG,站端功率分段模型,CT_eff,CT_eff,9.4,10.0
high,high_lookup,9.4,84.0,86.0,84.992966,0.42300188105614983,1895,1,2.0,20,step1-插值损耗模型-仅正功率,LGXRFD,STATION_SEG,站端功率分段模型,CT_eff,CT_eff,9.4,10.0
high,high_lookup,9.4,86.0,88.0,86.978715,0.4379925976049395,1972,1,2.0,20,step1-插值损耗模型-仅正功率,LGXRFD,STATION_SEG,站端功率分段模型,CT_eff,CT_eff,9.4,10.0
high,high_lookup,9.4,88.0,90.0,88.971176,0.42739899311883456,1829,1,2.0,20,step1-插值损耗模型-仅正功率,LGXRFD,STATION_SEG,站端功率分段模型,CT_eff,CT_eff,9.4,10.0
high,high_lookup,9.4,90.0,92.0,90.97545,0.44886279995097667,1765,1,2.0,20,step1-插值损耗模型-仅正功率,LGXRFD,STATION_SEG,站端功率分段模型,CT_eff,CT_eff,9.4,10.0
high,high_lookup,9.4,92.0,94.0,92.955536,0.4593172678592749,1707,1,2.0,20,step1-插值损耗模型-仅正功率,LGXRFD,STATION_SEG,站端功率分段模型,CT_eff,CT_eff,9.4,10.0
high,high_lookup,9.4,94.0,96.0,94.98602,0.45380752016183884,1781,1,2.0,20,step1-插值损耗模型-仅正功率,LGXRFD,STATION_SEG,站端功率分段模型,CT_eff,CT_eff,9.4,10.0
high,high_lookup,9.4,96.0,98.0,97.04088,0.4702481722054198,1758,1,2.0,20,step1-插值损耗模型-仅正功率,LGXRFD,STATION_SEG,站端功率分段模型,CT_eff,CT_eff,9.4,10.0
high,high_lookup,9.4,98.0,100.0,98.983183,0.4891309840891548,1848,1,2.0,20,step1-插值损耗模型-仅正功率,LGXRFD,STATION_SEG,站端功率分段模型,CT_eff,CT_eff,9.4,10.0
high,high_lookup,9.4,100.0,102.0,101.009475,0.47581016984768604,1760,1,2.0,20,step1-插值损耗模型-仅正功率,LGXRFD,STATION_SEG,站端功率分段模型,CT_eff,CT_eff,9.4,10.0
high,high_lookup,9.4,102.0,104.0,102.961105,0.47574588893294273,1713,1,2.0,20,step1-插值损耗模型-仅正功率,LGXRFD,STATION_SEG,站端功率分段模型,CT_eff,CT_eff,9.4,10.0
high,high_lookup,9.4,104.0,106.0,105.01785,0.4994776760173991,1657,1,2.0,20,step1-插值损耗模型-仅正功率,LGXRFD,STATION_SEG,站端功率分段模型,CT_eff,CT_eff,9.4,10.0
high,high_lookup,9.4,106.0,108.0,107.01239,0.5179796546448077,1579,1,2.0,20,step1-插值损耗模型-仅正功率,LGXRFD,STATION_SEG,站端功率分段模型,CT_eff,CT_eff,9.4,10.0
high,high_lookup,9.4,108.0,110.0,108.94154,0.5079574038258562,1542,1,2.0,20,step1-插值损耗模型-仅正功率,LGXRFD,STATION_SEG,站端功率分段模型,CT_eff,CT_eff,9.4,10.0
high,high_lookup,9.4,110.0,112.0,110.967525,0.5402224337117046,1586,1,2.0,20,step1-插值损耗模型-仅正功率,LGXRFD,STATION_SEG,站端功率分段模型,CT_eff,CT_eff,9.4,10.0
high,high_lookup,9.4,112.0,114.0,113.01679,0.4979689996737154,1436,1,2.0,20,step1-插值损耗模型-仅正功率,LGXRFD,STATION_SEG,站端功率分段模型,CT_eff,CT_eff,9.4,10.0
high,high_lookup,9.4,114.0,116.0,115.00723,0.5411276204026368,1407,1,2.0,20,step1-插值损耗模型-仅正功率,LGXRFD,STATION_SEG,站端功率分段模型,CT_eff,CT_eff,9.4,10.0
high,high_lookup,9.4,116.0,118.0,116.99618,0.5551772388942909,1441,1,2.0,20,step1-插值损耗模型-仅正功率,LGXRFD,STATION_SEG,站端功率分段模型,CT_eff,CT_eff,9.4,10.0
high,high_lookup,9.4,118.0,120.0,118.999985,0.5827182708483574,1453,1,2.0,20,step1-插值损耗模型-仅正功率,LGXRFD,STATION_SEG,站端功率分段模型,CT_eff,CT_eff,9.4,10.0
high,high_lookup,9.4,120.0,122.0,121.02112,0.5804993410416178,1505,1,2.0,20,step1-插值损耗模型-仅正功率,LGXRFD,STATION_SEG,站端功率分段模型,CT_eff,CT_eff,9.4,10.0
high,high_lookup,9.4,122.0,124.0,123.03212,0.5828589732829912,1545,1,2.0,20,step1-插值损耗模型-仅正功率,LGXRFD,STATION_SEG,站端功率分段模型,CT_eff,CT_eff,9.4,10.0
high,high_lookup,9.4,124.0,126.0,124.98734999999999,0.5728224446287178,1558,1,2.0,20,step1-插值损耗模型-仅正功率,LGXRFD,STATION_SEG,站端功率分段模型,CT_eff,CT_eff,9.4,10.0
high,high_lookup,9.4,126.0,128.0,127.00571,0.5986627679277647,1531,1,2.0,20,step1-插值损耗模型-仅正功率,LGXRFD,STATION_SEG,站端功率分段模型,CT_eff,CT_eff,9.4,10.0
high,high_lookup,9.4,128.0,130.0,128.96286,0.6306397312302581,1479,1,2.0,20,step1-插值损耗模型-仅正功率,LGXRFD,STATION_SEG,站端功率分段模型,CT_eff,CT_eff,9.4,10.0
high,high_lookup,9.4,130.0,132.0,130.97872,0.6178045404567896,1400,1,2.0,20,step1-插值损耗模型-仅正功率,LGXRFD,STATION_SEG,站端功率分段模型,CT_eff,CT_eff,9.4,10.0
high,high_lookup,9.4,132.0,134.0,132.98187,0.6618530607079877,1343,1,2.0,20,step1-插值损耗模型-仅正功率,LGXRFD,STATION_SEG,站端功率分段模型,CT_eff,CT_eff,9.4,10.0
high,high_lookup,9.4,134.0,136.0,134.98637,0.6762532327751831,1304,1,2.0,20,step1-插值损耗模型-仅正功率,LGXRFD,STATION_SEG,站端功率分段模型,CT_eff,CT_eff,9.4,10.0
high,high_lookup,9.4,136.0,138.0,136.99095,0.6614888990027442,1382,1,2.0,20,step1-插值损耗模型-仅正功率,LGXRFD,STATION_SEG,站端功率分段模型,CT_eff,CT_eff,9.4,10.0
high,high_lookup,9.4,138.0,140.0,139.01448,0.6854252550484068,1391,1,2.0,20,step1-插值损耗模型-仅正功率,LGXRFD,STATION_SEG,站端功率分段模型,CT_eff,CT_eff,9.4,10.0
high,high_lookup,9.4,140.0,142.0,141.04666,0.7044052658860962,1378,1,2.0,20,step1-插值损耗模型-仅正功率,LGXRFD,STATION_SEG,站端功率分段模型,CT_eff,CT_eff,9.4,10.0
high,high_lookup,9.4,142.0,144.0,143.014,0.7124684416346572,1425,1,2.0,20,step1-插值损耗模型-仅正功率,LGXRFD,STATION_SEG,站端功率分段模型,CT_eff,CT_eff,9.4,10.0
high,high_lookup,9.4,144.0,146.0,144.997705,0.6919312609814466,1346,1,2.0,20,step1-插值损耗模型-仅正功率,LGXRFD,STATION_SEG,站端功率分段模型,CT_eff,CT_eff,9.4,10.0
high,high_lookup,9.4,146.0,148.0,147.00745,0.7134526822914181,1372,1,2.0,20,step1-插值损耗模型-仅正功率,LGXRFD,STATION_SEG,站端功率分段模型,CT_eff,CT_eff,9.4,10.0
high,high_lookup,9.4,148.0,150.0,148.96376,0.7694502474120979,1303,1,2.0,20,step1-插值损耗模型-仅正功率,LGXRFD,STATION_SEG,站端功率分段模型,CT_eff,CT_eff,9.4,10.0
high,high_lookup,9.4,150.0,152.0,150.95862499999998,0.7842556218692565,1242,1,2.0,20,step1-插值损耗模型-仅正功率,LGXRFD,STATION_SEG,站端功率分段模型,CT_eff,CT_eff,9.4,10.0
high,high_lookup,9.4,152.0,154.0,152.985275,0.7376705123575925,1114,1,2.0,20,step1-插值损耗模型-仅正功率,LGXRFD,STATION_SEG,站端功率分段模型,CT_eff,CT_eff,9.4,10.0
high,high_lookup,9.4,154.0,156.0,155.00525,0.809196522657057,1107,1,2.0,20,step1-插值损耗模型-仅正功率,LGXRFD,STATION_SEG,站端功率分段模型,CT_eff,CT_eff,9.4,10.0
high,high_lookup,9.4,156.0,158.0,156.99329,0.8223958494637463,1162,1,2.0,20,step1-插值损耗模型-仅正功率,LGXRFD,STATION_SEG,站端功率分段模型,CT_eff,CT_eff,9.4,10.0
high,high_lookup,9.4,158.0,160.0,158.950265,0.8028918931464382,1070,1,2.0,20,step1-插值损耗模型-仅正功率,LGXRFD,STATION_SEG,站端功率分段模型,CT_eff,CT_eff,9.4,10.0
high,high_lookup,9.4,160.0,162.0,160.98577999999998,0.8822884361852632,1074,1,2.0,20,step1-插值损耗模型-仅正功率,LGXRFD,STATION_SEG,站端功率分段模型,CT_eff,CT_eff,9.4,10.0
high,high_lookup,9.4,162.0,164.0,162.98597,0.8535233097390864,1232,1,2.0,20,step1-插值损耗模型-仅正功率,LGXRFD,STATION_SEG,站端功率分段模型,CT_eff,CT_eff,9.4,10.0
high,high_lookup,9.4,164.0,166.0,164.97748,0.8441067942586085,1191,1,2.0,20,step1-插值损耗模型-仅正功率,LGXRFD,STATION_SEG,站端功率分段模型,CT_eff,CT_eff,9.4,10.0
high,high_lookup,9.4,166.0,168.0,166.95069999999998,0.8465315231015388,1070,1,2.0,20,step1-插值损耗模型-仅正功率,LGXRFD,STATION_SEG,站端功率分段模型,CT_eff,CT_eff,9.4,10.0
high,high_lookup,9.4,168.0,170.0,169.016935,0.8849231590491005,1070,1,2.0,20,step1-插值损耗模型-仅正功率,LGXRFD,STATION_SEG,站端功率分段模型,CT_eff,CT_eff,9.4,10.0
high,high_lookup,9.4,170.0,172.0,170.93585,0.8974491269855158,1163,1,2.0,20,step1-插值损耗模型-仅正功率,LGXRFD,STATION_SEG,站端功率分段模型,CT_eff,CT_eff,9.4,10.0
high,high_lookup,9.4,172.0,174.0,172.984475,0.9284677310932149,1112,1,2.0,20,step1-插值损耗模型-仅正功率,LGXRFD,STATION_SEG,站端功率分段模型,CT_eff,CT_eff,9.4,10.0
high,high_lookup,9.4,174.0,176.0,174.99982,0.9414786707329439,1105,1,2.0,20,step1-插值损耗模型-仅正功率,LGXRFD,STATION_SEG,站端功率分段模型,CT_eff,CT_eff,9.4,10.0
high,high_lookup,9.4,176.0,178.0,176.98709,0.9271703021570701,1077,1,2.0,20,step1-插值损耗模型-仅正功率,LGXRFD,STATION_SEG,站端功率分段模型,CT_eff,CT_eff,9.4,10.0
high,high_lookup,9.4,178.0,180.0,178.94869,0.9706531653422367,1038,1,2.0,20,step1-插值损耗模型-仅正功率,LGXRFD,STATION_SEG,站端功率分段模型,CT_eff,CT_eff,9.4,10.0
high,high_lookup,9.4,180.0,182.0,180.97656,0.9892530896899923,1017,1,2.0,20,step1-插值损耗模型-仅正功率,LGXRFD,STATION_SEG,站端功率分段模型,CT_eff,CT_eff,9.4,10.0
high,high_lookup,9.4,182.0,184.0,182.94596,1.0459178791243537,970,1,2.0,20,step1-插值损耗模型-仅正功率,LGXRFD,STATION_SEG,站端功率分段模型,CT_eff,CT_eff,9.4,10.0
high,high_lookup,9.4,184.0,186.0,185.02866,1.0743094977693302,965,1,2.0,20,step1-插值损耗模型-仅正功率,LGXRFD,STATION_SEG,站端功率分段模型,CT_eff,CT_eff,9.4,10.0
high,high_lookup,9.4,186.0,188.0,186.97452,0.9928075869817073,947,1,2.0,20,step1-插值损耗模型-仅正功率,LGXRFD,STATION_SEG,站端功率分段模型,CT_eff,CT_eff,9.4,10.0
high,high_lookup,9.4,188.0,190.0,189.02938999999998,1.0984866554469086,892,1,2.0,20,step1-插值损耗模型-仅正功率,LGXRFD,STATION_SEG,站端功率分段模型,CT_eff,CT_eff,9.4,10.0
high,high_lookup,9.4,190.0,192.0,191.031095,1.0541460065319332,970,1,2.0,20,step1-插值损耗模型-仅正功率,LGXRFD,STATION_SEG,站端功率分段模型,CT_eff,CT_eff,9.4,10.0
high,high_lookup,9.4,192.0,194.0,193.04636,1.1098466934108515,975,1,2.0,20,step1-插值损耗模型-仅正功率,LGXRFD,STATION_SEG,站端功率分段模型,CT_eff,CT_eff,9.4,10.0
high,high_lookup,9.4,194.0,196.0,195.01790499999998,1.0935454265698528,984,1,2.0,20,step1-插值损耗模型-仅正功率,LGXRFD,STATION_SEG,站端功率分段模型,CT_eff,CT_eff,9.4,10.0
high,high_lookup,9.4,196.0,198.0,196.99045,1.0669317067450015,961,1,2.0,20,step1-插值损耗模型-仅正功率,LGXRFD,STATION_SEG,站端功率分段模型,CT_eff,CT_eff,9.4,10.0
high,high_lookup,9.4,198.0,200.0,198.97168499999998,1.1223701626194804,936,1,2.0,20,step1-插值损耗模型-仅正功率,LGXRFD,STATION_SEG,站端功率分段模型,CT_eff,CT_eff,9.4,10.0
high,high_lookup,9.4,200.0,202.0,201.05500999999998,1.2186339788444485,996,1,2.0,20,step1-插值损耗模型-仅正功率,LGXRFD,STATION_SEG,站端功率分段模型,CT_eff,CT_eff,9.4,10.0
high,high_lookup,9.4,202.0,204.0,203.00671,1.233306257191718,905,1,2.0,20,step1-插值损耗模型-仅正功率,LGXRFD,STATION_SEG,站端功率分段模型,CT_eff,CT_eff,9.4,10.0
high,high_lookup,9.4,204.0,206.0,204.96424000000002,1.2414108326257742,884,1,2.0,20,step1-插值损耗模型-仅正功率,LGXRFD,STATION_SEG,站端功率分段模型,CT_eff,CT_eff,9.4,10.0
high,high_lookup,9.4,206.0,208.0,207.0401,1.1682517145619928,903,1,2.0,20,step1-插值损耗模型-仅正功率,LGXRFD,STATION_SEG,站端功率分段模型,CT_eff,CT_eff,9.4,10.0
high,high_lookup,9.4,208.0,210.0,209.031125,1.184567593583957,890,1,2.0,20,step1-插值损耗模型-仅正功率,LGXRFD,STATION_SEG,站端功率分段模型,CT_eff,CT_eff,9.4,10.0
high,high_lookup,9.4,210.0,212.0,211.07883,1.267303243568558,911,1,2.0,20,step1-插值损耗模型-仅正功率,LGXRFD,STATION_SEG,站端功率分段模型,CT_eff,CT_eff,9.4,10.0
high,high_lookup,9.4,212.0,214.0,212.980245,1.3088108327435255,918,1,2.0,20,step1-插值损耗模型-仅正功率,LGXRFD,STATION_SEG,站端功率分段模型,CT_eff,CT_eff,9.4,10.0
high,high_lookup,9.4,214.0,216.0,214.954955,1.3302039386308577,866,1,2.0,20,step1-插值损耗模型-仅正功率,LGXRFD,STATION_SEG,站端功率分段模型,CT_eff,CT_eff,9.4,10.0
high,high_lookup,9.4,216.0,218.0,217.0146,1.3073372977476199,860,1,2.0,20,step1-插值损耗模型-仅正功率,LGXRFD,STATION_SEG,站端功率分段模型,CT_eff,CT_eff,9.4,10.0
high,high_lookup,9.4,218.0,220.0,219.04642,1.416305172261102,812,1,2.0,20,step1-插值损耗模型-仅正功率,LGXRFD,STATION_SEG,站端功率分段模型,CT_eff,CT_eff,9.4,10.0
high,high_lookup,9.4,220.0,222.0,220.93243,1.436524273385611,821,1,2.0,20,step1-插值损耗模型-仅正功率,LGXRFD,STATION_SEG,站端功率分段模型,CT_eff,CT_eff,9.4,10.0
high,high_lookup,9.4,222.0,224.0,222.99516,1.3281283403357802,835,1,2.0,20,step1-插值损耗模型-仅正功率,LGXRFD,STATION_SEG,站端功率分段模型,CT_eff,CT_eff,9.4,10.0
high,high_lookup,9.4,224.0,226.0,224.99864,1.3969632280801076,778,1,2.0,20,step1-插值损耗模型-仅正功率,LGXRFD,STATION_SEG,站端功率分段模型,CT_eff,CT_eff,9.4,10.0
high,high_lookup,9.4,226.0,228.0,226.99547,1.36274238401666,792,1,2.0,20,step1-插值损耗模型-仅正功率,LGXRFD,STATION_SEG,站端功率分段模型,CT_eff,CT_eff,9.4,10.0
high,high_lookup,9.4,228.0,230.0,228.89917,1.3667732365643523,793,1,2.0,20,step1-插值损耗模型-仅正功率,LGXRFD,STATION_SEG,站端功率分段模型,CT_eff,CT_eff,9.4,10.0
high,high_lookup,9.4,230.0,232.0,230.971925,1.4435057171283836,756,1,2.0,20,step1-插值损耗模型-仅正功率,LGXRFD,STATION_SEG,站端功率分段模型,CT_eff,CT_eff,9.4,10.0
high,high_lookup,9.4,232.0,234.0,232.99147,1.4601609109073739,764,1,2.0,20,step1-插值损耗模型-仅正功率,LGXRFD,STATION_SEG,站端功率分段模型,CT_eff,CT_eff,9.4,10.0
high,high_lookup,9.4,234.0,236.0,235.0358,1.4586203047332185,777,1,2.0,20,step1-插值损耗模型-仅正功率,LGXRFD,STATION_SEG,站端功率分段模型,CT_eff,CT_eff,9.4,10.0
high,high_lookup,9.4,236.0,238.0,237.10097,1.517732072508328,751,1,2.0,20,step1-插值损耗模型-仅正功率,LGXRFD,STATION_SEG,站端功率分段模型,CT_eff,CT_eff,9.4,10.0
high,high_lookup,9.4,238.0,240.0,239.026,1.5814265788255621,750,1,2.0,20,step1-插值损耗模型-仅正功率,LGXRFD,STATION_SEG,站端功率分段模型,CT_eff,CT_eff,9.4,10.0
high,high_lookup,9.4,240.0,242.0,241.02518,1.43626913534898,847,1,2.0,20,step1-插值损耗模型-仅正功率,LGXRFD,STATION_SEG,站端功率分段模型,CT_eff,CT_eff,9.4,10.0
high,high_lookup,9.4,242.0,244.0,242.95499999999998,1.5555343095177194,784,1,2.0,20,step1-插值损耗模型-仅正功率,LGXRFD,STATION_SEG,站端功率分段模型,CT_eff,CT_eff,9.4,10.0
high,high_lookup,9.4,244.0,246.0,245.046295,1.4512984121536405,760,1,2.0,20,step1-插值损耗模型-仅正功率,LGXRFD,STATION_SEG,站端功率分段模型,CT_eff,CT_eff,9.4,10.0
high,high_lookup,9.4,246.0,248.0,246.99991,1.6080729709990003,778,1,2.0,20,step1-插值损耗模型-仅正功率,LGXRFD,STATION_SEG,站端功率分段模型,CT_eff,CT_eff,9.4,10.0
high,high_lookup,9.4,248.0,250.0,249.04443,1.5904901972833414,719,1,2.0,20,step1-插值损耗模型-仅正功率,LGXRFD,STATION_SEG,站端功率分段模型,CT_eff,CT_eff,9.4,10.0
high,high_lookup,9.4,250.0,252.0,250.8606,1.5628523704740103,753,1,2.0,20,step1-插值损耗模型-仅正功率,LGXRFD,STATION_SEG,站端功率分段模型,CT_eff,CT_eff,9.4,10.0
high,high_lookup,9.4,252.0,254.0,253.02493,1.556761840911055,721,1,2.0,20,step1-插值损耗模型-仅正功率,LGXRFD,STATION_SEG,站端功率分段模型,CT_eff,CT_eff,9.4,10.0
high,high_lookup,9.4,254.0,256.0,254.96964,1.6066921381599963,667,1,2.0,20,step1-插值损耗模型-仅正功率,LGXRFD,STATION_SEG,站端功率分段模型,CT_eff,CT_eff,9.4,10.0
high,high_lookup,9.4,256.0,258.0,257.06156999999996,1.5983028554949568,728,1,2.0,20,step1-插值损耗模型-仅正功率,LGXRFD,STATION_SEG,站端功率分段模型,CT_eff,CT_eff,9.4,10.0
high,high_lookup,9.4,258.0,260.0,258.9979,1.6486931041040318,699,1,2.0,20,step1-插值损耗模型-仅正功率,LGXRFD,STATION_SEG,站端功率分段模型,CT_eff,CT_eff,9.4,10.0
high,high_lookup,9.4,260.0,262.0,261.01056,1.672931908278464,703,1,2.0,20,step1-插值损耗模型-仅正功率,LGXRFD,STATION_SEG,站端功率分段模型,CT_eff,CT_eff,9.4,10.0
high,high_lookup,9.4,262.0,264.0,263.01121,1.6310829220008922,734,1,2.0,20,step1-插值损耗模型-仅正功率,LGXRFD,STATION_SEG,站端功率分段模型,CT_eff,CT_eff,9.4,10.0
high,high_lookup,9.4,264.0,266.0,265.02664500000003,1.701111533353825,754,1,2.0,20,step1-插值损耗模型-仅正功率,LGXRFD,STATION_SEG,站端功率分段模型,CT_eff,CT_eff,9.4,10.0
high,high_lookup,9.4,266.0,268.0,266.970215,1.573526848317652,740,1,2.0,20,step1-插值损耗模型-仅正功率,LGXRFD,STATION_SEG,站端功率分段模型,CT_eff,CT_eff,9.4,10.0
high,high_lookup,9.4,268.0,270.0,269.07434,1.6734552716906805,703,1,2.0,20,step1-插值损耗模型-仅正功率,LGXRFD,STATION_SEG,站端功率分段模型,CT_eff,CT_eff,9.4,10.0
high,high_lookup,9.4,270.0,272.0,270.9878,1.5977565546411836,787,1,2.0,20,step1-插值损耗模型-仅正功率,LGXRFD,STATION_SEG,站端功率分段模型,CT_eff,CT_eff,9.4,10.0
high,high_lookup,9.4,272.0,274.0,272.97192,1.756944117863852,775,1,2.0,20,step1-插值损耗模型-仅正功率,LGXRFD,STATION_SEG,站端功率分段模型,CT_eff,CT_eff,9.4,10.0
high,high_lookup,9.4,274.0,276.0,274.98276,1.7646854109631074,735,1,2.0,20,step1-插值损耗模型-仅正功率,LGXRFD,STATION_SEG,站端功率分段模型,CT_eff,CT_eff,9.4,10.0
high,high_lookup,9.4,276.0,278.0,276.99277,1.70403256318929,715,1,2.0,20,step1-插值损耗模型-仅正功率,LGXRFD,STATION_SEG,站端功率分段模型,CT_eff,CT_eff,9.4,10.0
high,high_lookup,9.4,278.0,280.0,279.01093,1.778670334289996,745,1,2.0,20,step1-插值损耗模型-仅正功率,LGXRFD,STATION_SEG,站端功率分段模型,CT_eff,CT_eff,9.4,10.0
high,high_lookup,9.4,280.0,282.0,281.0241,1.7801640475284002,701,1,2.0,20,step1-插值损耗模型-仅正功率,LGXRFD,STATION_SEG,站端功率分段模型,CT_eff,CT_eff,9.4,10.0
high,high_lookup,9.4,282.0,284.0,282.99258499999996,1.727894955668052,678,1,2.0,20,step1-插值损耗模型-仅正功率,LGXRFD,STATION_SEG,站端功率分段模型,CT_eff,CT_eff,9.4,10.0
high,high_lookup,9.4,284.0,286.0,284.960135,1.7266342330709625,710,1,2.0,20,step1-插值损耗模型-仅正功率,LGXRFD,STATION_SEG,站端功率分段模型,CT_eff,CT_eff,9.4,10.0
high,high_lookup,9.4,286.0,288.0,286.988695,1.7961770998248285,774,1,2.0,20,step1-插值损耗模型-仅正功率,LGXRFD,STATION_SEG,站端功率分段模型,CT_eff,CT_eff,9.4,10.0
high,high_lookup,9.4,288.0,290.0,289.03418,1.6292641045048322,705,1,2.0,20,step1-插值损耗模型-仅正功率,LGXRFD,STATION_SEG,站端功率分段模型,CT_eff,CT_eff,9.4,10.0
high,high_lookup,9.4,290.0,292.0,290.953,1.7018968823392857,717,1,2.0,20,step1-插值损耗模型-仅正功率,LGXRFD,STATION_SEG,站端功率分段模型,CT_eff,CT_eff,9.4,10.0
high,high_lookup,9.4,292.0,294.0,293.0641,1.8123721484522402,723,1,2.0,20,step1-插值损耗模型-仅正功率,LGXRFD,STATION_SEG,站端功率分段模型,CT_eff,CT_eff,9.4,10.0
high,high_lookup,9.4,294.0,296.0,294.995895,1.7243522800821065,756,1,2.0,20,step1-插值损耗模型-仅正功率,LGXRFD,STATION_SEG,站端功率分段模型,CT_eff,CT_eff,9.4,10.0
high,high_lookup,9.4,296.0,298.0,297.0196,1.908991478012756,685,1,2.0,20,step1-插值损耗模型-仅正功率,LGXRFD,STATION_SEG,站端功率分段模型,CT_eff,CT_eff,9.4,10.0
high,high_lookup,9.4,298.0,300.0,299.04987,1.9796299042765217,687,1,2.0,20,step1-插值损耗模型-仅正功率,LGXRFD,STATION_SEG,站端功率分段模型,CT_eff,CT_eff,9.4,10.0
high,high_lookup,9.4,300.0,302.0,301.0147,1.8829954100936404,725,1,2.0,20,step1-插值损耗模型-仅正功率,LGXRFD,STATION_SEG,站端功率分段模型,CT_eff,CT_eff,9.4,10.0
high,high_lookup,9.4,302.0,304.0,302.950655,1.8877409951035504,724,1,2.0,20,step1-插值损耗模型-仅正功率,LGXRFD,STATION_SEG,站端功率分段模型,CT_eff,CT_eff,9.4,10.0
high,high_lookup,9.4,304.0,306.0,304.97775,1.8266605460999776,757,1,2.0,20,step1-插值损耗模型-仅正功率,LGXRFD,STATION_SEG,站端功率分段模型,CT_eff,CT_eff,9.4,10.0
high,high_lookup,9.4,306.0,308.0,306.98026,1.7418985538154492,761,1,2.0,20,step1-插值损耗模型-仅正功率,LGXRFD,STATION_SEG,站端功率分段模型,CT_eff,CT_eff,9.4,10.0
high,high_lookup,9.4,308.0,310.0,308.9971,1.8430178869671303,791,1,2.0,20,step1-插值损耗模型-仅正功率,LGXRFD,STATION_SEG,站端功率分段模型,CT_eff,CT_eff,9.4,10.0
high,high_lookup,9.4,310.0,312.0,310.999515,1.8506431492416326,734,1,2.0,20,step1-插值损耗模型-仅正功率,LGXRFD,STATION_SEG,站端功率分段模型,CT_eff,CT_eff,9.4,10.0
high,high_lookup,9.4,312.0,314.0,313.054815,1.8739778395340998,830,1,2.0,20,step1-插值损耗模型-仅正功率,LGXRFD,STATION_SEG,站端功率分段模型,CT_eff,CT_eff,9.4,10.0
high,high_lookup,9.4,314.0,316.0,314.958825,1.8320497818443044,814,1,2.0,20,step1-插值损耗模型-仅正功率,LGXRFD,STATION_SEG,站端功率分段模型,CT_eff,CT_eff,9.4,10.0
high,high_lookup,9.4,316.0,318.0,316.996765,1.7504265001572725,680,1,2.0,20,step1-插值损耗模型-仅正功率,LGXRFD,STATION_SEG,站端功率分段模型,CT_eff,CT_eff,9.4,10.0
high,high_lookup,9.4,318.0,320.0,319.03918,1.6616113691850691,768,1,2.0,20,step1-插值损耗模型-仅正功率,LGXRFD,STATION_SEG,站端功率分段模型,CT_eff,CT_eff,9.4,10.0
high,high_lookup,9.4,320.0,322.0,320.9886,1.7348876922678313,799,1,2.0,20,step1-插值损耗模型-仅正功率,LGXRFD,STATION_SEG,站端功率分段模型,CT_eff,CT_eff,9.4,10.0
high,high_lookup,9.4,322.0,324.0,323.07578,1.7712621786164846,809,1,2.0,20,step1-插值损耗模型-仅正功率,LGXRFD,STATION_SEG,站端功率分段模型,CT_eff,CT_eff,9.4,10.0
high,high_lookup,9.4,324.0,326.0,324.97137,1.6500076509907375,831,1,2.0,20,step1-插值损耗模型-仅正功率,LGXRFD,STATION_SEG,站端功率分段模型,CT_eff,CT_eff,9.4,10.0
high,high_lookup,9.4,326.0,328.0,327.01054,1.6903304905893435,892,1,2.0,20,step1-插值损耗模型-仅正功率,LGXRFD,STATION_SEG,站端功率分段模型,CT_eff,CT_eff,9.4,10.0
high,high_lookup,9.4,328.0,330.0,329.064775,1.6582621586181259,978,1,2.0,20,step1-插值损耗模型-仅正功率,LGXRFD,STATION_SEG,站端功率分段模型,CT_eff,CT_eff,9.4,10.0
high,high_lookup,9.4,330.0,332.0,330.98834,1.7236879553692632,959,1,2.0,20,step1-插值损耗模型-仅正功率,LGXRFD,STATION_SEG,站端功率分段模型,CT_eff,CT_eff,9.4,10.0
high,high_lookup,9.4,332.0,334.0,332.98087,1.6192810146388408,1099,1,2.0,20,step1-插值损耗模型-仅正功率,LGXRFD,STATION_SEG,站端功率分段模型,CT_eff,CT_eff,9.4,10.0
high,high_lookup,9.4,334.0,336.0,335.030215,1.603814254009191,1104,1,2.0,20,step1-插值损耗模型-仅正功率,LGXRFD,STATION_SEG,站端功率分段模型,CT_eff,CT_eff,9.4,10.0
high,high_lookup,9.4,336.0,338.0,337.05271,1.6713026791395604,1092,1,2.0,20,step1-插值损耗模型-仅正功率,LGXRFD,STATION_SEG,站端功率分段模型,CT_eff,CT_eff,9.4,10.0
high,high_lookup,9.4,338.0,340.0,339.1858,1.2821100104959477,1557,1,2.0,20,step1-插值损耗模型-仅正功率,LGXRFD,STATION_SEG,站端功率分段模型,CT_eff,CT_eff,9.4,10.0
high,high_lookup,9.4,340.0,342.0,341.01172,1.4686280012162576,1333,1,2.0,20,step1-插值损耗模型-仅正功率,LGXRFD,STATION_SEG,站端功率分段模型,CT_eff,CT_eff,9.4,10.0
high,high_lookup,9.4,342.0,344.0,343.16653,1.1111544120714774,1855,1,2.0,20,step1-插值损耗模型-仅正功率,LGXRFD,STATION_SEG,站端功率分段模型,CT_eff,CT_eff,9.4,10.0
high,high_lookup,9.4,344.0,346.0,345.26605,1.010514154080732,1847,1,2.0,20,step1-插值损耗模型-仅正功率,LGXRFD,STATION_SEG,站端功率分段模型,CT_eff,CT_eff,9.4,10.0
high,high_lookup,9.4,346.0,348.0,346.72482,0.8732742505676014,2083,1,2.0,20,step1-插值损耗模型-仅正功率,LGXRFD,STATION_SEG,站端功率分段模型,CT_eff,CT_eff,9.4,10.0
high,high_lookup,9.4,348.0,350.0,349.37903,0.9364502252756413,2046,1,2.0,20,step1-插值损耗模型-仅正功率,LGXRFD,STATION_SEG,站端功率分段模型,CT_eff,CT_eff,9.4,10.0
high,high_lookup,9.4,350.0,352.0,351.09448,0.7661186074341009,2813,1,2.0,20,step1-插值损耗模型-仅正功率,LGXRFD,STATION_SEG,站端功率分段模型,CT_eff,CT_eff,9.4,10.0
high,high_lookup,9.4,352.0,354.0,353.08655,1.0266117195057993,1855,1,2.0,20,step1-插值损耗模型-仅正功率,LGXRFD,STATION_SEG,站端功率分段模型,CT_eff,CT_eff,9.4,10.0
high,high_lookup,9.4,354.0,356.0,355.0621,1.0282256580339364,1712,1,2.0,20,step1-插值损耗模型-仅正功率,LGXRFD,STATION_SEG,站端功率分段模型,CT_eff,CT_eff,9.4,10.0
high,high_lookup,9.4,356.0,358.0,357.19477,0.9790378162717057,1790,1,2.0,20,step1-插值损耗模型-仅正功率,LGXRFD,STATION_SEG,站端功率分段模型,CT_eff,CT_eff,9.4,10.0
high,high_lookup,9.4,358.0,360.0,359.042665,1.0622307622546894,1698,1,2.0,20,step1-插值损耗模型-仅正功率,LGXRFD,STATION_SEG,站端功率分段模型,CT_eff,CT_eff,9.4,10.0
high,high_lookup,9.4,360.0,362.0,361.123,0.8585993054282858,2077,1,2.0,20,step1-插值损耗模型-仅正功率,LGXRFD,STATION_SEG,站端功率分段模型,CT_eff,CT_eff,9.4,10.0
high,high_lookup,9.4,362.0,364.0,362.945375,0.6598445175539448,2796,1,2.0,20,step1-插值损耗模型-仅正功率,LGXRFD,STATION_SEG,站端功率分段模型,CT_eff,CT_eff,9.4,10.0
high,high_lookup,9.4,364.0,366.0,364.952875,0.596142958467621,3224,1,2.0,20,step1-插值损耗模型-仅正功率,LGXRFD,STATION_SEG,站端功率分段模型,CT_eff,CT_eff,9.4,10.0
high,high_lookup,9.4,366.0,368.0,367.03749000000005,0.5789133130124656,2392,1,2.0,20,step1-插值损耗模型-仅正功率,LGXRFD,STATION_SEG,站端功率分段模型,CT_eff,CT_eff,9.4,10.0
high,high_lookup,9.4,368.0,370.0,369.09385,0.5757943534467039,2474,1,2.0,20,step1-插值损耗模型-仅正功率,LGXRFD,STATION_SEG,站端功率分段模型,CT_eff,CT_eff,9.4,10.0
high,high_lookup,9.4,370.0,372.0,371.19943,0.5940461669156999,2909,1,2.0,20,step1-插值损耗模型-仅正功率,LGXRFD,STATION_SEG,站端功率分段模型,CT_eff,CT_eff,9.4,10.0
high,high_lookup,9.4,372.0,374.0,372.71735,0.4959787285575266,4506,1,2.0,20,step1-插值损耗模型-仅正功率,LGXRFD,STATION_SEG,站端功率分段模型,CT_eff,CT_eff,9.4,10.0
high,high_lookup,9.4,374.0,376.0,375.33948,0.5426156611247522,3249,1,2.0,20,step1-插值损耗模型-仅正功率,LGXRFD,STATION_SEG,站端功率分段模型,CT_eff,CT_eff,9.4,10.0
high,high_lookup,9.4,376.0,378.0,376.70087,0.5000034143149044,3330,1,2.0,20,step1-插值损耗模型-仅正功率,LGXRFD,STATION_SEG,站端功率分段模型,CT_eff,CT_eff,9.4,10.0
high,high_lookup,9.4,378.0,380.0,379.15707,0.44670243653936775,3420,1,2.0,20,step1-插值损耗模型-仅正功率,LGXRFD,STATION_SEG,站端功率分段模型,CT_eff,CT_eff,9.4,10.0
high,high_lookup,9.4,380.0,382.0,380.71176,0.5055476536238996,2088,1,2.0,20,step1-插值损耗模型-仅正功率,LGXRFD,STATION_SEG,站端功率分段模型,CT_eff,CT_eff,9.4,10.0
high,high_lookup,9.4,382.0,384.0,383.29690000000005,0.4446889579721142,3136,1,2.0,20,step1-插值损耗模型-仅正功率,LGXRFD,STATION_SEG,站端功率分段模型,CT_eff,CT_eff,9.4,10.0
high,high_lookup,9.4,384.0,386.0,385.09668,0.36802569871576407,2729,1,2.0,20,step1-插值损耗模型-仅正功率,LGXRFD,STATION_SEG,站端功率分段模型,CT_eff,CT_eff,9.4,10.0
high,high_lookup,9.4,386.0,388.0,387.14777,0.3268843447766245,3636,1,2.0,20,step1-插值损耗模型-仅正功率,LGXRFD,STATION_SEG,站端功率分段模型,CT_eff,CT_eff,9.4,10.0
high,high_lookup,9.4,388.0,390.0,388.65752499999996,0.34548728084129887,974,1,2.0,20,step1-插值损耗模型-仅正功率,LGXRFD,STATION_SEG,站端功率分段模型,CT_eff,CT_eff,9.4,10.0
high,high_lookup,9.4,390.0,392.0,390.97191,0.31038879554141896,1716,1,2.0,20,step1-插值损耗模型-仅正功率,LGXRFD,STATION_SEG,站端功率分段模型,CT_eff,CT_eff,9.4,10.0
high,high_lookup,9.4,392.0,394.0,393.72116,0.33789763958942565,132,1,2.0,20,step1-插值损耗模型-仅正功率,LGXRFD,STATION_SEG,站端功率分段模型,CT_eff,CT_eff,9.4,10.0
high,high_lookup,9.4,394.0,396.0,394.129885,0.28510408400054404,98,1,2.0,20,step1-插值损耗模型-仅正功率,LGXRFD,STATION_SEG,站端功率分段模型,CT_eff,CT_eff,9.4,10.0
low,low_lookup,10.0,0.0,0.1,0.045,0.014202213827778996,3537,1,0.1,20,step1-插值损耗模型-仅正功率,LGXRFD,FAN_SEG,风机总功率分段模型,FAN_eff,FAN_eff,10.0,10.0
low,low_lookup,10.0,0.1,0.2,0.145,0.0,2235,1,0.1,20,step1-插值损耗模型-仅正功率,LGXRFD,FAN_SEG,风机总功率分段模型,FAN_eff,FAN_eff,10.0,10.0
low,low_lookup,10.0,0.2,0.30000000000000004,0.249,0.0,1604,1,0.1,20,step1-插值损耗模型-仅正功率,LGXRFD,FAN_SEG,风机总功率分段模型,FAN_eff,FAN_eff,10.0,10.0
low,low_lookup,10.0,0.30000000000000004,0.4,0.348,0.0,1219,1,0.1,20,step1-插值损耗模型-仅正功率,LGXRFD,FAN_SEG,风机总功率分段模型,FAN_eff,FAN_eff,10.0,10.0
low,low_lookup,10.0,0.4,0.5,0.451,0.0,1156,1,0.1,20,step1-插值损耗模型-仅正功率,LGXRFD,FAN_SEG,风机总功率分段模型,FAN_eff,FAN_eff,10.0,10.0
low,low_lookup,10.0,0.5,0.6000000000000001,0.548,0.0,977,1,0.1,20,step1-插值损耗模型-仅正功率,LGXRFD,FAN_SEG,风机总功率分段模型,FAN_eff,FAN_eff,10.0,10.0
low,low_lookup,10.0,0.6000000000000001,0.7000000000000001,0.647,0.0,853,1,0.1,20,step1-插值损耗模型-仅正功率,LGXRFD,FAN_SEG,风机总功率分段模型,FAN_eff,FAN_eff,10.0,10.0
low,low_lookup,10.0,0.7000000000000001,0.8,0.75,0.0,715,1,0.1,20,step1-插值损耗模型-仅正功率,LGXRFD,FAN_SEG,风机总功率分段模型,FAN_eff,FAN_eff,10.0,10.0
low,low_lookup,10.0,0.8,0.9,0.85,0.0,612,1,0.1,20,step1-插值损耗模型-仅正功率,LGXRFD,FAN_SEG,风机总功率分段模型,FAN_eff,FAN_eff,10.0,10.0
low,low_lookup,10.0,0.9,1.0,0.95,0.0,590,1,0.1,20,step1-插值损耗模型-仅正功率,LGXRFD,FAN_SEG,风机总功率分段模型,FAN_eff,FAN_eff,10.0,10.0
low,low_lookup,10.0,1.0,1.1,1.053,0.0,605,1,0.1,20,step1-插值损耗模型-仅正功率,LGXRFD,FAN_SEG,风机总功率分段模型,FAN_eff,FAN_eff,10.0,10.0
low,low_lookup,10.0,1.1,1.2000000000000002,1.15,0.0,559,1,0.1,20,step1-插值损耗模型-仅正功率,LGXRFD,FAN_SEG,风机总功率分段模型,FAN_eff,FAN_eff,10.0,10.0
low,low_lookup,10.0,1.2000000000000002,1.3,1.248,0.0,609,1,0.1,20,step1-插值损耗模型-仅正功率,LGXRFD,FAN_SEG,风机总功率分段模型,FAN_eff,FAN_eff,10.0,10.0
low,low_lookup,10.0,1.3,1.4000000000000001,1.349,0.0,560,1,0.1,20,step1-插值损耗模型-仅正功率,LGXRFD,FAN_SEG,风机总功率分段模型,FAN_eff,FAN_eff,10.0,10.0
low,low_lookup,10.0,1.4000000000000001,1.5,1.4455,0.0,468,1,0.1,20,step1-插值损耗模型-仅正功率,LGXRFD,FAN_SEG,风机总功率分段模型,FAN_eff,FAN_eff,10.0,10.0
low,low_lookup,10.0,1.5,1.6,1.55,0.0,494,1,0.1,20,step1-插值损耗模型-仅正功率,LGXRFD,FAN_SEG,风机总功率分段模型,FAN_eff,FAN_eff,10.0,10.0
low,low_lookup,10.0,1.6,1.7000000000000002,1.65,0.0,454,1,0.1,20,step1-插值损耗模型-仅正功率,LGXRFD,FAN_SEG,风机总功率分段模型,FAN_eff,FAN_eff,10.0,10.0
low,low_lookup,10.0,1.7000000000000002,1.8,1.749,0.0,413,1,0.1,20,step1-插值损耗模型-仅正功率,LGXRFD,FAN_SEG,风机总功率分段模型,FAN_eff,FAN_eff,10.0,10.0
low,low_lookup,10.0,1.8,1.9000000000000001,1.851,0.0,410,1,0.1,20,step1-插值损耗模型-仅正功率,LGXRFD,FAN_SEG,风机总功率分段模型,FAN_eff,FAN_eff,10.0,10.0
low,low_lookup,10.0,1.9000000000000001,2.0,1.954,0.0,357,1,0.1,20,step1-插值损耗模型-仅正功率,LGXRFD,FAN_SEG,风机总功率分段模型,FAN_eff,FAN_eff,10.0,10.0
low,low_lookup,10.0,2.0,2.1,2.048,0.0,400,1,0.1,20,step1-插值损耗模型-仅正功率,LGXRFD,FAN_SEG,风机总功率分段模型,FAN_eff,FAN_eff,10.0,10.0
low,low_lookup,10.0,2.1,2.2,2.153,0.0,372,1,0.1,20,step1-插值损耗模型-仅正功率,LGXRFD,FAN_SEG,风机总功率分段模型,FAN_eff,FAN_eff,10.0,10.0
low,low_lookup,10.0,2.2,2.3000000000000003,2.247,0.0,354,1,0.1,20,step1-插值损耗模型-仅正功率,LGXRFD,FAN_SEG,风机总功率分段模型,FAN_eff,FAN_eff,10.0,10.0
low,low_lookup,10.0,2.3000000000000003,2.4000000000000004,2.372,0.0,211,1,0.1,20,step1-插值损耗模型-仅正功率,LGXRFD,FAN_SEG,风机总功率分段模型,FAN_eff,FAN_eff,10.0,10.0
low,low_lookup,10.0,2.4000000000000004,2.5,2.428,0.0,211,1,0.1,20,step1-插值损耗模型-仅正功率,LGXRFD,FAN_SEG,风机总功率分段模型,FAN_eff,FAN_eff,10.0,10.0
low,low_lookup,10.0,2.5,2.6,2.551,0.0,340,1,0.1,20,step1-插值损耗模型-仅正功率,LGXRFD,FAN_SEG,风机总功率分段模型,FAN_eff,FAN_eff,10.0,10.0
low,low_lookup,10.0,2.6,2.7,2.6515,0.0,350,1,0.1,20,step1-插值损耗模型-仅正功率,LGXRFD,FAN_SEG,风机总功率分段模型,FAN_eff,FAN_eff,10.0,10.0
low,low_lookup,10.0,2.7,2.8000000000000003,2.7525,0.0,284,1,0.1,20,step1-插值损耗模型-仅正功率,LGXRFD,FAN_SEG,风机总功率分段模型,FAN_eff,FAN_eff,10.0,10.0
low,low_lookup,10.0,2.8000000000000003,2.9000000000000004,2.851,0.0,336,1,0.1,20,step1-插值损耗模型-仅正功率,LGXRFD,FAN_SEG,风机总功率分段模型,FAN_eff,FAN_eff,10.0,10.0
low,low_lookup,10.0,2.9000000000000004,3.0,2.949,0.0,324,1,0.1,20,step1-插值损耗模型-仅正功率,LGXRFD,FAN_SEG,风机总功率分段模型,FAN_eff,FAN_eff,10.0,10.0
low,low_lookup,10.0,3.0,3.1,3.05,0.00038858429089768217,258,1,0.1,20,step1-插值损耗模型-仅正功率,LGXRFD,FAN_SEG,风机总功率分段模型,FAN_eff,FAN_eff,10.0,10.0
low,low_lookup,10.0,3.1,3.2,3.148,0.0004769516985688107,247,1,0.1,20,step1-插值损耗模型-仅正功率,LGXRFD,FAN_SEG,风机总功率分段模型,FAN_eff,FAN_eff,10.0,10.0
low,low_lookup,10.0,3.2,3.3000000000000003,3.253,0.002109911482521693,220,1,0.1,20,step1-插值损耗模型-仅正功率,LGXRFD,FAN_SEG,风机总功率分段模型,FAN_eff,FAN_eff,10.0,10.0
low,low_lookup,10.0,3.3000000000000003,3.4000000000000004,3.35,0.08053838013582452,239,1,0.1,20,step1-插值损耗模型-仅正功率,LGXRFD,FAN_SEG,风机总功率分段模型,FAN_eff,FAN_eff,10.0,10.0
low,low_lookup,10.0,3.4000000000000004,3.5,3.451,0.3831857086401923,353,1,0.1,20,step1-插值损耗模型-仅正功率,LGXRFD,FAN_SEG,风机总功率分段模型,FAN_eff,FAN_eff,10.0,10.0
low,low_lookup,10.0,3.5,3.6,3.547,0.45966593267626976,328,1,0.1,20,step1-插值损耗模型-仅正功率,LGXRFD,FAN_SEG,风机总功率分段模型,FAN_eff,FAN_eff,10.0,10.0
low,low_lookup,10.0,3.6,3.7,3.649,0.4538107811915345,321,1,0.1,20,step1-插值损耗模型-仅正功率,LGXRFD,FAN_SEG,风机总功率分段模型,FAN_eff,FAN_eff,10.0,10.0
low,low_lookup,10.0,3.7,3.8000000000000003,3.75,0.48279121123355623,338,1,0.1,20,step1-插值损耗模型-仅正功率,LGXRFD,FAN_SEG,风机总功率分段模型,FAN_eff,FAN_eff,10.0,10.0
low,low_lookup,10.0,3.8000000000000003,3.9000000000000004,3.853,0.48672779224895324,323,1,0.1,20,step1-插值损耗模型-仅正功率,LGXRFD,FAN_SEG,风机总功率分段模型,FAN_eff,FAN_eff,10.0,10.0
low,low_lookup,10.0,3.9000000000000004,4.0,3.95,0.4795679055430559,311,1,0.1,20,step1-插值损耗模型-仅正功率,LGXRFD,FAN_SEG,风机总功率分段模型,FAN_eff,FAN_eff,10.0,10.0
low,low_lookup,10.0,4.0,4.1000000000000005,4.047,0.5080626152953476,315,1,0.1,20,step1-插值损耗模型-仅正功率,LGXRFD,FAN_SEG,风机总功率分段模型,FAN_eff,FAN_eff,10.0,10.0
low,low_lookup,10.0,4.1000000000000005,4.2,4.1465,0.5161470006050738,324,1,0.1,20,step1-插值损耗模型-仅正功率,LGXRFD,FAN_SEG,风机总功率分段模型,FAN_eff,FAN_eff,10.0,10.0
low,low_lookup,10.0,4.2,4.3,4.247,0.5346760024539989,303,1,0.1,20,step1-插值损耗模型-仅正功率,LGXRFD,FAN_SEG,风机总功率分段模型,FAN_eff,FAN_eff,10.0,10.0
low,low_lookup,10.0,4.3,4.4,4.351,0.4794140910384405,327,1,0.1,20,step1-插值损耗模型-仅正功率,LGXRFD,FAN_SEG,风机总功率分段模型,FAN_eff,FAN_eff,10.0,10.0
low,low_lookup,10.0,4.4,4.5,4.45,0.5187425767401177,261,1,0.1,20,step1-插值损耗模型-仅正功率,LGXRFD,FAN_SEG,风机总功率分段模型,FAN_eff,FAN_eff,10.0,10.0
low,low_lookup,10.0,4.5,4.6000000000000005,4.554,0.502376961327897,301,1,0.1,20,step1-插值损耗模型-仅正功率,LGXRFD,FAN_SEG,风机总功率分段模型,FAN_eff,FAN_eff,10.0,10.0
low,low_lookup,10.0,4.6000000000000005,4.7,4.652,0.5253521480184098,264,1,0.1,20,step1-插值损耗模型-仅正功率,LGXRFD,FAN_SEG,风机总功率分段模型,FAN_eff,FAN_eff,10.0,10.0
low,low_lookup,10.0,4.7,4.800000000000001,4.749,0.5253528712486596,281,1,0.1,20,step1-插值损耗模型-仅正功率,LGXRFD,FAN_SEG,风机总功率分段模型,FAN_eff,FAN_eff,10.0,10.0
low,low_lookup,10.0,4.800000000000001,4.9,4.8535,0.48040319059795705,268,1,0.1,20,step1-插值损耗模型-仅正功率,LGXRFD,FAN_SEG,风机总功率分段模型,FAN_eff,FAN_eff,10.0,10.0
low,low_lookup,10.0,4.9,5.0,4.948,0.5395375945844647,259,1,0.1,20,step1-插值损耗模型-仅正功率,LGXRFD,FAN_SEG,风机总功率分段模型,FAN_eff,FAN_eff,10.0,10.0
low,low_lookup,10.0,5.0,5.1000000000000005,5.052,0.5549195341348558,254,1,0.1,20,step1-插值损耗模型-仅正功率,LGXRFD,FAN_SEG,风机总功率分段模型,FAN_eff,FAN_eff,10.0,10.0
low,low_lookup,10.0,5.1000000000000005,5.2,5.151,0.5011665825955448,235,1,0.1,20,step1-插值损耗模型-仅正功率,LGXRFD,FAN_SEG,风机总功率分段模型,FAN_eff,FAN_eff,10.0,10.0
low,low_lookup,10.0,5.2,5.300000000000001,5.246,0.5537393245380383,249,1,0.1,20,step1-插值损耗模型-仅正功率,LGXRFD,FAN_SEG,风机总功率分段模型,FAN_eff,FAN_eff,10.0,10.0
low,low_lookup,10.0,5.300000000000001,5.4,5.347,0.5217539472271798,245,1,0.1,20,step1-插值损耗模型-仅正功率,LGXRFD,FAN_SEG,风机总功率分段模型,FAN_eff,FAN_eff,10.0,10.0
low,low_lookup,10.0,5.4,5.5,5.45,0.5224348490884195,234,1,0.1,20,step1-插值损耗模型-仅正功率,LGXRFD,FAN_SEG,风机总功率分段模型,FAN_eff,FAN_eff,10.0,10.0
low,low_lookup,10.0,5.5,5.6000000000000005,5.548,0.5104820009813169,287,1,0.1,20,step1-插值损耗模型-仅正功率,LGXRFD,FAN_SEG,风机总功率分段模型,FAN_eff,FAN_eff,10.0,10.0
low,low_lookup,10.0,5.6000000000000005,5.7,5.6495,0.5611322975896513,292,1,0.1,20,step1-插值损耗模型-仅正功率,LGXRFD,FAN_SEG,风机总功率分段模型,FAN_eff,FAN_eff,10.0,10.0
low,low_lookup,10.0,5.7,5.800000000000001,5.751,0.5477921331922266,271,1,0.1,20,step1-插值损耗模型-仅正功率,LGXRFD,FAN_SEG,风机总功率分段模型,FAN_eff,FAN_eff,10.0,10.0
low,low_lookup,10.0,5.800000000000001,5.9,5.849,0.5402379941019558,246,1,0.1,20,step1-插值损耗模型-仅正功率,LGXRFD,FAN_SEG,风机总功率分段模型,FAN_eff,FAN_eff,10.0,10.0
low,low_lookup,10.0,5.9,6.0,5.952500000000001,0.5166248652185396,254,1,0.1,20,step1-插值损耗模型-仅正功率,LGXRFD,FAN_SEG,风机总功率分段模型,FAN_eff,FAN_eff,10.0,10.0
low,low_lookup,10.0,6.0,6.1000000000000005,6.049,0.5794373794360242,244,1,0.1,20,step1-插值损耗模型-仅正功率,LGXRFD,FAN_SEG,风机总功率分段模型,FAN_eff,FAN_eff,10.0,10.0
low,low_lookup,10.0,6.1000000000000005,6.2,6.149,0.5364514767265951,257,1,0.1,20,step1-插值损耗模型-仅正功率,LGXRFD,FAN_SEG,风机总功率分段模型,FAN_eff,FAN_eff,10.0,10.0
low,low_lookup,10.0,6.2,6.300000000000001,6.248,0.5270268589879076,224,1,0.1,20,step1-插值损耗模型-仅正功率,LGXRFD,FAN_SEG,风机总功率分段模型,FAN_eff,FAN_eff,10.0,10.0
low,low_lookup,10.0,6.300000000000001,6.4,6.351,0.5919166582228512,237,1,0.1,20,step1-插值损耗模型-仅正功率,LGXRFD,FAN_SEG,风机总功率分段模型,FAN_eff,FAN_eff,10.0,10.0
low,low_lookup,10.0,6.4,6.5,6.458,0.6047830938799784,234,1,0.1,20,step1-插值损耗模型-仅正功率,LGXRFD,FAN_SEG,风机总功率分段模型,FAN_eff,FAN_eff,10.0,10.0
low,low_lookup,10.0,6.5,6.6000000000000005,6.55,0.5519404669587682,238,1,0.1,20,step1-插值损耗模型-仅正功率,LGXRFD,FAN_SEG,风机总功率分段模型,FAN_eff,FAN_eff,10.0,10.0
low,low_lookup,10.0,6.6000000000000005,6.7,6.654,0.5368511179969915,272,1,0.1,20,step1-插值损耗模型-仅正功率,LGXRFD,FAN_SEG,风机总功率分段模型,FAN_eff,FAN_eff,10.0,10.0
low,low_lookup,10.0,6.7,6.800000000000001,6.748,0.5488566592191993,229,1,0.1,20,step1-插值损耗模型-仅正功率,LGXRFD,FAN_SEG,风机总功率分段模型,FAN_eff,FAN_eff,10.0,10.0
low,low_lookup,10.0,6.800000000000001,6.9,6.855,0.5681481273129702,242,1,0.1,20,step1-插值损耗模型-仅正功率,LGXRFD,FAN_SEG,风机总功率分段模型,FAN_eff,FAN_eff,10.0,10.0
low,low_lookup,10.0,6.9,7.0,6.951,0.5641265945608016,239,1,0.1,20,step1-插值损耗模型-仅正功率,LGXRFD,FAN_SEG,风机总功率分段模型,FAN_eff,FAN_eff,10.0,10.0
low,low_lookup,10.0,7.0,7.1000000000000005,7.05,0.5706319280663502,209,1,0.1,20,step1-插值损耗模型-仅正功率,LGXRFD,FAN_SEG,风机总功率分段模型,FAN_eff,FAN_eff,10.0,10.0
low,low_lookup,10.0,7.1000000000000005,7.2,7.1525,0.5599262305216031,218,1,0.1,20,step1-插值损耗模型-仅正功率,LGXRFD,FAN_SEG,风机总功率分段模型,FAN_eff,FAN_eff,10.0,10.0
low,low_lookup,10.0,7.2,7.300000000000001,7.249,0.544868798575708,231,1,0.1,20,step1-插值损耗模型-仅正功率,LGXRFD,FAN_SEG,风机总功率分段模型,FAN_eff,FAN_eff,10.0,10.0
low,low_lookup,10.0,7.300000000000001,7.4,7.35,0.5884899101791946,202,1,0.1,20,step1-插值损耗模型-仅正功率,LGXRFD,FAN_SEG,风机总功率分段模型,FAN_eff,FAN_eff,10.0,10.0
low,low_lookup,10.0,7.4,7.5,7.45,0.6108367193141985,191,1,0.1,20,step1-插值损耗模型-仅正功率,LGXRFD,FAN_SEG,风机总功率分段模型,FAN_eff,FAN_eff,10.0,10.0
low,low_lookup,10.0,7.5,7.6000000000000005,7.5435,0.6044241608990085,190,1,0.1,20,step1-插值损耗模型-仅正功率,LGXRFD,FAN_SEG,风机总功率分段模型,FAN_eff,FAN_eff,10.0,10.0
low,low_lookup,10.0,7.6000000000000005,7.7,7.6434999999999995,0.5109454909162984,202,1,0.1,20,step1-插值损耗模型-仅正功率,LGXRFD,FAN_SEG,风机总功率分段模型,FAN_eff,FAN_eff,10.0,10.0
low,low_lookup,10.0,7.7,7.800000000000001,7.7524999999999995,0.5699907698922914,186,1,0.1,20,step1-插值损耗模型-仅正功率,LGXRFD,FAN_SEG,风机总功率分段模型,FAN_eff,FAN_eff,10.0,10.0
low,low_lookup,10.0,7.800000000000001,7.9,7.853,0.5860850360819516,190,1,0.1,20,step1-插值损耗模型-仅正功率,LGXRFD,FAN_SEG,风机总功率分段模型,FAN_eff,FAN_eff,10.0,10.0
low,low_lookup,10.0,7.9,8.0,7.954,0.598127485828964,173,1,0.1,20,step1-插值损耗模型-仅正功率,LGXRFD,FAN_SEG,风机总功率分段模型,FAN_eff,FAN_eff,10.0,10.0
low,low_lookup,10.0,8.0,8.1,8.061,0.5569925781023687,191,1,0.1,20,step1-插值损耗模型-仅正功率,LGXRFD,FAN_SEG,风机总功率分段模型,FAN_eff,FAN_eff,10.0,10.0
low,low_lookup,10.0,8.1,8.200000000000001,8.156500000000001,0.5717641449362895,190,1,0.1,20,step1-插值损耗模型-仅正功率,LGXRFD,FAN_SEG,风机总功率分段模型,FAN_eff,FAN_eff,10.0,10.0
low,low_lookup,10.0,8.200000000000001,8.3,8.242,0.5756867885663793,197,1,0.1,20,step1-插值损耗模型-仅正功率,LGXRFD,FAN_SEG,风机总功率分段模型,FAN_eff,FAN_eff,10.0,10.0
low,low_lookup,10.0,8.3,8.4,8.347,0.5954667739976808,173,1,0.1,20,step1-插值损耗模型-仅正功率,LGXRFD,FAN_SEG,风机总功率分段模型,FAN_eff,FAN_eff,10.0,10.0
low,low_lookup,10.0,8.4,8.5,8.454,0.5551433488991179,211,1,0.1,20,step1-插值损耗模型-仅正功率,LGXRFD,FAN_SEG,风机总功率分段模型,FAN_eff,FAN_eff,10.0,10.0
low,low_lookup,10.0,8.5,8.6,8.548,0.5791494005677726,206,1,0.1,20,step1-插值损耗模型-仅正功率,LGXRFD,FAN_SEG,风机总功率分段模型,FAN_eff,FAN_eff,10.0,10.0
low,low_lookup,10.0,8.6,8.700000000000001,8.65,0.5364555401140519,197,1,0.1,20,step1-插值损耗模型-仅正功率,LGXRFD,FAN_SEG,风机总功率分段模型,FAN_eff,FAN_eff,10.0,10.0
low,low_lookup,10.0,8.700000000000001,8.8,8.756,0.5610380982401079,177,1,0.1,20,step1-插值损耗模型-仅正功率,LGXRFD,FAN_SEG,风机总功率分段模型,FAN_eff,FAN_eff,10.0,10.0
low,low_lookup,10.0,8.8,8.9,8.85,0.5705060558851305,189,1,0.1,20,step1-插值损耗模型-仅正功率,LGXRFD,FAN_SEG,风机总功率分段模型,FAN_eff,FAN_eff,10.0,10.0
low,low_lookup,10.0,8.9,9.0,8.956,0.5916713654809871,172,1,0.1,20,step1-插值损耗模型-仅正功率,LGXRFD,FAN_SEG,风机总功率分段模型,FAN_eff,FAN_eff,10.0,10.0
low,low_lookup,10.0,9.0,9.1,9.056,0.5661474972557371,189,1,0.1,20,step1-插值损耗模型-仅正功率,LGXRFD,FAN_SEG,风机总功率分段模型,FAN_eff,FAN_eff,10.0,10.0
low,low_lookup,10.0,9.1,9.200000000000001,9.159500000000001,0.618510982944534,188,1,0.1,20,step1-插值损耗模型-仅正功率,LGXRFD,FAN_SEG,风机总功率分段模型,FAN_eff,FAN_eff,10.0,10.0
low,low_lookup,10.0,9.200000000000001,9.3,9.246,0.6069876400344557,191,1,0.1,20,step1-插值损耗模型-仅正功率,LGXRFD,FAN_SEG,风机总功率分段模型,FAN_eff,FAN_eff,10.0,10.0
low,low_lookup,10.0,9.3,9.4,9.35,0.5971782223328169,195,1,0.1,20,step1-插值损耗模型-仅正功率,LGXRFD,FAN_SEG,风机总功率分段模型,FAN_eff,FAN_eff,10.0,10.0
low,low_lookup,10.0,9.4,9.5,9.452,0.5959044673190247,199,1,0.1,20,step1-插值损耗模型-仅正功率,LGXRFD,FAN_SEG,风机总功率分段模型,FAN_eff,FAN_eff,10.0,10.0
low,low_lookup,10.0,9.5,9.600000000000001,9.55,0.5782854117763534,191,1,0.1,20,step1-插值损耗模型-仅正功率,LGXRFD,FAN_SEG,风机总功率分段模型,FAN_eff,FAN_eff,10.0,10.0
low,low_lookup,10.0,9.600000000000001,9.700000000000001,9.6475,0.5702330174865956,182,1,0.1,20,step1-插值损耗模型-仅正功率,LGXRFD,FAN_SEG,风机总功率分段模型,FAN_eff,FAN_eff,10.0,10.0
low,low_lookup,10.0,9.700000000000001,9.8,9.747,0.5577420670471557,173,1,0.1,20,step1-插值损耗模型-仅正功率,LGXRFD,FAN_SEG,风机总功率分段模型,FAN_eff,FAN_eff,10.0,10.0
low,low_lookup,10.0,9.8,9.9,9.853,0.5651691153707933,209,1,0.1,20,step1-插值损耗模型-仅正功率,LGXRFD,FAN_SEG,风机总功率分段模型,FAN_eff,FAN_eff,10.0,10.0
low,low_lookup,10.0,9.9,10.0,9.943,0.6276213707746813,173,1,0.1,20,step1-插值损耗模型-仅正功率,LGXRFD,FAN_SEG,风机总功率分段模型,FAN_eff,FAN_eff,10.0,10.0
high,high_lookup,10.0,10.0,12.0,10.971,0.587569252478944,3741,1,2.0,20,step1-插值损耗模型-仅正功率,LGXRFD,FAN_SEG,风机总功率分段模型,FAN_eff,FAN_eff,10.0,10.0
high,high_lookup,10.0,12.0,14.0,12.998,0.6401780309828958,3559,1,2.0,20,step1-插值损耗模型-仅正功率,LGXRFD,FAN_SEG,风机总功率分段模型,FAN_eff,FAN_eff,10.0,10.0
high,high_lookup,10.0,14.0,16.0,15.021,0.6136905040847134,3814,1,2.0,20,step1-插值损耗模型-仅正功率,LGXRFD,FAN_SEG,风机总功率分段模型,FAN_eff,FAN_eff,10.0,10.0
high,high_lookup,10.0,16.0,18.0,16.96,0.602482208683953,3657,1,2.0,20,step1-插值损耗模型-仅正功率,LGXRFD,FAN_SEG,风机总功率分段模型,FAN_eff,FAN_eff,10.0,10.0
high,high_lookup,10.0,18.0,20.0,19.0225,0.5982196171022504,3528,1,2.0,20,step1-插值损耗模型-仅正功率,LGXRFD,FAN_SEG,风机总功率分段模型,FAN_eff,FAN_eff,10.0,10.0
high,high_lookup,10.0,20.0,22.0,20.972,0.5881798361973631,3437,1,2.0,20,step1-插值损耗模型-仅正功率,LGXRFD,FAN_SEG,风机总功率分段模型,FAN_eff,FAN_eff,10.0,10.0
high,high_lookup,10.0,22.0,24.0,22.9895,0.5895157559373898,3412,1,2.0,20,step1-插值损耗模型-仅正功率,LGXRFD,FAN_SEG,风机总功率分段模型,FAN_eff,FAN_eff,10.0,10.0
high,high_lookup,10.0,24.0,26.0,25.039,0.5628805948404911,3522,1,2.0,20,step1-插值损耗模型-仅正功率,LGXRFD,FAN_SEG,风机总功率分段模型,FAN_eff,FAN_eff,10.0,10.0
high,high_lookup,10.0,26.0,28.0,26.985,0.5382991635256198,3349,1,2.0,20,step1-插值损耗模型-仅正功率,LGXRFD,FAN_SEG,风机总功率分段模型,FAN_eff,FAN_eff,10.0,10.0
high,high_lookup,10.0,28.0,30.0,29.015,0.5160147068926086,3204,1,2.0,20,step1-插值损耗模型-仅正功率,LGXRFD,FAN_SEG,风机总功率分段模型,FAN_eff,FAN_eff,10.0,10.0
high,high_lookup,10.0,30.0,32.0,30.979,0.5119872358920757,3127,1,2.0,20,step1-插值损耗模型-仅正功率,LGXRFD,FAN_SEG,风机总功率分段模型,FAN_eff,FAN_eff,10.0,10.0
high,high_lookup,10.0,32.0,34.0,33.028,0.48201226137057424,2915,1,2.0,20,step1-插值损耗模型-仅正功率,LGXRFD,FAN_SEG,风机总功率分段模型,FAN_eff,FAN_eff,10.0,10.0
high,high_lookup,10.0,34.0,36.0,35.014,0.44632354376488736,2972,1,2.0,20,step1-插值损耗模型-仅正功率,LGXRFD,FAN_SEG,风机总功率分段模型,FAN_eff,FAN_eff,10.0,10.0
high,high_lookup,10.0,36.0,38.0,36.997,0.43469546440070056,3005,1,2.0,20,step1-插值损耗模型-仅正功率,LGXRFD,FAN_SEG,风机总功率分段模型,FAN_eff,FAN_eff,10.0,10.0
high,high_lookup,10.0,38.0,40.0,38.989000000000004,0.44733220547790997,2960,1,2.0,20,step1-插值损耗模型-仅正功率,LGXRFD,FAN_SEG,风机总功率分段模型,FAN_eff,FAN_eff,10.0,10.0
high,high_lookup,10.0,40.0,42.0,40.896,0.3697854379992634,3976,1,2.0,20,step1-插值损耗模型-仅正功率,LGXRFD,FAN_SEG,风机总功率分段模型,FAN_eff,FAN_eff,10.0,10.0
high,high_lookup,10.0,42.0,44.0,43.007,0.401652635219996,2859,1,2.0,20,step1-插值损耗模型-仅正功率,LGXRFD,FAN_SEG,风机总功率分段模型,FAN_eff,FAN_eff,10.0,10.0
high,high_lookup,10.0,44.0,46.0,45.009,0.41545923940887897,2739,1,2.0,20,step1-插值损耗模型-仅正功率,LGXRFD,FAN_SEG,风机总功率分段模型,FAN_eff,FAN_eff,10.0,10.0
high,high_lookup,10.0,46.0,48.0,47.009,0.3895813240864749,2640,1,2.0,20,step1-插值损耗模型-仅正功率,LGXRFD,FAN_SEG,风机总功率分段模型,FAN_eff,FAN_eff,10.0,10.0
high,high_lookup,10.0,48.0,50.0,49.012,0.41301861227596937,2491,1,2.0,20,step1-插值损耗模型-仅正功率,LGXRFD,FAN_SEG,风机总功率分段模型,FAN_eff,FAN_eff,10.0,10.0
high,high_lookup,10.0,50.0,52.0,51.017,0.3949211520143476,2489,1,2.0,20,step1-插值损耗模型-仅正功率,LGXRFD,FAN_SEG,风机总功率分段模型,FAN_eff,FAN_eff,10.0,10.0
high,high_lookup,10.0,52.0,54.0,52.9775,0.39880538817484845,2448,1,2.0,20,step1-插值损耗模型-仅正功率,LGXRFD,FAN_SEG,风机总功率分段模型,FAN_eff,FAN_eff,10.0,10.0
high,high_lookup,10.0,54.0,56.0,54.999,0.383992080927926,2399,1,2.0,20,step1-插值损耗模型-仅正功率,LGXRFD,FAN_SEG,风机总功率分段模型,FAN_eff,FAN_eff,10.0,10.0
high,high_lookup,10.0,56.0,58.0,56.999,0.3834526847833446,2205,1,2.0,20,step1-插值损耗模型-仅正功率,LGXRFD,FAN_SEG,风机总功率分段模型,FAN_eff,FAN_eff,10.0,10.0
high,high_lookup,10.0,58.0,60.0,58.979,0.38248370418419436,2213,1,2.0,20,step1-插值损耗模型-仅正功率,LGXRFD,FAN_SEG,风机总功率分段模型,FAN_eff,FAN_eff,10.0,10.0
high,high_lookup,10.0,60.0,62.0,61.0115,0.37770573163114335,2336,1,2.0,20,step1-插值损耗模型-仅正功率,LGXRFD,FAN_SEG,风机总功率分段模型,FAN_eff,FAN_eff,10.0,10.0
high,high_lookup,10.0,62.0,64.0,63.061,0.3824697085139403,2280,1,2.0,20,step1-插值损耗模型-仅正功率,LGXRFD,FAN_SEG,风机总功率分段模型,FAN_eff,FAN_eff,10.0,10.0
high,high_lookup,10.0,64.0,66.0,64.96950000000001,0.38572573242012775,2234,1,2.0,20,step1-插值损耗模型-仅正功率,LGXRFD,FAN_SEG,风机总功率分段模型,FAN_eff,FAN_eff,10.0,10.0
high,high_lookup,10.0,66.0,68.0,66.951,0.3835276459204803,2182,1,2.0,20,step1-插值损耗模型-仅正功率,LGXRFD,FAN_SEG,风机总功率分段模型,FAN_eff,FAN_eff,10.0,10.0
high,high_lookup,10.0,68.0,70.0,69.004,0.3918823100938463,2179,1,2.0,20,step1-插值损耗模型-仅正功率,LGXRFD,FAN_SEG,风机总功率分段模型,FAN_eff,FAN_eff,10.0,10.0
high,high_lookup,10.0,70.0,72.0,70.977,0.3864394516068006,2178,1,2.0,20,step1-插值损耗模型-仅正功率,LGXRFD,FAN_SEG,风机总功率分段模型,FAN_eff,FAN_eff,10.0,10.0
high,high_lookup,10.0,72.0,74.0,72.994,0.3934290182980558,2039,1,2.0,20,step1-插值损耗模型-仅正功率,LGXRFD,FAN_SEG,风机总功率分段模型,FAN_eff,FAN_eff,10.0,10.0
high,high_lookup,10.0,74.0,76.0,75.035,0.38965665366803603,2052,1,2.0,20,step1-插值损耗模型-仅正功率,LGXRFD,FAN_SEG,风机总功率分段模型,FAN_eff,FAN_eff,10.0,10.0
high,high_lookup,10.0,76.0,78.0,76.964,0.4055130965329398,2122,1,2.0,20,step1-插值损耗模型-仅正功率,LGXRFD,FAN_SEG,风机总功率分段模型,FAN_eff,FAN_eff,10.0,10.0
high,high_lookup,10.0,78.0,80.0,78.9875,0.4186500582198876,1960,1,2.0,20,step1-插值损耗模型-仅正功率,LGXRFD,FAN_SEG,风机总功率分段模型,FAN_eff,FAN_eff,10.0,10.0
high,high_lookup,10.0,80.0,82.0,81.618,0.298291564616,4407,1,2.0,20,step1-插值损耗模型-仅正功率,LGXRFD,FAN_SEG,风机总功率分段模型,FAN_eff,FAN_eff,10.0,10.0
high,high_lookup,10.0,82.0,84.0,82.946,0.3975835796958315,2022,1,2.0,20,step1-插值损耗模型-仅正功率,LGXRFD,FAN_SEG,风机总功率分段模型,FAN_eff,FAN_eff,10.0,10.0
high,high_lookup,10.0,84.0,86.0,84.998,0.41722084284383787,1869,1,2.0,20,step1-插值损耗模型-仅正功率,LGXRFD,FAN_SEG,风机总功率分段模型,FAN_eff,FAN_eff,10.0,10.0
high,high_lookup,10.0,86.0,88.0,87.004,0.4153295553038514,1939,1,2.0,20,step1-插值损耗模型-仅正功率,LGXRFD,FAN_SEG,风机总功率分段模型,FAN_eff,FAN_eff,10.0,10.0
high,high_lookup,10.0,88.0,90.0,88.9625,0.4467481028647973,1878,1,2.0,20,step1-插值损耗模型-仅正功率,LGXRFD,FAN_SEG,风机总功率分段模型,FAN_eff,FAN_eff,10.0,10.0
high,high_lookup,10.0,90.0,92.0,91.018,0.4251829926109047,1843,1,2.0,20,step1-插值损耗模型-仅正功率,LGXRFD,FAN_SEG,风机总功率分段模型,FAN_eff,FAN_eff,10.0,10.0
high,high_lookup,10.0,92.0,94.0,93.0115,0.44602212628991905,1696,1,2.0,20,step1-插值损耗模型-仅正功率,LGXRFD,FAN_SEG,风机总功率分段模型,FAN_eff,FAN_eff,10.0,10.0
high,high_lookup,10.0,94.0,96.0,95.05199999999999,0.45943950070182304,1718,1,2.0,20,step1-插值损耗模型-仅正功率,LGXRFD,FAN_SEG,风机总功率分段模型,FAN_eff,FAN_eff,10.0,10.0
high,high_lookup,10.0,96.0,98.0,96.979,0.4540330373565983,1714,1,2.0,20,step1-插值损耗模型-仅正功率,LGXRFD,FAN_SEG,风机总功率分段模型,FAN_eff,FAN_eff,10.0,10.0
high,high_lookup,10.0,98.0,100.0,99.03,0.45694522292518214,1820,1,2.0,20,step1-插值损耗模型-仅正功率,LGXRFD,FAN_SEG,风机总功率分段模型,FAN_eff,FAN_eff,10.0,10.0
high,high_lookup,10.0,100.0,102.0,101.0205,0.4967649353064924,1782,1,2.0,20,step1-插值损耗模型-仅正功率,LGXRFD,FAN_SEG,风机总功率分段模型,FAN_eff,FAN_eff,10.0,10.0
high,high_lookup,10.0,102.0,104.0,103.003,0.4804154852052892,1755,1,2.0,20,step1-插值损耗模型-仅正功率,LGXRFD,FAN_SEG,风机总功率分段模型,FAN_eff,FAN_eff,10.0,10.0
high,high_lookup,10.0,104.0,106.0,104.97049999999999,0.47046453206524325,1594,1,2.0,20,step1-插值损耗模型-仅正功率,LGXRFD,FAN_SEG,风机总功率分段模型,FAN_eff,FAN_eff,10.0,10.0
high,high_lookup,10.0,106.0,108.0,106.986,0.505204697792562,1667,1,2.0,20,step1-插值损耗模型-仅正功率,LGXRFD,FAN_SEG,风机总功率分段模型,FAN_eff,FAN_eff,10.0,10.0
high,high_lookup,10.0,108.0,110.0,109.033,0.4879601955476366,1563,1,2.0,20,step1-插值损耗模型-仅正功率,LGXRFD,FAN_SEG,风机总功率分段模型,FAN_eff,FAN_eff,10.0,10.0
high,high_lookup,10.0,110.0,112.0,110.98,0.5384971458707313,1511,1,2.0,20,step1-插值损耗模型-仅正功率,LGXRFD,FAN_SEG,风机总功率分段模型,FAN_eff,FAN_eff,10.0,10.0
high,high_lookup,10.0,112.0,114.0,112.9575,0.5142697612736249,1518,1,2.0,20,step1-插值损耗模型-仅正功率,LGXRFD,FAN_SEG,风机总功率分段模型,FAN_eff,FAN_eff,10.0,10.0
high,high_lookup,10.0,114.0,116.0,114.98,0.5282912578644487,1401,1,2.0,20,step1-插值损耗模型-仅正功率,LGXRFD,FAN_SEG,风机总功率分段模型,FAN_eff,FAN_eff,10.0,10.0
high,high_lookup,10.0,116.0,118.0,116.9845,0.5252195330919613,1392,1,2.0,20,step1-插值损耗模型-仅正功率,LGXRFD,FAN_SEG,风机总功率分段模型,FAN_eff,FAN_eff,10.0,10.0
high,high_lookup,10.0,118.0,120.0,119.0335,0.566118824080598,1470,1,2.0,20,step1-插值损耗模型-仅正功率,LGXRFD,FAN_SEG,风机总功率分段模型,FAN_eff,FAN_eff,10.0,10.0
high,high_lookup,10.0,120.0,122.0,121.03,0.5800000001973604,1441,1,2.0,20,step1-插值损耗模型-仅正功率,LGXRFD,FAN_SEG,风机总功率分段模型,FAN_eff,FAN_eff,10.0,10.0
high,high_lookup,10.0,122.0,124.0,122.989,0.5679988163838033,1493,1,2.0,20,step1-插值损耗模型-仅正功率,LGXRFD,FAN_SEG,风机总功率分段模型,FAN_eff,FAN_eff,10.0,10.0
high,high_lookup,10.0,124.0,126.0,125.014,0.5625663580197788,1526,1,2.0,20,step1-插值损耗模型-仅正功率,LGXRFD,FAN_SEG,风机总功率分段模型,FAN_eff,FAN_eff,10.0,10.0
high,high_lookup,10.0,126.0,128.0,126.989,0.58614089595562,1515,1,2.0,20,step1-插值损耗模型-仅正功率,LGXRFD,FAN_SEG,风机总功率分段模型,FAN_eff,FAN_eff,10.0,10.0
high,high_lookup,10.0,128.0,130.0,128.993,0.5953418670484139,1535,1,2.0,20,step1-插值损耗模型-仅正功率,LGXRFD,FAN_SEG,风机总功率分段模型,FAN_eff,FAN_eff,10.0,10.0
high,high_lookup,10.0,130.0,132.0,130.99,0.6112852705435781,1441,1,2.0,20,step1-插值损耗模型-仅正功率,LGXRFD,FAN_SEG,风机总功率分段模型,FAN_eff,FAN_eff,10.0,10.0
high,high_lookup,10.0,132.0,134.0,133.0075,0.6293282390292646,1354,1,2.0,20,step1-插值损耗模型-仅正功率,LGXRFD,FAN_SEG,风机总功率分段模型,FAN_eff,FAN_eff,10.0,10.0
high,high_lookup,10.0,134.0,136.0,134.9885,0.6565553143791937,1320,1,2.0,20,step1-插值损耗模型-仅正功率,LGXRFD,FAN_SEG,风机总功率分段模型,FAN_eff,FAN_eff,10.0,10.0
high,high_lookup,10.0,136.0,138.0,136.998,0.661400286924142,1281,1,2.0,20,step1-插值损耗模型-仅正功率,LGXRFD,FAN_SEG,风机总功率分段模型,FAN_eff,FAN_eff,10.0,10.0
high,high_lookup,10.0,138.0,140.0,138.965,0.663471262269591,1355,1,2.0,20,step1-插值损耗模型-仅正功率,LGXRFD,FAN_SEG,风机总功率分段模型,FAN_eff,FAN_eff,10.0,10.0
high,high_lookup,10.0,140.0,142.0,141.011,0.6628502347890852,1368,1,2.0,20,step1-插值损耗模型-仅正功率,LGXRFD,FAN_SEG,风机总功率分段模型,FAN_eff,FAN_eff,10.0,10.0
high,high_lookup,10.0,142.0,144.0,143.03,0.6654300127872196,1388,1,2.0,20,step1-插值损耗模型-仅正功率,LGXRFD,FAN_SEG,风机总功率分段模型,FAN_eff,FAN_eff,10.0,10.0
high,high_lookup,10.0,144.0,146.0,145.007,0.7011748381214437,1363,1,2.0,20,step1-插值损耗模型-仅正功率,LGXRFD,FAN_SEG,风机总功率分段模型,FAN_eff,FAN_eff,10.0,10.0
high,high_lookup,10.0,146.0,148.0,147.0,0.6878336936983881,1367,1,2.0,20,step1-插值损耗模型-仅正功率,LGXRFD,FAN_SEG,风机总功率分段模型,FAN_eff,FAN_eff,10.0,10.0
high,high_lookup,10.0,148.0,150.0,149.021,0.7215114018063061,1333,1,2.0,20,step1-插值损耗模型-仅正功率,LGXRFD,FAN_SEG,风机总功率分段模型,FAN_eff,FAN_eff,10.0,10.0
high,high_lookup,10.0,150.0,152.0,150.962,0.7354033231481216,1243,1,2.0,20,step1-插值损耗模型-仅正功率,LGXRFD,FAN_SEG,风机总功率分段模型,FAN_eff,FAN_eff,10.0,10.0
high,high_lookup,10.0,152.0,154.0,152.939,0.7567846875717552,1182,1,2.0,20,step1-插值损耗模型-仅正功率,LGXRFD,FAN_SEG,风机总功率分段模型,FAN_eff,FAN_eff,10.0,10.0
high,high_lookup,10.0,154.0,156.0,154.936,0.8040812347995641,1114,1,2.0,20,step1-插值损耗模型-仅正功率,LGXRFD,FAN_SEG,风机总功率分段模型,FAN_eff,FAN_eff,10.0,10.0
high,high_lookup,10.0,156.0,158.0,156.983,0.7544524684071178,1088,1,2.0,20,step1-插值损耗模型-仅正功率,LGXRFD,FAN_SEG,风机总功率分段模型,FAN_eff,FAN_eff,10.0,10.0
high,high_lookup,10.0,158.0,160.0,159.0075,0.7934451866201722,1162,1,2.0,20,step1-插值损耗模型-仅正功率,LGXRFD,FAN_SEG,风机总功率分段模型,FAN_eff,FAN_eff,10.0,10.0
high,high_lookup,10.0,160.0,162.0,160.98950000000002,0.8137241639901571,1076,1,2.0,20,step1-插值损耗模型-仅正功率,LGXRFD,FAN_SEG,风机总功率分段模型,FAN_eff,FAN_eff,10.0,10.0
high,high_lookup,10.0,162.0,164.0,163.036,0.8750988254484886,1048,1,2.0,20,step1-插值损耗模型-仅正功率,LGXRFD,FAN_SEG,风机总功率分段模型,FAN_eff,FAN_eff,10.0,10.0
high,high_lookup,10.0,164.0,166.0,165.024,0.7908652346036754,1191,1,2.0,20,step1-插值损耗模型-仅正功率,LGXRFD,FAN_SEG,风机总功率分段模型,FAN_eff,FAN_eff,10.0,10.0
high,high_lookup,10.0,166.0,168.0,167.0485,0.8470958122910937,1160,1,2.0,20,step1-插值损耗模型-仅正功率,LGXRFD,FAN_SEG,风机总功率分段模型,FAN_eff,FAN_eff,10.0,10.0
high,high_lookup,10.0,168.0,170.0,168.98,0.8588092572489364,1047,1,2.0,20,step1-插值损耗模型-仅正功率,LGXRFD,FAN_SEG,风机总功率分段模型,FAN_eff,FAN_eff,10.0,10.0
high,high_lookup,10.0,170.0,172.0,171.023,0.8242831346794565,1070,1,2.0,20,step1-插值损耗模型-仅正功率,LGXRFD,FAN_SEG,风机总功率分段模型,FAN_eff,FAN_eff,10.0,10.0
high,high_lookup,10.0,172.0,174.0,173.0225,0.8685917552075292,1140,1,2.0,20,step1-插值损耗模型-仅正功率,LGXRFD,FAN_SEG,风机总功率分段模型,FAN_eff,FAN_eff,10.0,10.0
high,high_lookup,10.0,174.0,176.0,175.003,0.9369151706175767,1091,1,2.0,20,step1-插值损耗模型-仅正功率,LGXRFD,FAN_SEG,风机总功率分段模型,FAN_eff,FAN_eff,10.0,10.0
high,high_lookup,10.0,176.0,178.0,177.001,0.8887605949324122,1097,1,2.0,20,step1-插值损耗模型-仅正功率,LGXRFD,FAN_SEG,风机总功率分段模型,FAN_eff,FAN_eff,10.0,10.0
high,high_lookup,10.0,178.0,180.0,179.009,0.9474818583741268,1033,1,2.0,20,step1-插值损耗模型-仅正功率,LGXRFD,FAN_SEG,风机总功率分段模型,FAN_eff,FAN_eff,10.0,10.0
high,high_lookup,10.0,180.0,182.0,180.946,0.92630715741865,1016,1,2.0,20,step1-插值损耗模型-仅正功率,LGXRFD,FAN_SEG,风机总功率分段模型,FAN_eff,FAN_eff,10.0,10.0
high,high_lookup,10.0,182.0,184.0,182.955,0.9285060430983443,1011,1,2.0,20,step1-插值损耗模型-仅正功率,LGXRFD,FAN_SEG,风机总功率分段模型,FAN_eff,FAN_eff,10.0,10.0
high,high_lookup,10.0,184.0,186.0,184.993,1.0126660475532683,945,1,2.0,20,step1-插值损耗模型-仅正功率,LGXRFD,FAN_SEG,风机总功率分段模型,FAN_eff,FAN_eff,10.0,10.0
high,high_lookup,10.0,186.0,188.0,186.991,0.9920197110421306,937,1,2.0,20,step1-插值损耗模型-仅正功率,LGXRFD,FAN_SEG,风机总功率分段模型,FAN_eff,FAN_eff,10.0,10.0
high,high_lookup,10.0,188.0,190.0,189.031,0.9902986533199635,915,1,2.0,20,step1-插值损耗模型-仅正功率,LGXRFD,FAN_SEG,风机总功率分段模型,FAN_eff,FAN_eff,10.0,10.0
high,high_lookup,10.0,190.0,192.0,190.958,1.0870500983662414,877,1,2.0,20,step1-插值损耗模型-仅正功率,LGXRFD,FAN_SEG,风机总功率分段模型,FAN_eff,FAN_eff,10.0,10.0
high,high_lookup,10.0,192.0,194.0,192.981,1.0641311549301533,952,1,2.0,20,step1-插值损耗模型-仅正功率,LGXRFD,FAN_SEG,风机总功率分段模型,FAN_eff,FAN_eff,10.0,10.0
high,high_lookup,10.0,194.0,196.0,194.9845,1.1496953408605457,980,1,2.0,20,step1-插值损耗模型-仅正功率,LGXRFD,FAN_SEG,风机总功率分段模型,FAN_eff,FAN_eff,10.0,10.0
high,high_lookup,10.0,196.0,198.0,196.972,1.0483413678305111,943,1,2.0,20,step1-插值损耗模型-仅正功率,LGXRFD,FAN_SEG,风机总功率分段模型,FAN_eff,FAN_eff,10.0,10.0
high,high_lookup,10.0,198.0,200.0,198.97750000000002,1.0982232701412495,972,1,2.0,20,step1-插值损耗模型-仅正功率,LGXRFD,FAN_SEG,风机总功率分段模型,FAN_eff,FAN_eff,10.0,10.0
high,high_lookup,10.0,200.0,202.0,201.04,1.1053245440077444,937,1,2.0,20,step1-插值损耗模型-仅正功率,LGXRFD,FAN_SEG,风机总功率分段模型,FAN_eff,FAN_eff,10.0,10.0
high,high_lookup,10.0,202.0,204.0,202.99,1.1177606598416174,913,1,2.0,20,step1-插值损耗模型-仅正功率,LGXRFD,FAN_SEG,风机总功率分段模型,FAN_eff,FAN_eff,10.0,10.0
high,high_lookup,10.0,204.0,206.0,204.99349999999998,1.1455921125699509,932,1,2.0,20,step1-插值损耗模型-仅正功率,LGXRFD,FAN_SEG,风机总功率分段模型,FAN_eff,FAN_eff,10.0,10.0
high,high_lookup,10.0,206.0,208.0,206.958,1.1607277446679463,873,1,2.0,20,step1-插值损耗模型-仅正功率,LGXRFD,FAN_SEG,风机总功率分段模型,FAN_eff,FAN_eff,10.0,10.0
high,high_lookup,10.0,208.0,210.0,208.9955,1.2395844232880806,904,1,2.0,20,step1-插值损耗模型-仅正功率,LGXRFD,FAN_SEG,风机总功率分段模型,FAN_eff,FAN_eff,10.0,10.0
high,high_lookup,10.0,210.0,212.0,210.978,1.2160323714557038,869,1,2.0,20,step1-插值损耗模型-仅正功率,LGXRFD,FAN_SEG,风机总功率分段模型,FAN_eff,FAN_eff,10.0,10.0
high,high_lookup,10.0,212.0,214.0,213.042,1.188617557685505,882,1,2.0,20,step1-插值损耗模型-仅正功率,LGXRFD,FAN_SEG,风机总功率分段模型,FAN_eff,FAN_eff,10.0,10.0
high,high_lookup,10.0,214.0,216.0,215.061,1.1984366690053543,905,1,2.0,20,step1-插值损耗模型-仅正功率,LGXRFD,FAN_SEG,风机总功率分段模型,FAN_eff,FAN_eff,10.0,10.0
high,high_lookup,10.0,216.0,218.0,216.971,1.2403399534769006,856,1,2.0,20,step1-插值损耗模型-仅正功率,LGXRFD,FAN_SEG,风机总功率分段模型,FAN_eff,FAN_eff,10.0,10.0
high,high_lookup,10.0,218.0,220.0,219.073,1.3499010878369904,849,1,2.0,20,step1-插值损耗模型-仅正功率,LGXRFD,FAN_SEG,风机总功率分段模型,FAN_eff,FAN_eff,10.0,10.0
high,high_lookup,10.0,220.0,222.0,220.97,1.3560386680625747,778,1,2.0,20,step1-插值损耗模型-仅正功率,LGXRFD,FAN_SEG,风机总功率分段模型,FAN_eff,FAN_eff,10.0,10.0
high,high_lookup,10.0,222.0,224.0,223.022,1.3657936788852485,828,1,2.0,20,step1-插值损耗模型-仅正功率,LGXRFD,FAN_SEG,风机总功率分段模型,FAN_eff,FAN_eff,10.0,10.0
high,high_lookup,10.0,224.0,226.0,224.977,1.337320073051219,785,1,2.0,20,step1-插值损耗模型-仅正功率,LGXRFD,FAN_SEG,风机总功率分段模型,FAN_eff,FAN_eff,10.0,10.0
high,high_lookup,10.0,226.0,228.0,227.014,1.3549089435868125,825,1,2.0,20,step1-插值损耗模型-仅正功率,LGXRFD,FAN_SEG,风机总功率分段模型,FAN_eff,FAN_eff,10.0,10.0
high,high_lookup,10.0,228.0,230.0,228.9985,1.4168674671802017,750,1,2.0,20,step1-插值损耗模型-仅正功率,LGXRFD,FAN_SEG,风机总功率分段模型,FAN_eff,FAN_eff,10.0,10.0
high,high_lookup,10.0,230.0,232.0,230.964,1.3208557802129584,809,1,2.0,20,step1-插值损耗模型-仅正功率,LGXRFD,FAN_SEG,风机总功率分段模型,FAN_eff,FAN_eff,10.0,10.0
high,high_lookup,10.0,232.0,234.0,232.95600000000002,1.3489470551965352,714,1,2.0,20,step1-插值损耗模型-仅正功率,LGXRFD,FAN_SEG,风机总功率分段模型,FAN_eff,FAN_eff,10.0,10.0
high,high_lookup,10.0,234.0,236.0,235.018,1.4437782459294644,774,1,2.0,20,step1-插值损耗模型-仅正功率,LGXRFD,FAN_SEG,风机总功率分段模型,FAN_eff,FAN_eff,10.0,10.0
high,high_lookup,10.0,236.0,238.0,236.9765,1.4207972686478871,732,1,2.0,20,step1-插值损耗模型-仅正功率,LGXRFD,FAN_SEG,风机总功率分段模型,FAN_eff,FAN_eff,10.0,10.0
high,high_lookup,10.0,238.0,240.0,239.0685,1.392246907416804,748,1,2.0,20,step1-插值损耗模型-仅正功率,LGXRFD,FAN_SEG,风机总功率分段模型,FAN_eff,FAN_eff,10.0,10.0
high,high_lookup,10.0,240.0,242.0,241.05,1.4851311163746495,755,1,2.0,20,step1-插值损耗模型-仅正功率,LGXRFD,FAN_SEG,风机总功率分段模型,FAN_eff,FAN_eff,10.0,10.0
high,high_lookup,10.0,242.0,244.0,243.017,1.4511952839653253,746,1,2.0,20,step1-插值损耗模型-仅正功率,LGXRFD,FAN_SEG,风机总功率分段模型,FAN_eff,FAN_eff,10.0,10.0
high,high_lookup,10.0,244.0,246.0,245.006,1.4442447195453874,784,1,2.0,20,step1-插值损耗模型-仅正功率,LGXRFD,FAN_SEG,风机总功率分段模型,FAN_eff,FAN_eff,10.0,10.0
high,high_lookup,10.0,246.0,248.0,247.029,1.4617557618298354,784,1,2.0,20,step1-插值损耗模型-仅正功率,LGXRFD,FAN_SEG,风机总功率分段模型,FAN_eff,FAN_eff,10.0,10.0
high,high_lookup,10.0,248.0,250.0,248.962,1.5592413702167958,775,1,2.0,20,step1-插值损耗模型-仅正功率,LGXRFD,FAN_SEG,风机总功率分段模型,FAN_eff,FAN_eff,10.0,10.0
high,high_lookup,10.0,250.0,252.0,251.016,1.5159809477589068,708,1,2.0,20,step1-插值损耗模型-仅正功率,LGXRFD,FAN_SEG,风机总功率分段模型,FAN_eff,FAN_eff,10.0,10.0
high,high_lookup,10.0,252.0,254.0,253.015,1.4771135409550544,709,1,2.0,20,step1-插值损耗模型-仅正功率,LGXRFD,FAN_SEG,风机总功率分段模型,FAN_eff,FAN_eff,10.0,10.0
high,high_lookup,10.0,254.0,256.0,255.013,1.5981607122027885,731,1,2.0,20,step1-插值损耗模型-仅正功率,LGXRFD,FAN_SEG,风机总功率分段模型,FAN_eff,FAN_eff,10.0,10.0
high,high_lookup,10.0,256.0,258.0,256.947,1.5558133937766327,701,1,2.0,20,step1-插值损耗模型-仅正功率,LGXRFD,FAN_SEG,风机总功率分段模型,FAN_eff,FAN_eff,10.0,10.0
high,high_lookup,10.0,258.0,260.0,258.945,1.6998658259762662,644,1,2.0,20,step1-插值损耗模型-仅正功率,LGXRFD,FAN_SEG,风机总功率分段模型,FAN_eff,FAN_eff,10.0,10.0
high,high_lookup,10.0,260.0,262.0,260.999,1.5490661986174379,707,1,2.0,20,step1-插值损耗模型-仅正功率,LGXRFD,FAN_SEG,风机总功率分段模型,FAN_eff,FAN_eff,10.0,10.0
high,high_lookup,10.0,262.0,264.0,262.981,1.518104370643703,706,1,2.0,20,step1-插值损耗模型-仅正功率,LGXRFD,FAN_SEG,风机总功率分段模型,FAN_eff,FAN_eff,10.0,10.0
high,high_lookup,10.0,264.0,266.0,264.95550000000003,1.639252985541358,656,1,2.0,20,step1-插值损耗模型-仅正功率,LGXRFD,FAN_SEG,风机总功率分段模型,FAN_eff,FAN_eff,10.0,10.0
high,high_lookup,10.0,266.0,268.0,267.003,1.58906153619172,730,1,2.0,20,step1-插值损耗模型-仅正功率,LGXRFD,FAN_SEG,风机总功率分段模型,FAN_eff,FAN_eff,10.0,10.0
high,high_lookup,10.0,268.0,270.0,269.012,1.6409389017933471,702,1,2.0,20,step1-插值损耗模型-仅正功率,LGXRFD,FAN_SEG,风机总功率分段模型,FAN_eff,FAN_eff,10.0,10.0
high,high_lookup,10.0,270.0,272.0,270.994,1.5554384553836031,748,1,2.0,20,step1-插值损耗模型-仅正功率,LGXRFD,FAN_SEG,风机总功率分段模型,FAN_eff,FAN_eff,10.0,10.0
high,high_lookup,10.0,272.0,274.0,273.021,1.6696443928851716,687,1,2.0,20,step1-插值损耗模型-仅正功率,LGXRFD,FAN_SEG,风机总功率分段模型,FAN_eff,FAN_eff,10.0,10.0
high,high_lookup,10.0,274.0,276.0,275.044,1.530730105212383,756,1,2.0,20,step1-插值损耗模型-仅正功率,LGXRFD,FAN_SEG,风机总功率分段模型,FAN_eff,FAN_eff,10.0,10.0
high,high_lookup,10.0,276.0,278.0,276.97950000000003,1.622332797537756,736,1,2.0,20,step1-插值损耗模型-仅正功率,LGXRFD,FAN_SEG,风机总功率分段模型,FAN_eff,FAN_eff,10.0,10.0
high,high_lookup,10.0,278.0,280.0,278.944,1.7291008363722047,739,1,2.0,20,step1-插值损耗模型-仅正功率,LGXRFD,FAN_SEG,风机总功率分段模型,FAN_eff,FAN_eff,10.0,10.0
high,high_lookup,10.0,280.0,282.0,280.9855,1.6770672141780565,702,1,2.0,20,step1-插值损耗模型-仅正功率,LGXRFD,FAN_SEG,风机总功率分段模型,FAN_eff,FAN_eff,10.0,10.0
high,high_lookup,10.0,282.0,284.0,283.01649999999995,1.7150017944247882,696,1,2.0,20,step1-插值损耗模型-仅正功率,LGXRFD,FAN_SEG,风机总功率分段模型,FAN_eff,FAN_eff,10.0,10.0
high,high_lookup,10.0,284.0,286.0,285.0615,1.7004981725047144,678,1,2.0,20,step1-插值损耗模型-仅正功率,LGXRFD,FAN_SEG,风机总功率分段模型,FAN_eff,FAN_eff,10.0,10.0
high,high_lookup,10.0,286.0,288.0,287.023,1.6996836017144756,687,1,2.0,20,step1-插值损耗模型-仅正功率,LGXRFD,FAN_SEG,风机总功率分段模型,FAN_eff,FAN_eff,10.0,10.0
high,high_lookup,10.0,288.0,290.0,289.0385,1.7518124329848592,698,1,2.0,20,step1-插值损耗模型-仅正功率,LGXRFD,FAN_SEG,风机总功率分段模型,FAN_eff,FAN_eff,10.0,10.0
high,high_lookup,10.0,290.0,292.0,290.9255,1.6323713703381317,684,1,2.0,20,step1-插值损耗模型-仅正功率,LGXRFD,FAN_SEG,风机总功率分段模型,FAN_eff,FAN_eff,10.0,10.0
high,high_lookup,10.0,292.0,294.0,292.992,1.7291157634654266,751,1,2.0,20,step1-插值损耗模型-仅正功率,LGXRFD,FAN_SEG,风机总功率分段模型,FAN_eff,FAN_eff,10.0,10.0
high,high_lookup,10.0,294.0,296.0,295.017,1.6652901223087349,683,1,2.0,20,step1-插值损耗模型-仅正功率,LGXRFD,FAN_SEG,风机总功率分段模型,FAN_eff,FAN_eff,10.0,10.0
high,high_lookup,10.0,296.0,298.0,296.996,1.7368154129640407,703,1,2.0,20,step1-插值损耗模型-仅正功率,LGXRFD,FAN_SEG,风机总功率分段模型,FAN_eff,FAN_eff,10.0,10.0
high,high_lookup,10.0,298.0,300.0,299.036,1.7111715652749317,735,1,2.0,20,step1-插值损耗模型-仅正功率,LGXRFD,FAN_SEG,风机总功率分段模型,FAN_eff,FAN_eff,10.0,10.0
high,high_lookup,10.0,300.0,302.0,301.012,1.6948671276071094,701,1,2.0,20,step1-插值损耗模型-仅正功率,LGXRFD,FAN_SEG,风机总功率分段模型,FAN_eff,FAN_eff,10.0,10.0
high,high_lookup,10.0,302.0,304.0,303.052,1.748431860022299,637,1,2.0,20,step1-插值损耗模型-仅正功率,LGXRFD,FAN_SEG,风机总功率分段模型,FAN_eff,FAN_eff,10.0,10.0
high,high_lookup,10.0,304.0,306.0,305.04,1.8109591667037914,675,1,2.0,20,step1-插值损耗模型-仅正功率,LGXRFD,FAN_SEG,风机总功率分段模型,FAN_eff,FAN_eff,10.0,10.0
high,high_lookup,10.0,306.0,308.0,306.975,1.7988730356243643,683,1,2.0,20,step1-插值损耗模型-仅正功率,LGXRFD,FAN_SEG,风机总功率分段模型,FAN_eff,FAN_eff,10.0,10.0
high,high_lookup,10.0,308.0,310.0,309.016,1.8189135681991433,713,1,2.0,20,step1-插值损耗模型-仅正功率,LGXRFD,FAN_SEG,风机总功率分段模型,FAN_eff,FAN_eff,10.0,10.0
high,high_lookup,10.0,310.0,312.0,311.0085,1.8676081157414384,740,1,2.0,20,step1-插值损耗模型-仅正功率,LGXRFD,FAN_SEG,风机总功率分段模型,FAN_eff,FAN_eff,10.0,10.0
high,high_lookup,10.0,312.0,314.0,312.991,1.8566875208234104,757,1,2.0,20,step1-插值损耗模型-仅正功率,LGXRFD,FAN_SEG,风机总功率分段模型,FAN_eff,FAN_eff,10.0,10.0
high,high_lookup,10.0,314.0,316.0,314.94050000000004,1.8670160538806753,750,1,2.0,20,step1-插值损耗模型-仅正功率,LGXRFD,FAN_SEG,风机总功率分段模型,FAN_eff,FAN_eff,10.0,10.0
high,high_lookup,10.0,316.0,318.0,316.95000000000005,1.7386554582327483,720,1,2.0,20,step1-插值损耗模型-仅正功率,LGXRFD,FAN_SEG,风机总功率分段模型,FAN_eff,FAN_eff,10.0,10.0
high,high_lookup,10.0,318.0,320.0,319.0245,1.6013675739359496,788,1,2.0,20,step1-插值损耗模型-仅正功率,LGXRFD,FAN_SEG,风机总功率分段模型,FAN_eff,FAN_eff,10.0,10.0
high,high_lookup,10.0,320.0,322.0,320.962,1.7974013931100707,729,1,2.0,20,step1-插值损耗模型-仅正功率,LGXRFD,FAN_SEG,风机总功率分段模型,FAN_eff,FAN_eff,10.0,10.0
high,high_lookup,10.0,322.0,324.0,322.97450000000003,1.772150000082637,724,1,2.0,20,step1-插值损耗模型-仅正功率,LGXRFD,FAN_SEG,风机总功率分段模型,FAN_eff,FAN_eff,10.0,10.0
high,high_lookup,10.0,324.0,326.0,325.04499999999996,1.7735775335192245,756,1,2.0,20,step1-插值损耗模型-仅正功率,LGXRFD,FAN_SEG,风机总功率分段模型,FAN_eff,FAN_eff,10.0,10.0
high,high_lookup,10.0,326.0,328.0,326.953,1.6292904368842975,768,1,2.0,20,step1-插值损耗模型-仅正功率,LGXRFD,FAN_SEG,风机总功率分段模型,FAN_eff,FAN_eff,10.0,10.0
high,high_lookup,10.0,328.0,330.0,329.019,1.6419919564276324,775,1,2.0,20,step1-插值损耗模型-仅正功率,LGXRFD,FAN_SEG,风机总功率分段模型,FAN_eff,FAN_eff,10.0,10.0
high,high_lookup,10.0,330.0,332.0,331.033,1.680999567916174,809,1,2.0,20,step1-插值损耗模型-仅正功率,LGXRFD,FAN_SEG,风机总功率分段模型,FAN_eff,FAN_eff,10.0,10.0
high,high_lookup,10.0,332.0,334.0,333.082,1.6839175809482763,854,1,2.0,20,step1-插值损耗模型-仅正功率,LGXRFD,FAN_SEG,风机总功率分段模型,FAN_eff,FAN_eff,10.0,10.0
high,high_lookup,10.0,334.0,336.0,334.987,1.572822446941959,880,1,2.0,20,step1-插值损耗模型-仅正功率,LGXRFD,FAN_SEG,风机总功率分段模型,FAN_eff,FAN_eff,10.0,10.0
high,high_lookup,10.0,336.0,338.0,337.036,1.6718115424307074,957,1,2.0,20,step1-插值损耗模型-仅正功率,LGXRFD,FAN_SEG,风机总功率分段模型,FAN_eff,FAN_eff,10.0,10.0
high,high_lookup,10.0,338.0,340.0,339.047,1.6246573297768307,1015,1,2.0,20,step1-插值损耗模型-仅正功率,LGXRFD,FAN_SEG,风机总功率分段模型,FAN_eff,FAN_eff,10.0,10.0
high,high_lookup,10.0,340.0,342.0,341.00149999999996,1.539608484436838,1044,1,2.0,20,step1-插值损耗模型-仅正功率,LGXRFD,FAN_SEG,风机总功率分段模型,FAN_eff,FAN_eff,10.0,10.0
high,high_lookup,10.0,342.0,344.0,342.98,1.5904827315619479,1044,1,2.0,20,step1-插值损耗模型-仅正功率,LGXRFD,FAN_SEG,风机总功率分段模型,FAN_eff,FAN_eff,10.0,10.0
high,high_lookup,10.0,344.0,346.0,345.005,1.5913700771265364,1138,1,2.0,20,step1-插值损耗模型-仅正功率,LGXRFD,FAN_SEG,风机总功率分段模型,FAN_eff,FAN_eff,10.0,10.0
high,high_lookup,10.0,346.0,348.0,346.9545,1.1866610087093754,1558,1,2.0,20,step1-插值损耗模型-仅正功率,LGXRFD,FAN_SEG,风机总功率分段模型,FAN_eff,FAN_eff,10.0,10.0
high,high_lookup,10.0,348.0,350.0,349.006,1.352671851066896,1313,1,2.0,20,step1-插值损耗模型-仅正功率,LGXRFD,FAN_SEG,风机总功率分段模型,FAN_eff,FAN_eff,10.0,10.0
high,high_lookup,10.0,350.0,352.0,350.9915,1.0543422582941673,1806,1,2.0,20,step1-插值损耗模型-仅正功率,LGXRFD,FAN_SEG,风机总功率分段模型,FAN_eff,FAN_eff,10.0,10.0
high,high_lookup,10.0,352.0,354.0,353.346,0.7852676809689334,2355,1,2.0,20,step1-插值损耗模型-仅正功率,LGXRFD,FAN_SEG,风机总功率分段模型,FAN_eff,FAN_eff,10.0,10.0
high,high_lookup,10.0,354.0,356.0,354.929,1.1437525584971697,1551,1,2.0,20,step1-插值损耗模型-仅正功率,LGXRFD,FAN_SEG,风机总功率分段模型,FAN_eff,FAN_eff,10.0,10.0
high,high_lookup,10.0,356.0,358.0,357.224,0.7441112103220815,2261,1,2.0,20,step1-插值损耗模型-仅正功率,LGXRFD,FAN_SEG,风机总功率分段模型,FAN_eff,FAN_eff,10.0,10.0
high,high_lookup,10.0,358.0,360.0,358.997,0.8155499798564301,2610,1,2.0,20,step1-插值损耗模型-仅正功率,LGXRFD,FAN_SEG,风机总功率分段模型,FAN_eff,FAN_eff,10.0,10.0
high,high_lookup,10.0,360.0,362.0,361.056,0.9747723091642155,1787,1,2.0,20,step1-插值损耗模型-仅正功率,LGXRFD,FAN_SEG,风机总功率分段模型,FAN_eff,FAN_eff,10.0,10.0
high,high_lookup,10.0,362.0,364.0,363.02250000000004,1.0549216613202517,1596,1,2.0,20,step1-插值损耗模型-仅正功率,LGXRFD,FAN_SEG,风机总功率分段模型,FAN_eff,FAN_eff,10.0,10.0
high,high_lookup,10.0,364.0,366.0,364.95349999999996,0.9448162871468748,1760,1,2.0,20,step1-插值损耗模型-仅正功率,LGXRFD,FAN_SEG,风机总功率分段模型,FAN_eff,FAN_eff,10.0,10.0
high,high_lookup,10.0,366.0,368.0,366.9065,0.9571748177751717,1626,1,2.0,20,step1-插值损耗模型-仅正功率,LGXRFD,FAN_SEG,风机总功率分段模型,FAN_eff,FAN_eff,10.0,10.0
high,high_lookup,10.0,368.0,370.0,368.953,0.7936327473094488,2066,1,2.0,20,step1-插值损耗模型-仅正功率,LGXRFD,FAN_SEG,风机总功率分段模型,FAN_eff,FAN_eff,10.0,10.0
high,high_lookup,10.0,370.0,372.0,370.997,0.630532225267511,2981,1,2.0,20,step1-插值损耗模型-仅正功率,LGXRFD,FAN_SEG,风机总功率分段模型,FAN_eff,FAN_eff,10.0,10.0
high,high_lookup,10.0,372.0,374.0,373.03200000000004,0.5881768861590206,2982,1,2.0,20,step1-插值损耗模型-仅正功率,LGXRFD,FAN_SEG,风机总功率分段模型,FAN_eff,FAN_eff,10.0,10.0
high,high_lookup,10.0,374.0,376.0,374.987,0.5143424302059957,2369,1,2.0,20,step1-插值损耗模型-仅正功率,LGXRFD,FAN_SEG,风机总功率分段模型,FAN_eff,FAN_eff,10.0,10.0
high,high_lookup,10.0,376.0,378.0,377.118,0.5885350380399983,2393,1,2.0,20,step1-插值损耗模型-仅正功率,LGXRFD,FAN_SEG,风机总功率分段模型,FAN_eff,FAN_eff,10.0,10.0
high,high_lookup,10.0,378.0,380.0,379.0385,0.5132264968970354,2612,1,2.0,20,step1-插值损耗模型-仅正功率,LGXRFD,FAN_SEG,风机总功率分段模型,FAN_eff,FAN_eff,10.0,10.0
high,high_lookup,10.0,380.0,382.0,380.8865,0.4909148661554206,4700,1,2.0,20,step1-插值损耗模型-仅正功率,LGXRFD,FAN_SEG,风机总功率分段模型,FAN_eff,FAN_eff,10.0,10.0
high,high_lookup,10.0,382.0,384.0,383.319,0.5103946945537525,2864,1,2.0,20,step1-插值损耗模型-仅正功率,LGXRFD,FAN_SEG,风机总功率分段模型,FAN_eff,FAN_eff,10.0,10.0
high,high_lookup,10.0,384.0,386.0,384.859,0.4788598821994444,3549,1,2.0,20,step1-插值损耗模型-仅正功率,LGXRFD,FAN_SEG,风机总功率分段模型,FAN_eff,FAN_eff,10.0,10.0
high,high_lookup,10.0,386.0,388.0,387.0565,0.44396144272848986,3176,1,2.0,20,step1-插值损耗模型-仅正功率,LGXRFD,FAN_SEG,风机总功率分段模型,FAN_eff,FAN_eff,10.0,10.0
high,high_lookup,10.0,388.0,390.0,388.671,0.4665801780138895,2205,1,2.0,20,step1-插值损耗模型-仅正功率,LGXRFD,FAN_SEG,风机总功率分段模型,FAN_eff,FAN_eff,10.0,10.0
high,high_lookup,10.0,390.0,392.0,391.301,0.42934117859087345,2769,1,2.0,20,step1-插值损耗模型-仅正功率,LGXRFD,FAN_SEG,风机总功率分段模型,FAN_eff,FAN_eff,10.0,10.0
high,high_lookup,10.0,392.0,394.0,393.116,0.3749299488250058,2885,1,2.0,20,step1-插值损耗模型-仅正功率,LGXRFD,FAN_SEG,风机总功率分段模型,FAN_eff,FAN_eff,10.0,10.0
high,high_lookup,10.0,394.0,396.0,395.40049999999997,0.3250847037588472,3676,1,2.0,20,step1-插值损耗模型-仅正功率,LGXRFD,FAN_SEG,风机总功率分段模型,FAN_eff,FAN_eff,10.0,10.0
high,high_lookup,10.0,396.0,398.0,396.56,0.3166434205303359,1221,1,2.0,20,step1-插值损耗模型-仅正功率,LGXRFD,FAN_SEG,风机总功率分段模型,FAN_eff,FAN_eff,10.0,10.0
high,high_lookup,10.0,398.0,400.0,399.418,0.2816916930131171,1836,1,2.0,20,step1-插值损耗模型-仅正功率,LGXRFD,FAN_SEG,风机总功率分段模型,FAN_eff,FAN_eff,10.0,10.0
high,high_lookup,10.0,400.0,402.0,400.378,0.441567955458004,109,1,2.0,20,step1-插值损耗模型-仅正功率,LGXRFD,FAN_SEG,风机总功率分段模型,FAN_eff,FAN_eff,10.0,10.0
high,high_lookup,10.0,402.0,406.0,402.565,0.31864506921516184,189,2,2.0,20,step1-插值损耗模型-仅正功率,LGXRFD,FAN_SEG,风机总功率分段模型,FAN_eff,FAN_eff,10.0,10.0
