场站,阈值,修正作用情况,对应最终处理方式,分段数,分段占比,覆盖分钟数,覆盖分钟占比,纳入统计分钟数,原异常分钟数,修正后异常分钟数,异常分钟数净变化量（修正后-原）,有效异常分钟数改善量,原异常程度总和,修正后异常程度总和,异常程度净变化量（修正后-原）,有效异常程度改善量,有效异常程度改善率,原偏离程度总和,修正后偏离程度总和,偏离程度净变化量（修正后-原）,有效偏离程度改善量,有效偏离程度改善率,重复正功率>0总分段数,重复正功率>0总覆盖分钟数,重复正功率>0总纳入统计分钟数,重复正功率>0总原异常分钟数,重复正功率>0总修正后异常分钟数,重复正功率>0总原异常程度,重复正功率>0总修正后异常程度,重复正功率>0总原偏离程度,重复正功率>0总修正后偏离程度
LGXRFD,0.05,情况1：修正前正常，修正后异常，保留（不修正）,保留（不修正）,7,0.09333333333333334,312.0,0.006706504449507759,312.0,10.0,86.0,76.0,0.0,0.784189,91.39134000000001,90.60715100000002,0.0,0.0,60.239459,161.705129,101.46567,0.0,0.0,75,46522.0,46475.0,11343.0,6662.0,11479.848027,1128906.2705370001,28348.532877,1134998.088316
LGXRFD,0.05,情况2：修正前异常，修正后正常，修正后保留,修正后保留,3,0.04,1483.0,0.031877391341730794,1482.0,392.0,29.0,-363.0,363.0,464.958998,20.556839,-444.402159,444.402159,0.9557878456198841,1133.7310260000002,76.211309,-1057.5197170000001,1057.519717,0.932778315797807,75,46522.0,46475.0,11343.0,6662.0,11479.848027,1128906.2705370001,28348.532877,1134998.088316
LGXRFD,0.05,情况3：修正前正常，修正后正常，修正后改善，修正后保留,修正后保留,2,0.02666666666666667,6918.0,0.1487038390438932,6918.0,0.0,0.0,0.0,0.0,0.0,0.0,0.0,0.0,,2795.5281619999996,0.0,-2795.5281619999996,2795.5281619999996,1.0,75,46522.0,46475.0,11343.0,6662.0,11479.848027,1128906.2705370001,28348.532877,1134998.088316
LGXRFD,0.05,情况4：修正前正常，修正后正常，修正后不变，保留（不修正）,保留（不修正）,4,0.05333333333333334,23.0,0.0004943897510855079,22.0,0.0,0.0,0.0,0.0,0.0,0.0,0.0,0.0,,0.0,0.0,0.0,0.0,,75,46522.0,46475.0,11343.0,6662.0,11479.848027,1128906.2705370001,28348.532877,1134998.088316
LGXRFD,0.05,情况5：修正前正常，修正后正常，修正后恶化，保留（不修正）,保留（不修正）,0,0.0,0.0,0.0,0.0,0.0,0.0,0.0,0.0,0.0,0.0,0.0,0.0,,0.0,0.0,0.0,0.0,,75,46522.0,46475.0,11343.0,6662.0,11479.848027,1128906.2705370001,28348.532877,1134998.088316
LGXRFD,0.05,情况6：修正前异常，修正后异常，修正后改善，标记为异常分段,标记为异常分段,13,0.17333333333333334,34511.0,0.7418210739005202,34483.0,10029.0,3920.0,-6109.0,0.0,10592.270657000001,1758.587072,-8833.683585,0.0,0.0,23022.63283,6392.840826999999,-16629.792003,0.0,0.0,75,46522.0,46475.0,11343.0,6662.0,11479.848027,1128906.2705370001,28348.532877,1134998.088316
LGXRFD,0.05,情况7：修正前异常，修正后异常，修正后不变，标记为异常分段,标记为异常分段,0,0.0,0.0,0.0,0.0,0.0,0.0,0.0,0.0,0.0,0.0,0.0,0.0,,0.0,0.0,0.0,0.0,,75,46522.0,46475.0,11343.0,6662.0,11479.848027,1128906.2705370001,28348.532877,1134998.088316
LGXRFD,0.05,情况8：修正前异常，修正后异常，修正后恶化，标记为异常分段,标记为异常分段,46,0.6133333333333333,3275.0,0.07039680151326254,3258.0,912.0,2627.0,1715.0,0.0,421.834183,1127035.7352859997,1126613.9011029997,0.0,0.0,1336.4014000000002,1128367.331051,1127030.9296509998,0.0,0.0,75,46522.0,46475.0,11343.0,6662.0,11479.848027,1128906.2705370001,28348.532877,1134998.088316
LGXRFD,0.06,情况1：修正前正常，修正后异常，保留（不修正）,保留（不修正）,7,0.09333333333333334,312.0,0.006706504449507759,312.0,10.0,86.0,76.0,0.0,0.784189,91.39134000000001,90.60715100000002,0.0,0.0,60.239459,161.705129,101.46567,0.0,0.0,75,46522.0,46475.0,11343.0,6662.0,11479.848027,1128906.2705370001,28348.532877,1134998.088316
LGXRFD,0.06,情况2：修正前异常，修正后正常，修正后保留,修正后保留,5,0.06666666666666667,11204.0,0.24083229439834916,11202.0,1947.0,590.0,-1357.0,1357.0,2544.4367939999997,145.0566,-2399.380194,2399.380194,0.9429906844838686,7368.76652,690.4808449999998,-6678.285675,6678.285675,0.9062962786070198,75,46522.0,46475.0,11343.0,6662.0,11479.848027,1128906.2705370001,28348.532877,1134998.088316
LGXRFD,0.06,情况3：修正前正常，修正后正常，修正后改善，修正后保留,修正后保留,2,0.02666666666666667,6918.0,0.1487038390438932,6918.0,0.0,0.0,0.0,0.0,0.0,0.0,0.0,0.0,,2795.5281619999996,0.0,-2795.5281619999996,2795.5281619999996,1.0,75,46522.0,46475.0,11343.0,6662.0,11479.848027,1128906.2705370001,28348.532877,1134998.088316
LGXRFD,0.06,情况4：修正前正常，修正后正常，修正后不变，保留（不修正）,保留（不修正）,4,0.05333333333333334,23.0,0.0004943897510855079,22.0,0.0,0.0,0.0,0.0,0.0,0.0,0.0,0.0,,0.0,0.0,0.0,0.0,,75,46522.0,46475.0,11343.0,6662.0,11479.848027,1128906.2705370001,28348.532877,1134998.088316
LGXRFD,0.06,情况5：修正前正常，修正后正常，修正后恶化，保留（不修正）,保留（不修正）,0,0.0,0.0,0.0,0.0,0.0,0.0,0.0,0.0,0.0,0.0,0.0,0.0,,0.0,0.0,0.0,0.0,,75,46522.0,46475.0,11343.0,6662.0,11479.848027,1128906.2705370001,28348.532877,1134998.088316
LGXRFD,0.06,情况6：修正前异常，修正后异常，修正后改善，标记为异常分段,标记为异常分段,11,0.14666666666666667,24790.0,0.5328661708439019,24763.0,8474.0,3359.0,-5115.0,0.0,8512.792861000002,1634.0873109999998,-6878.705550000002,0.0,0.0,16787.597336,5778.571290999999,-11009.026044999999,0.0,0.0,75,46522.0,46475.0,11343.0,6662.0,11479.848027,1128906.2705370001,28348.532877,1134998.088316
LGXRFD,0.06,情况7：修正前异常，修正后异常，修正后不变，标记为异常分段,标记为异常分段,0,0.0,0.0,0.0,0.0,0.0,0.0,0.0,0.0,0.0,0.0,0.0,0.0,,0.0,0.0,0.0,0.0,,75,46522.0,46475.0,11343.0,6662.0,11479.848027,1128906.2705370001,28348.532877,1134998.088316
LGXRFD,0.06,情况8：修正前异常，修正后异常，修正后恶化，标记为异常分段,标记为异常分段,46,0.6133333333333333,3275.0,0.07039680151326254,3258.0,912.0,2627.0,1715.0,0.0,421.834183,1127035.7352859997,1126613.9011029997,0.0,0.0,1336.4014000000002,1128367.331051,1127030.9296509998,0.0,0.0,75,46522.0,46475.0,11343.0,6662.0,11479.848027,1128906.2705370001,28348.532877,1134998.088316
LGXRFD,0.07,情况1：修正前正常，修正后异常，保留（不修正）,保留（不修正）,6,0.08,127.0,0.0027298912342547613,127.0,4.0,74.0,70.0,0.0,0.318027,89.66724400000001,89.34921700000001,0.0,0.0,21.849615,134.867522,113.01790700000001,0.0,0.0,75,46522.0,46475.0,11343.0,6662.0,11479.848027,1128906.2705370001,28348.532877,1134998.088316
LGXRFD,0.07,情况2：修正前异常，修正后正常，修正后保留,修正后保留,7,0.09333333333333334,29584.0,0.6359141911353768,29568.0,4999.0,1750.0,-3249.0,3249.0,3439.2637640000003,593.5817119999999,-2845.682052,2845.682052,0.827410238722243,13341.492789,3514.856136,-9826.636653,9826.636653000001,0.7365470122730208,75,46522.0,46475.0,11343.0,6662.0,11479.848027,1128906.2705370001,28348.532877,1134998.088316
LGXRFD,0.07,情况3：修正前正常，修正后正常，修正后改善，修正后保留,修正后保留,3,0.04,7103.0,0.1526804522591462,7103.0,6.0,12.0,6.0,0.0,0.466162,1.724096,1.257934,0.0,0.0,2833.9180059999994,26.837607,-2807.0803989999995,2807.0803989999995,0.9905298576235518,75,46522.0,46475.0,11343.0,6662.0,11479.848027,1128906.2705370001,28348.532877,1134998.088316
LGXRFD,0.07,情况4：修正前正常，修正后正常，修正后不变，保留（不修正）,保留（不修正）,4,0.05333333333333334,23.0,0.0004943897510855079,22.0,0.0,0.0,0.0,0.0,0.0,0.0,0.0,0.0,,0.0,0.0,0.0,0.0,,75,46522.0,46475.0,11343.0,6662.0,11479.848027,1128906.2705370001,28348.532877,1134998.088316
LGXRFD,0.07,情况5：修正前正常，修正后正常，修正后恶化，保留（不修正）,保留（不修正）,0,0.0,0.0,0.0,0.0,0.0,0.0,0.0,0.0,0.0,0.0,0.0,0.0,,0.0,0.0,0.0,0.0,,75,46522.0,46475.0,11343.0,6662.0,11479.848027,1128906.2705370001,28348.532877,1134998.088316
LGXRFD,0.07,情况6：修正前异常，修正后异常，修正后改善，标记为异常分段,标记为异常分段,9,0.12,6410.0,0.13778427410687416,6397.0,5422.0,2199.0,-3223.0,0.0,7617.965891,1185.562199,-6432.403692,0.0,0.0,10814.871067,2954.196,-7860.675067,0.0,0.0,75,46522.0,46475.0,11343.0,6662.0,11479.848027,1128906.2705370001,28348.532877,1134998.088316
LGXRFD,0.07,情况7：修正前异常，修正后异常，修正后不变，标记为异常分段,标记为异常分段,0,0.0,0.0,0.0,0.0,0.0,0.0,0.0,0.0,0.0,0.0,0.0,0.0,,0.0,0.0,0.0,0.0,,75,46522.0,46475.0,11343.0,6662.0,11479.848027,1128906.2705370001,28348.532877,1134998.088316
LGXRFD,0.07,情况8：修正前异常，修正后异常，修正后恶化，标记为异常分段,标记为异常分段,46,0.6133333333333333,3275.0,0.07039680151326254,3258.0,912.0,2627.0,1715.0,0.0,421.834183,1127035.7352859997,1126613.9011029997,0.0,0.0,1336.4014000000002,1128367.331051,1127030.9296509998,0.0,0.0,75,46522.0,46475.0,11343.0,6662.0,11479.848027,1128906.2705370001,28348.532877,1134998.088316
LGXRFD,0.08,情况1：修正前正常，修正后异常，保留（不修正）,保留（不修正）,6,0.08,127.0,0.0027298912342547613,127.0,4.0,74.0,70.0,0.0,0.318027,89.66724400000001,89.34921700000001,0.0,0.0,21.849615,134.867522,113.01790700000001,0.0,0.0,75,46522.0,46475.0,11343.0,6662.0,11479.848027,1128906.2705370001,28348.532877,1134998.088316
LGXRFD,0.08,情况2：修正前异常，修正后正常，修正后保留,修正后保留,7,0.09333333333333334,29584.0,0.6359141911353768,29568.0,4999.0,1750.0,-3249.0,3249.0,3439.2637640000003,593.5817119999999,-2845.682052,2845.682052,0.827410238722243,13341.492789,3514.856136,-9826.636653,9826.636653000001,0.7365470122730208,75,46522.0,46475.0,11343.0,6662.0,11479.848027,1128906.2705370001,28348.532877,1134998.088316
LGXRFD,0.08,情况3：修正前正常，修正后正常，修正后改善，修正后保留,修正后保留,3,0.04,7103.0,0.1526804522591462,7103.0,6.0,12.0,6.0,0.0,0.466162,1.724096,1.257934,0.0,0.0,2833.9180059999994,26.837607,-2807.0803989999995,2807.0803989999995,0.9905298576235518,75,46522.0,46475.0,11343.0,6662.0,11479.848027,1128906.2705370001,28348.532877,1134998.088316
LGXRFD,0.08,情况4：修正前正常，修正后正常，修正后不变，保留（不修正）,保留（不修正）,4,0.05333333333333334,23.0,0.0004943897510855079,22.0,0.0,0.0,0.0,0.0,0.0,0.0,0.0,0.0,,0.0,0.0,0.0,0.0,,75,46522.0,46475.0,11343.0,6662.0,11479.848027,1128906.2705370001,28348.532877,1134998.088316
LGXRFD,0.08,情况5：修正前正常，修正后正常，修正后恶化，保留（不修正）,保留（不修正）,0,0.0,0.0,0.0,0.0,0.0,0.0,0.0,0.0,0.0,0.0,0.0,0.0,,0.0,0.0,0.0,0.0,,75,46522.0,46475.0,11343.0,6662.0,11479.848027,1128906.2705370001,28348.532877,1134998.088316
LGXRFD,0.08,情况6：修正前异常，修正后异常，修正后改善，标记为异常分段,标记为异常分段,9,0.12,6410.0,0.13778427410687416,6397.0,5422.0,2199.0,-3223.0,0.0,7617.965891,1185.562199,-6432.403692,0.0,0.0,10814.871067,2954.196,-7860.675067,0.0,0.0,75,46522.0,46475.0,11343.0,6662.0,11479.848027,1128906.2705370001,28348.532877,1134998.088316
LGXRFD,0.08,情况7：修正前异常，修正后异常，修正后不变，标记为异常分段,标记为异常分段,0,0.0,0.0,0.0,0.0,0.0,0.0,0.0,0.0,0.0,0.0,0.0,0.0,,0.0,0.0,0.0,0.0,,75,46522.0,46475.0,11343.0,6662.0,11479.848027,1128906.2705370001,28348.532877,1134998.088316
LGXRFD,0.08,情况8：修正前异常，修正后异常，修正后恶化，标记为异常分段,标记为异常分段,46,0.6133333333333333,3275.0,0.07039680151326254,3258.0,912.0,2627.0,1715.0,0.0,421.834183,1127035.7352859997,1126613.9011029997,0.0,0.0,1336.4014000000002,1128367.331051,1127030.9296509998,0.0,0.0,75,46522.0,46475.0,11343.0,6662.0,11479.848027,1128906.2705370001,28348.532877,1134998.088316
LGXRFD,0.09,情况1：修正前正常，修正后异常，保留（不修正）,保留（不修正）,6,0.08,127.0,0.0027298912342547613,127.0,4.0,74.0,70.0,0.0,0.318027,89.66724400000001,89.34921700000001,0.0,0.0,21.849615,134.867522,113.01790700000001,0.0,0.0,75,46522.0,46475.0,11343.0,6662.0,11479.848027,1128906.2705370001,28348.532877,1134998.088316
LGXRFD,0.09,情况2：修正前异常，修正后正常，修正后保留,修正后保留,7,0.09333333333333334,29584.0,0.6359141911353768,29568.0,4999.0,1750.0,-3249.0,3249.0,3439.2637640000003,593.5817119999999,-2845.682052,2845.682052,0.827410238722243,13341.492789,3514.856136,-9826.636653,9826.636653000001,0.7365470122730208,75,46522.0,46475.0,11343.0,6662.0,11479.848027,1128906.2705370001,28348.532877,1134998.088316
LGXRFD,0.09,情况3：修正前正常，修正后正常，修正后改善，修正后保留,修正后保留,3,0.04,7103.0,0.1526804522591462,7103.0,6.0,12.0,6.0,0.0,0.466162,1.724096,1.257934,0.0,0.0,2833.9180059999994,26.837607,-2807.0803989999995,2807.0803989999995,0.9905298576235518,75,46522.0,46475.0,11343.0,6662.0,11479.848027,1128906.2705370001,28348.532877,1134998.088316
LGXRFD,0.09,情况4：修正前正常，修正后正常，修正后不变，保留（不修正）,保留（不修正）,4,0.05333333333333334,23.0,0.0004943897510855079,22.0,0.0,0.0,0.0,0.0,0.0,0.0,0.0,0.0,,0.0,0.0,0.0,0.0,,75,46522.0,46475.0,11343.0,6662.0,11479.848027,1128906.2705370001,28348.532877,1134998.088316
LGXRFD,0.09,情况5：修正前正常，修正后正常，修正后恶化，保留（不修正）,保留（不修正）,1,0.013333333333333334,411.0,0.008834529899832338,411.0,35.0,36.0,1.0,0.0,3.563505,35.204219,31.640714000000003,0.0,0.0,102.291973,136.770331,34.478358,0.0,0.0,75,46522.0,46475.0,11343.0,6662.0,11479.848027,1128906.2705370001,28348.532877,1134998.088316
LGXRFD,0.09,情况6：修正前异常，修正后异常，修正后改善，标记为异常分段,标记为异常分段,9,0.12,6410.0,0.13778427410687416,6397.0,5422.0,2199.0,-3223.0,0.0,7617.965891,1185.562199,-6432.403692,0.0,0.0,10814.871067,2954.196,-7860.675067,0.0,0.0,75,46522.0,46475.0,11343.0,6662.0,11479.848027,1128906.2705370001,28348.532877,1134998.088316
LGXRFD,0.09,情况7：修正前异常，修正后异常，修正后不变，标记为异常分段,标记为异常分段,0,0.0,0.0,0.0,0.0,0.0,0.0,0.0,0.0,0.0,0.0,0.0,0.0,,0.0,0.0,0.0,0.0,,75,46522.0,46475.0,11343.0,6662.0,11479.848027,1128906.2705370001,28348.532877,1134998.088316
LGXRFD,0.09,情况8：修正前异常，修正后异常，修正后恶化，标记为异常分段,标记为异常分段,45,0.6,2864.0,0.061562271613430204,2847.0,877.0,2591.0,1714.0,0.0,418.27067800000003,1127000.5310669998,1126582.2603889997,0.0,0.0,1234.1094270000003,1128230.56072,1126996.451293,0.0,0.0,75,46522.0,46475.0,11343.0,6662.0,11479.848027,1128906.2705370001,28348.532877,1134998.088316
LGXRFD,0.1,情况1：修正前正常，修正后异常，保留（不修正）,保留（不修正）,7,0.09333333333333334,561.0,0.012058810885172607,561.0,46.0,340.0,294.0,0.0,6.17689,130.15786400000002,123.98097400000002,0.0,0.0,126.210149,321.846471,195.636322,0.0,0.0,75,46522.0,46475.0,11343.0,6662.0,11479.848027,1128906.2705370001,28348.532877,1134998.088316
LGXRFD,0.1,情况2：修正前异常，修正后正常，修正后保留,修正后保留,8,0.10666666666666667,31060.0,0.6676411160311251,31035.0,6347.0,1883.0,-4464.0,4464.0,5053.4223870000005,617.541708,-4435.880679000001,4435.880679,0.8777973300651386,15637.754098999998,3798.712087,-11839.042011999998,11839.042011999998,0.7570807122972397,75,46522.0,46475.0,11343.0,6662.0,11479.848027,1128906.2705370001,28348.532877,1134998.088316
LGXRFD,0.1,情况3：修正前正常，修正后正常，修正后改善，修正后保留,修正后保留,3,0.04,7103.0,0.1526804522591462,7103.0,6.0,12.0,6.0,0.0,0.466162,1.724096,1.257934,0.0,0.0,2833.9180059999994,26.837607,-2807.0803989999995,2807.0803989999995,0.9905298576235518,75,46522.0,46475.0,11343.0,6662.0,11479.848027,1128906.2705370001,28348.532877,1134998.088316
LGXRFD,0.1,情况4：修正前正常，修正后正常，修正后不变，保留（不修正）,保留（不修正）,4,0.05333333333333334,23.0,0.0004943897510855079,22.0,0.0,0.0,0.0,0.0,0.0,0.0,0.0,0.0,,0.0,0.0,0.0,0.0,,75,46522.0,46475.0,11343.0,6662.0,11479.848027,1128906.2705370001,28348.532877,1134998.088316
LGXRFD,0.1,情况5：修正前正常，修正后正常，修正后恶化，保留（不修正）,保留（不修正）,1,0.013333333333333334,411.0,0.008834529899832338,411.0,35.0,36.0,1.0,0.0,3.563505,35.204219,31.640714000000003,0.0,0.0,102.291973,136.770331,34.478358,0.0,0.0,75,46522.0,46475.0,11343.0,6662.0,11479.848027,1128906.2705370001,28348.532877,1134998.088316
LGXRFD,0.1,情况6：修正前异常，修正后异常，修正后改善，标记为异常分段,标记为异常分段,8,0.10666666666666667,4934.0,0.10605734921112592,4930.0,4074.0,2066.0,-2008.0,0.0,6003.8072680000005,1161.6022030000001,-4842.205065,0.0,0.0,8518.609756999998,2670.340049,-5848.269707999998,0.0,0.0,75,46522.0,46475.0,11343.0,6662.0,11479.848027,1128906.2705370001,28348.532877,1134998.088316
LGXRFD,0.1,情况7：修正前异常，修正后异常，修正后不变，标记为异常分段,标记为异常分段,0,0.0,0.0,0.0,0.0,0.0,0.0,0.0,0.0,0.0,0.0,0.0,0.0,,0.0,0.0,0.0,0.0,,75,46522.0,46475.0,11343.0,6662.0,11479.848027,1128906.2705370001,28348.532877,1134998.088316
LGXRFD,0.1,情况8：修正前异常，修正后异常，修正后恶化，标记为异常分段,标记为异常分段,44,0.5866666666666667,2430.0,0.05223335196251236,2413.0,835.0,2325.0,1490.0,0.0,412.411815,1126960.040447,1126547.628632,0.0,0.0,1129.7488930000002,1128043.5817709998,1126913.8328779999,0.0,0.0,75,46522.0,46475.0,11343.0,6662.0,11479.848027,1128906.2705370001,28348.532877,1134998.088316
LGXRFD,0.11,情况1：修正前正常，修正后异常，保留（不修正）,保留（不修正）,8,0.10666666666666667,643.0,0.013821417823825287,643.0,55.0,389.0,334.0,0.0,8.319026000000001,138.97209900000001,130.653073,0.0,0.0,147.655107,367.27726099999995,219.62215399999997,0.0,0.0,75,46522.0,46475.0,11343.0,6662.0,11479.848027,1128906.2705370001,28348.532877,1134998.088316
LGXRFD,0.11,情况2：修正前异常，修正后正常，修正后保留,修正后保留,8,0.10666666666666667,31060.0,0.6676411160311251,31035.0,6347.0,1883.0,-4464.0,4464.0,5053.4223870000005,617.541708,-4435.880679000001,4435.880679,0.8777973300651386,15637.754098999998,3798.712087,-11839.042011999998,11839.042011999998,0.7570807122972397,75,46522.0,46475.0,11343.0,6662.0,11479.848027,1128906.2705370001,28348.532877,1134998.088316
LGXRFD,0.11,情况3：修正前正常，修正后正常，修正后改善，修正后保留,修正后保留,3,0.04,7103.0,0.1526804522591462,7103.0,6.0,12.0,6.0,0.0,0.466162,1.724096,1.257934,0.0,0.0,2833.9180059999994,26.837607,-2807.0803989999995,2807.0803989999995,0.9905298576235518,75,46522.0,46475.0,11343.0,6662.0,11479.848027,1128906.2705370001,28348.532877,1134998.088316
LGXRFD,0.11,情况4：修正前正常，修正后正常，修正后不变，保留（不修正）,保留（不修正）,4,0.05333333333333334,23.0,0.0004943897510855079,22.0,0.0,0.0,0.0,0.0,0.0,0.0,0.0,0.0,,0.0,0.0,0.0,0.0,,75,46522.0,46475.0,11343.0,6662.0,11479.848027,1128906.2705370001,28348.532877,1134998.088316
LGXRFD,0.11,情况5：修正前正常，修正后正常，修正后恶化，保留（不修正）,保留（不修正）,1,0.013333333333333334,411.0,0.008834529899832338,411.0,35.0,36.0,1.0,0.0,3.563505,35.204219,31.640714000000003,0.0,0.0,102.291973,136.770331,34.478358,0.0,0.0,75,46522.0,46475.0,11343.0,6662.0,11479.848027,1128906.2705370001,28348.532877,1134998.088316
LGXRFD,0.11,情况6：修正前异常，修正后异常，修正后改善，标记为异常分段,标记为异常分段,8,0.10666666666666667,4934.0,0.10605734921112592,4930.0,4074.0,2066.0,-2008.0,0.0,6003.8072680000005,1161.6022030000001,-4842.205065,0.0,0.0,8518.609756999998,2670.340049,-5848.269707999998,0.0,0.0,75,46522.0,46475.0,11343.0,6662.0,11479.848027,1128906.2705370001,28348.532877,1134998.088316
LGXRFD,0.11,情况7：修正前异常，修正后异常，修正后不变，标记为异常分段,标记为异常分段,0,0.0,0.0,0.0,0.0,0.0,0.0,0.0,0.0,0.0,0.0,0.0,0.0,,0.0,0.0,0.0,0.0,,75,46522.0,46475.0,11343.0,6662.0,11479.848027,1128906.2705370001,28348.532877,1134998.088316
LGXRFD,0.11,情况8：修正前异常，修正后异常，修正后恶化，标记为异常分段,标记为异常分段,43,0.5733333333333334,2348.0,0.05047074502385968,2331.0,826.0,2276.0,1450.0,0.0,410.269679,1126951.226212,1126540.956533,0.0,0.0,1108.3039350000001,1127998.1509810002,1126889.8470460002,0.0,0.0,75,46522.0,46475.0,11343.0,6662.0,11479.848027,1128906.2705370001,28348.532877,1134998.088316
LGXRFD,0.12,情况1：修正前正常，修正后异常，保留（不修正）,保留（不修正）,9,0.12,661.0,0.014208331542066119,661.0,57.0,398.0,341.0,0.0,8.635476,140.438713,131.803237,0.0,0.0,152.123512,376.282015,224.158503,0.0,0.0,75,46522.0,46475.0,11343.0,6662.0,11479.848027,1128906.2705370001,28348.532877,1134998.088316
LGXRFD,0.12,情况2：修正前异常，修正后正常，修正后保留,修正后保留,8,0.10666666666666667,31060.0,0.6676411160311251,31035.0,6347.0,1883.0,-4464.0,4464.0,5053.4223870000005,617.541708,-4435.880679000001,4435.880679,0.8777973300651386,15637.754098999998,3798.712087,-11839.042011999998,11839.042011999998,0.7570807122972397,75,46522.0,46475.0,11343.0,6662.0,11479.848027,1128906.2705370001,28348.532877,1134998.088316
LGXRFD,0.12,情况3：修正前正常，修正后正常，修正后改善，修正后保留,修正后保留,3,0.04,7103.0,0.1526804522591462,7103.0,6.0,12.0,6.0,0.0,0.466162,1.724096,1.257934,0.0,0.0,2833.9180059999994,26.837607,-2807.0803989999995,2807.0803989999995,0.9905298576235518,75,46522.0,46475.0,11343.0,6662.0,11479.848027,1128906.2705370001,28348.532877,1134998.088316
LGXRFD,0.12,情况4：修正前正常，修正后正常，修正后不变，保留（不修正）,保留（不修正）,4,0.05333333333333334,23.0,0.0004943897510855079,22.0,0.0,0.0,0.0,0.0,0.0,0.0,0.0,0.0,,0.0,0.0,0.0,0.0,,75,46522.0,46475.0,11343.0,6662.0,11479.848027,1128906.2705370001,28348.532877,1134998.088316
LGXRFD,0.12,情况5：修正前正常，修正后正常，修正后恶化，保留（不修正）,保留（不修正）,1,0.013333333333333334,411.0,0.008834529899832338,411.0,35.0,36.0,1.0,0.0,3.563505,35.204219,31.640714000000003,0.0,0.0,102.291973,136.770331,34.478358,0.0,0.0,75,46522.0,46475.0,11343.0,6662.0,11479.848027,1128906.2705370001,28348.532877,1134998.088316
LGXRFD,0.12,情况6：修正前异常，修正后异常，修正后改善，标记为异常分段,标记为异常分段,8,0.10666666666666667,4934.0,0.10605734921112592,4930.0,4074.0,2066.0,-2008.0,0.0,6003.8072680000005,1161.6022030000001,-4842.205065,0.0,0.0,8518.609756999998,2670.340049,-5848.269707999998,0.0,0.0,75,46522.0,46475.0,11343.0,6662.0,11479.848027,1128906.2705370001,28348.532877,1134998.088316
LGXRFD,0.12,情况7：修正前异常，修正后异常，修正后不变，标记为异常分段,标记为异常分段,0,0.0,0.0,0.0,0.0,0.0,0.0,0.0,0.0,0.0,0.0,0.0,0.0,,0.0,0.0,0.0,0.0,,75,46522.0,46475.0,11343.0,6662.0,11479.848027,1128906.2705370001,28348.532877,1134998.088316
LGXRFD,0.12,情况8：修正前异常，修正后异常，修正后恶化，标记为异常分段,标记为异常分段,42,0.56,2330.0,0.050083831305618845,2313.0,824.0,2267.0,1443.0,0.0,409.953229,1126949.759598,1126539.8063689999,0.0,0.0,1103.83553,1127989.1462269998,1126885.3106969998,0.0,0.0,75,46522.0,46475.0,11343.0,6662.0,11479.848027,1128906.2705370001,28348.532877,1134998.088316
LGXRFD,0.13,情况1：修正前正常，修正后异常，保留（不修正）,保留（不修正）,9,0.12,661.0,0.014208331542066119,661.0,57.0,398.0,341.0,0.0,8.635476,140.438713,131.803237,0.0,0.0,152.123512,376.282015,224.158503,0.0,0.0,75,46522.0,46475.0,11343.0,6662.0,11479.848027,1128906.2705370001,28348.532877,1134998.088316
LGXRFD,0.13,情况2：修正前异常，修正后正常，修正后保留,修正后保留,8,0.10666666666666667,31060.0,0.6676411160311251,31035.0,6347.0,1883.0,-4464.0,4464.0,5053.4223870000005,617.541708,-4435.880679000001,4435.880679,0.8777973300651386,15637.754098999998,3798.712087,-11839.042011999998,11839.042011999998,0.7570807122972397,75,46522.0,46475.0,11343.0,6662.0,11479.848027,1128906.2705370001,28348.532877,1134998.088316
LGXRFD,0.13,情况3：修正前正常，修正后正常，修正后改善，修正后保留,修正后保留,3,0.04,7103.0,0.1526804522591462,7103.0,6.0,12.0,6.0,0.0,0.466162,1.724096,1.257934,0.0,0.0,2833.9180059999994,26.837607,-2807.0803989999995,2807.0803989999995,0.9905298576235518,75,46522.0,46475.0,11343.0,6662.0,11479.848027,1128906.2705370001,28348.532877,1134998.088316
LGXRFD,0.13,情况4：修正前正常，修正后正常，修正后不变，保留（不修正）,保留（不修正）,4,0.05333333333333334,23.0,0.0004943897510855079,22.0,0.0,0.0,0.0,0.0,0.0,0.0,0.0,0.0,,0.0,0.0,0.0,0.0,,75,46522.0,46475.0,11343.0,6662.0,11479.848027,1128906.2705370001,28348.532877,1134998.088316
LGXRFD,0.13,情况5：修正前正常，修正后正常，修正后恶化，保留（不修正）,保留（不修正）,1,0.013333333333333334,411.0,0.008834529899832338,411.0,35.0,36.0,1.0,0.0,3.563505,35.204219,31.640714000000003,0.0,0.0,102.291973,136.770331,34.478358,0.0,0.0,75,46522.0,46475.0,11343.0,6662.0,11479.848027,1128906.2705370001,28348.532877,1134998.088316
LGXRFD,0.13,情况6：修正前异常，修正后异常，修正后改善，标记为异常分段,标记为异常分段,8,0.10666666666666667,4934.0,0.10605734921112592,4930.0,4074.0,2066.0,-2008.0,0.0,6003.8072680000005,1161.6022030000001,-4842.205065,0.0,0.0,8518.609756999998,2670.340049,-5848.269707999998,0.0,0.0,75,46522.0,46475.0,11343.0,6662.0,11479.848027,1128906.2705370001,28348.532877,1134998.088316
LGXRFD,0.13,情况7：修正前异常，修正后异常，修正后不变，标记为异常分段,标记为异常分段,0,0.0,0.0,0.0,0.0,0.0,0.0,0.0,0.0,0.0,0.0,0.0,0.0,,0.0,0.0,0.0,0.0,,75,46522.0,46475.0,11343.0,6662.0,11479.848027,1128906.2705370001,28348.532877,1134998.088316
LGXRFD,0.13,情况8：修正前异常，修正后异常，修正后恶化，标记为异常分段,标记为异常分段,42,0.56,2330.0,0.050083831305618845,2313.0,824.0,2267.0,1443.0,0.0,409.953229,1126949.759598,1126539.8063689999,0.0,0.0,1103.83553,1127989.1462269998,1126885.3106969998,0.0,0.0,75,46522.0,46475.0,11343.0,6662.0,11479.848027,1128906.2705370001,28348.532877,1134998.088316
LGXRFD,0.14,情况1：修正前正常，修正后异常，保留（不修正）,保留（不修正）,9,0.12,661.0,0.014208331542066119,661.0,57.0,398.0,341.0,0.0,8.635476,140.438713,131.803237,0.0,0.0,152.123512,376.282015,224.158503,0.0,0.0,75,46522.0,46475.0,11343.0,6662.0,11479.848027,1128906.2705370001,28348.532877,1134998.088316
LGXRFD,0.14,情况2：修正前异常，修正后正常，修正后保留,修正后保留,8,0.10666666666666667,31060.0,0.6676411160311251,31035.0,6347.0,1883.0,-4464.0,4464.0,5053.4223870000005,617.541708,-4435.880679000001,4435.880679,0.8777973300651386,15637.754098999998,3798.712087,-11839.042011999998,11839.042011999998,0.7570807122972397,75,46522.0,46475.0,11343.0,6662.0,11479.848027,1128906.2705370001,28348.532877,1134998.088316
LGXRFD,0.14,情况3：修正前正常，修正后正常，修正后改善，修正后保留,修正后保留,3,0.04,7103.0,0.1526804522591462,7103.0,6.0,12.0,6.0,0.0,0.466162,1.724096,1.257934,0.0,0.0,2833.9180059999994,26.837607,-2807.0803989999995,2807.0803989999995,0.9905298576235518,75,46522.0,46475.0,11343.0,6662.0,11479.848027,1128906.2705370001,28348.532877,1134998.088316
LGXRFD,0.14,情况4：修正前正常，修正后正常，修正后不变，保留（不修正）,保留（不修正）,4,0.05333333333333334,23.0,0.0004943897510855079,22.0,0.0,0.0,0.0,0.0,0.0,0.0,0.0,0.0,,0.0,0.0,0.0,0.0,,75,46522.0,46475.0,11343.0,6662.0,11479.848027,1128906.2705370001,28348.532877,1134998.088316
LGXRFD,0.14,情况5：修正前正常，修正后正常，修正后恶化，保留（不修正）,保留（不修正）,1,0.013333333333333334,411.0,0.008834529899832338,411.0,35.0,36.0,1.0,0.0,3.563505,35.204219,31.640714000000003,0.0,0.0,102.291973,136.770331,34.478358,0.0,0.0,75,46522.0,46475.0,11343.0,6662.0,11479.848027,1128906.2705370001,28348.532877,1134998.088316
LGXRFD,0.14,情况6：修正前异常，修正后异常，修正后改善，标记为异常分段,标记为异常分段,8,0.10666666666666667,4934.0,0.10605734921112592,4930.0,4074.0,2066.0,-2008.0,0.0,6003.8072680000005,1161.6022030000001,-4842.205065,0.0,0.0,8518.609756999998,2670.340049,-5848.269707999998,0.0,0.0,75,46522.0,46475.0,11343.0,6662.0,11479.848027,1128906.2705370001,28348.532877,1134998.088316
LGXRFD,0.14,情况7：修正前异常，修正后异常，修正后不变，标记为异常分段,标记为异常分段,0,0.0,0.0,0.0,0.0,0.0,0.0,0.0,0.0,0.0,0.0,0.0,0.0,,0.0,0.0,0.0,0.0,,75,46522.0,46475.0,11343.0,6662.0,11479.848027,1128906.2705370001,28348.532877,1134998.088316
LGXRFD,0.14,情况8：修正前异常，修正后异常，修正后恶化，标记为异常分段,标记为异常分段,42,0.56,2330.0,0.050083831305618845,2313.0,824.0,2267.0,1443.0,0.0,409.953229,1126949.759598,1126539.8063689999,0.0,0.0,1103.83553,1127989.1462269998,1126885.3106969998,0.0,0.0,75,46522.0,46475.0,11343.0,6662.0,11479.848027,1128906.2705370001,28348.532877,1134998.088316
LGXRFD,0.15,情况1：修正前正常，修正后异常，保留（不修正）,保留（不修正）,10,0.13333333333333333,668.0,0.014358797988048665,668.0,58.0,405.0,347.0,0.0,9.088248,146.92785400000002,137.83960600000003,0.0,0.0,154.275487,386.41974400000004,232.14425700000004,0.0,0.0,75,46522.0,46475.0,11343.0,6662.0,11479.848027,1128906.2705370001,28348.532877,1134998.088316
LGXRFD,0.15,情况2：修正前异常，修正后正常，修正后保留,修正后保留,8,0.10666666666666667,23003.0,0.4944542367052147,22979.0,6354.0,1554.0,-4800.0,4800.0,6072.216928,550.328741,-5521.888187,5521.8881870000005,0.9093693872393883,13455.569706999999,3625.231141,-9830.338565999999,9830.338565999999,0.7305776552059298,75,46522.0,46475.0,11343.0,6662.0,11479.848027,1128906.2705370001,28348.532877,1134998.088316
LGXRFD,0.15,情况3：修正前正常，修正后正常，修正后改善，修正后保留,修正后保留,4,0.05333333333333334,16639.0,0.3576587421005116,16638.0,1376.0,562.0,-814.0,820.0,1679.972204,124.304854,-1555.66735,1556.925284,0.9267565738843617,8567.144165,602.877202,-7964.266963,7964.266962999999,0.9296291517466252,75,46522.0,46475.0,11343.0,6662.0,11479.848027,1128906.2705370001,28348.532877,1134998.088316
LGXRFD,0.15,情况4：修正前正常，修正后正常，修正后不变，保留（不修正）,保留（不修正）,4,0.05333333333333334,23.0,0.0004943897510855079,22.0,0.0,0.0,0.0,0.0,0.0,0.0,0.0,0.0,,0.0,0.0,0.0,0.0,,75,46522.0,46475.0,11343.0,6662.0,11479.848027,1128906.2705370001,28348.532877,1134998.088316
LGXRFD,0.15,情况5：修正前正常，修正后正常，修正后恶化，保留（不修正）,保留（不修正）,1,0.013333333333333334,411.0,0.008834529899832338,411.0,35.0,36.0,1.0,0.0,3.563505,35.204219,31.640714000000003,0.0,0.0,102.291973,136.770331,34.478358,0.0,0.0,75,46522.0,46475.0,11343.0,6662.0,11479.848027,1128906.2705370001,28348.532877,1134998.088316
LGXRFD,0.15,情况6：修正前异常，修正后异常，修正后改善，标记为异常分段,标记为异常分段,7,0.09333333333333334,3455.0,0.07426593869567087,3451.0,2697.0,1845.0,-852.0,0.0,3305.5066850000003,1106.234412,-2199.2722730000005,0.0,0.0,4967.56799,2267.7814,-2699.7865899999997,0.0,0.0,75,46522.0,46475.0,11343.0,6662.0,11479.848027,1128906.2705370001,28348.532877,1134998.088316
LGXRFD,0.15,情况7：修正前异常，修正后异常，修正后不变，标记为异常分段,标记为异常分段,0,0.0,0.0,0.0,0.0,0.0,0.0,0.0,0.0,0.0,0.0,0.0,0.0,,0.0,0.0,0.0,0.0,,75,46522.0,46475.0,11343.0,6662.0,11479.848027,1128906.2705370001,28348.532877,1134998.088316
LGXRFD,0.15,情况8：修正前异常，修正后异常，修正后恶化，标记为异常分段,标记为异常分段,41,0.5466666666666666,2323.0,0.0499333648596363,2306.0,823.0,2260.0,1437.0,0.0,409.500457,1126943.270457,1126533.77,0.0,0.0,1101.683555,1127979.008498,1126877.324943,0.0,0.0,75,46522.0,46475.0,11343.0,6662.0,11479.848027,1128906.2705370001,28348.532877,1134998.088316
LGXRFD,0.16,情况1：修正前正常，修正后异常，保留（不修正）,保留（不修正）,10,0.13333333333333333,668.0,0.014358797988048665,668.0,58.0,405.0,347.0,0.0,9.088248,146.92785400000002,137.83960600000003,0.0,0.0,154.275487,386.41974400000004,232.14425700000004,0.0,0.0,75,46522.0,46475.0,11343.0,6662.0,11479.848027,1128906.2705370001,28348.532877,1134998.088316
LGXRFD,0.16,情况2：修正前异常，修正后正常，修正后保留,修正后保留,8,0.10666666666666667,23003.0,0.4944542367052147,22979.0,6354.0,1554.0,-4800.0,4800.0,6072.216928,550.328741,-5521.888187,5521.8881870000005,0.9093693872393883,13455.569706999999,3625.231141,-9830.338565999999,9830.338565999999,0.7305776552059298,75,46522.0,46475.0,11343.0,6662.0,11479.848027,1128906.2705370001,28348.532877,1134998.088316
LGXRFD,0.16,情况3：修正前正常，修正后正常，修正后改善，修正后保留,修正后保留,4,0.05333333333333334,16639.0,0.3576587421005116,16638.0,1376.0,562.0,-814.0,820.0,1679.972204,124.304854,-1555.66735,1556.925284,0.9267565738843617,8567.144165,602.877202,-7964.266963,7964.266962999999,0.9296291517466252,75,46522.0,46475.0,11343.0,6662.0,11479.848027,1128906.2705370001,28348.532877,1134998.088316
LGXRFD,0.16,情况4：修正前正常，修正后正常，修正后不变，保留（不修正）,保留（不修正）,4,0.05333333333333334,23.0,0.0004943897510855079,22.0,0.0,0.0,0.0,0.0,0.0,0.0,0.0,0.0,,0.0,0.0,0.0,0.0,,75,46522.0,46475.0,11343.0,6662.0,11479.848027,1128906.2705370001,28348.532877,1134998.088316
LGXRFD,0.16,情况5：修正前正常，修正后正常，修正后恶化，保留（不修正）,保留（不修正）,1,0.013333333333333334,411.0,0.008834529899832338,411.0,35.0,36.0,1.0,0.0,3.563505,35.204219,31.640714000000003,0.0,0.0,102.291973,136.770331,34.478358,0.0,0.0,75,46522.0,46475.0,11343.0,6662.0,11479.848027,1128906.2705370001,28348.532877,1134998.088316
LGXRFD,0.16,情况6：修正前异常，修正后异常，修正后改善，标记为异常分段,标记为异常分段,7,0.09333333333333334,3455.0,0.07426593869567087,3451.0,2697.0,1845.0,-852.0,0.0,3305.5066850000003,1106.234412,-2199.2722730000005,0.0,0.0,4967.56799,2267.7814,-2699.7865899999997,0.0,0.0,75,46522.0,46475.0,11343.0,6662.0,11479.848027,1128906.2705370001,28348.532877,1134998.088316
LGXRFD,0.16,情况7：修正前异常，修正后异常，修正后不变，标记为异常分段,标记为异常分段,0,0.0,0.0,0.0,0.0,0.0,0.0,0.0,0.0,0.0,0.0,0.0,0.0,,0.0,0.0,0.0,0.0,,75,46522.0,46475.0,11343.0,6662.0,11479.848027,1128906.2705370001,28348.532877,1134998.088316
LGXRFD,0.16,情况8：修正前异常，修正后异常，修正后恶化，标记为异常分段,标记为异常分段,41,0.5466666666666666,2323.0,0.0499333648596363,2306.0,823.0,2260.0,1437.0,0.0,409.500457,1126943.270457,1126533.77,0.0,0.0,1101.683555,1127979.008498,1126877.324943,0.0,0.0,75,46522.0,46475.0,11343.0,6662.0,11479.848027,1128906.2705370001,28348.532877,1134998.088316
LGXRFD,0.17,情况1：修正前正常，修正后异常，保留（不修正）,保留（不修正）,11,0.14666666666666667,674.0,0.014487769227462276,674.0,59.0,410.0,351.0,0.0,9.120953,150.04745300000002,140.92650000000003,0.0,0.0,155.55299,392.565339,237.012349,0.0,0.0,75,46522.0,46475.0,11343.0,6662.0,11479.848027,1128906.2705370001,28348.532877,1134998.088316
LGXRFD,0.17,情况2：修正前异常，修正后正常，修正后保留,修正后保留,7,0.09333333333333334,4688.0,0.10076952839516788,4678.0,3361.0,398.0,-2963.0,2963.0,5233.407685,102.124188,-5131.283497,5131.283497,0.980486101189344,7572.334247000001,807.6238860000001,-6764.710361,6764.7103609999995,0.8933454520552939,75,46522.0,46475.0,11343.0,6662.0,11479.848027,1128906.2705370001,28348.532877,1134998.088316
LGXRFD,0.17,情况3：修正前正常，修正后正常，修正后改善，修正后保留,修正后保留,5,0.06666666666666667,34954.0,0.7513434504105585,34939.0,4369.0,1718.0,-2651.0,2657.0,2518.781447,572.509407,-1946.2720399999998,1947.529974,0.7732032393360726,14450.379625,3420.484457,-11029.895168,11029.895168,0.7632944915106339,75,46522.0,46475.0,11343.0,6662.0,11479.848027,1128906.2705370001,28348.532877,1134998.088316
LGXRFD,0.17,情况4：修正前正常，修正后正常，修正后不变，保留（不修正）,保留（不修正）,4,0.05333333333333334,23.0,0.0004943897510855079,22.0,0.0,0.0,0.0,0.0,0.0,0.0,0.0,0.0,,0.0,0.0,0.0,0.0,,75,46522.0,46475.0,11343.0,6662.0,11479.848027,1128906.2705370001,28348.532877,1134998.088316
LGXRFD,0.17,情况5：修正前正常，修正后正常，修正后恶化，保留（不修正）,保留（不修正）,1,0.013333333333333334,411.0,0.008834529899832338,411.0,35.0,36.0,1.0,0.0,3.563505,35.204219,31.640714000000003,0.0,0.0,102.291973,136.770331,34.478358,0.0,0.0,75,46522.0,46475.0,11343.0,6662.0,11479.848027,1128906.2705370001,28348.532877,1134998.088316
LGXRFD,0.17,情况6：修正前异常，修正后异常，修正后改善，标记为异常分段,标记为异常分段,7,0.09333333333333334,3455.0,0.07426593869567087,3451.0,2697.0,1845.0,-852.0,0.0,3305.5066850000003,1106.234412,-2199.2722730000005,0.0,0.0,4967.56799,2267.7814,-2699.7865899999997,0.0,0.0,75,46522.0,46475.0,11343.0,6662.0,11479.848027,1128906.2705370001,28348.532877,1134998.088316
LGXRFD,0.17,情况7：修正前异常，修正后异常，修正后不变，标记为异常分段,标记为异常分段,0,0.0,0.0,0.0,0.0,0.0,0.0,0.0,0.0,0.0,0.0,0.0,0.0,,0.0,0.0,0.0,0.0,,75,46522.0,46475.0,11343.0,6662.0,11479.848027,1128906.2705370001,28348.532877,1134998.088316
LGXRFD,0.17,情况8：修正前异常，修正后异常，修正后恶化，标记为异常分段,标记为异常分段,40,0.5333333333333333,2317.0,0.04980439362022269,2300.0,822.0,2255.0,1433.0,0.0,409.467752,1126940.150858,1126530.6831059998,0.0,0.0,1100.4060519999998,1127972.8629029999,1126872.456851,0.0,0.0,75,46522.0,46475.0,11343.0,6662.0,11479.848027,1128906.2705370001,28348.532877,1134998.088316
LGXRFD,0.18,情况1：修正前正常，修正后异常，保留（不修正）,保留（不修正）,11,0.14666666666666667,674.0,0.014487769227462276,674.0,59.0,410.0,351.0,0.0,9.120953,150.04745300000002,140.92650000000003,0.0,0.0,155.55299,392.565339,237.012349,0.0,0.0,75,46522.0,46475.0,11343.0,6662.0,11479.848027,1128906.2705370001,28348.532877,1134998.088316
LGXRFD,0.18,情况2：修正前异常，修正后正常，修正后保留,修正后保留,7,0.09333333333333334,4688.0,0.10076952839516788,4678.0,3361.0,398.0,-2963.0,2963.0,5233.407685,102.124188,-5131.283497,5131.283497,0.980486101189344,7572.334247000001,807.6238860000001,-6764.710361,6764.7103609999995,0.8933454520552939,75,46522.0,46475.0,11343.0,6662.0,11479.848027,1128906.2705370001,28348.532877,1134998.088316
LGXRFD,0.18,情况3：修正前正常，修正后正常，修正后改善，修正后保留,修正后保留,5,0.06666666666666667,34954.0,0.7513434504105585,34939.0,4369.0,1718.0,-2651.0,2657.0,2518.781447,572.509407,-1946.2720399999998,1947.529974,0.7732032393360726,14450.379625,3420.484457,-11029.895168,11029.895168,0.7632944915106339,75,46522.0,46475.0,11343.0,6662.0,11479.848027,1128906.2705370001,28348.532877,1134998.088316
LGXRFD,0.18,情况4：修正前正常，修正后正常，修正后不变，保留（不修正）,保留（不修正）,4,0.05333333333333334,23.0,0.0004943897510855079,22.0,0.0,0.0,0.0,0.0,0.0,0.0,0.0,0.0,,0.0,0.0,0.0,0.0,,75,46522.0,46475.0,11343.0,6662.0,11479.848027,1128906.2705370001,28348.532877,1134998.088316
LGXRFD,0.18,情况5：修正前正常，修正后正常，修正后恶化，保留（不修正）,保留（不修正）,1,0.013333333333333334,411.0,0.008834529899832338,411.0,35.0,36.0,1.0,0.0,3.563505,35.204219,31.640714000000003,0.0,0.0,102.291973,136.770331,34.478358,0.0,0.0,75,46522.0,46475.0,11343.0,6662.0,11479.848027,1128906.2705370001,28348.532877,1134998.088316
LGXRFD,0.18,情况6：修正前异常，修正后异常，修正后改善，标记为异常分段,标记为异常分段,7,0.09333333333333334,3455.0,0.07426593869567087,3451.0,2697.0,1845.0,-852.0,0.0,3305.5066850000003,1106.234412,-2199.2722730000005,0.0,0.0,4967.56799,2267.7814,-2699.7865899999997,0.0,0.0,75,46522.0,46475.0,11343.0,6662.0,11479.848027,1128906.2705370001,28348.532877,1134998.088316
LGXRFD,0.18,情况7：修正前异常，修正后异常，修正后不变，标记为异常分段,标记为异常分段,0,0.0,0.0,0.0,0.0,0.0,0.0,0.0,0.0,0.0,0.0,0.0,0.0,,0.0,0.0,0.0,0.0,,75,46522.0,46475.0,11343.0,6662.0,11479.848027,1128906.2705370001,28348.532877,1134998.088316
LGXRFD,0.18,情况8：修正前异常，修正后异常，修正后恶化，标记为异常分段,标记为异常分段,40,0.5333333333333333,2317.0,0.04980439362022269,2300.0,822.0,2255.0,1433.0,0.0,409.467752,1126940.150858,1126530.6831059998,0.0,0.0,1100.4060519999998,1127972.8629029999,1126872.456851,0.0,0.0,75,46522.0,46475.0,11343.0,6662.0,11479.848027,1128906.2705370001,28348.532877,1134998.088316
LGXRFD,0.19,情况1：修正前正常，修正后异常，保留（不修正）,保留（不修正）,11,0.14666666666666667,674.0,0.014487769227462276,674.0,59.0,410.0,351.0,0.0,9.120953,150.04745300000002,140.92650000000003,0.0,0.0,155.55299,392.565339,237.012349,0.0,0.0,75,46522.0,46475.0,11343.0,6662.0,11479.848027,1128906.2705370001,28348.532877,1134998.088316
LGXRFD,0.19,情况2：修正前异常，修正后正常，修正后保留,修正后保留,7,0.09333333333333334,4688.0,0.10076952839516788,4678.0,3361.0,398.0,-2963.0,2963.0,5233.407685,102.124188,-5131.283497,5131.283497,0.980486101189344,7572.334247000001,807.6238860000001,-6764.710361,6764.7103609999995,0.8933454520552939,75,46522.0,46475.0,11343.0,6662.0,11479.848027,1128906.2705370001,28348.532877,1134998.088316
LGXRFD,0.19,情况3：修正前正常，修正后正常，修正后改善，修正后保留,修正后保留,5,0.06666666666666667,34954.0,0.7513434504105585,34939.0,4369.0,1718.0,-2651.0,2657.0,2518.781447,572.509407,-1946.2720399999998,1947.529974,0.7732032393360726,14450.379625,3420.484457,-11029.895168,11029.895168,0.7632944915106339,75,46522.0,46475.0,11343.0,6662.0,11479.848027,1128906.2705370001,28348.532877,1134998.088316
LGXRFD,0.19,情况4：修正前正常，修正后正常，修正后不变，保留（不修正）,保留（不修正）,4,0.05333333333333334,23.0,0.0004943897510855079,22.0,0.0,0.0,0.0,0.0,0.0,0.0,0.0,0.0,,0.0,0.0,0.0,0.0,,75,46522.0,46475.0,11343.0,6662.0,11479.848027,1128906.2705370001,28348.532877,1134998.088316
LGXRFD,0.19,情况5：修正前正常，修正后正常，修正后恶化，保留（不修正）,保留（不修正）,1,0.013333333333333334,411.0,0.008834529899832338,411.0,35.0,36.0,1.0,0.0,3.563505,35.204219,31.640714000000003,0.0,0.0,102.291973,136.770331,34.478358,0.0,0.0,75,46522.0,46475.0,11343.0,6662.0,11479.848027,1128906.2705370001,28348.532877,1134998.088316
LGXRFD,0.19,情况6：修正前异常，修正后异常，修正后改善，标记为异常分段,标记为异常分段,7,0.09333333333333334,3455.0,0.07426593869567087,3451.0,2697.0,1845.0,-852.0,0.0,3305.5066850000003,1106.234412,-2199.2722730000005,0.0,0.0,4967.56799,2267.7814,-2699.7865899999997,0.0,0.0,75,46522.0,46475.0,11343.0,6662.0,11479.848027,1128906.2705370001,28348.532877,1134998.088316
LGXRFD,0.19,情况7：修正前异常，修正后异常，修正后不变，标记为异常分段,标记为异常分段,0,0.0,0.0,0.0,0.0,0.0,0.0,0.0,0.0,0.0,0.0,0.0,0.0,,0.0,0.0,0.0,0.0,,75,46522.0,46475.0,11343.0,6662.0,11479.848027,1128906.2705370001,28348.532877,1134998.088316
LGXRFD,0.19,情况8：修正前异常，修正后异常，修正后恶化，标记为异常分段,标记为异常分段,40,0.5333333333333333,2317.0,0.04980439362022269,2300.0,822.0,2255.0,1433.0,0.0,409.467752,1126940.150858,1126530.6831059998,0.0,0.0,1100.4060519999998,1127972.8629029999,1126872.456851,0.0,0.0,75,46522.0,46475.0,11343.0,6662.0,11479.848027,1128906.2705370001,28348.532877,1134998.088316
LGXRFD,0.2,情况1：修正前正常，修正后异常，保留（不修正）,保留（不修正）,11,0.14666666666666667,674.0,0.014487769227462276,674.0,59.0,410.0,351.0,0.0,9.120953,150.04745300000002,140.92650000000003,0.0,0.0,155.55299,392.565339,237.012349,0.0,0.0,75,46522.0,46475.0,11343.0,6662.0,11479.848027,1128906.2705370001,28348.532877,1134998.088316
LGXRFD,0.2,情况2：修正前异常，修正后正常，修正后保留,修正后保留,7,0.09333333333333334,4688.0,0.10076952839516788,4678.0,3361.0,398.0,-2963.0,2963.0,5233.407685,102.124188,-5131.283497,5131.283497,0.980486101189344,7572.334247000001,807.6238860000001,-6764.710361,6764.7103609999995,0.8933454520552939,75,46522.0,46475.0,11343.0,6662.0,11479.848027,1128906.2705370001,28348.532877,1134998.088316
LGXRFD,0.2,情况3：修正前正常，修正后正常，修正后改善，修正后保留,修正后保留,5,0.06666666666666667,34954.0,0.7513434504105585,34939.0,4369.0,1718.0,-2651.0,2657.0,2518.781447,572.509407,-1946.2720399999998,1947.529974,0.7732032393360726,14450.379625,3420.484457,-11029.895168,11029.895168,0.7632944915106339,75,46522.0,46475.0,11343.0,6662.0,11479.848027,1128906.2705370001,28348.532877,1134998.088316
LGXRFD,0.2,情况4：修正前正常，修正后正常，修正后不变，保留（不修正）,保留（不修正）,4,0.05333333333333334,23.0,0.0004943897510855079,22.0,0.0,0.0,0.0,0.0,0.0,0.0,0.0,0.0,,0.0,0.0,0.0,0.0,,75,46522.0,46475.0,11343.0,6662.0,11479.848027,1128906.2705370001,28348.532877,1134998.088316
LGXRFD,0.2,情况5：修正前正常，修正后正常，修正后恶化，保留（不修正）,保留（不修正）,1,0.013333333333333334,411.0,0.008834529899832338,411.0,35.0,36.0,1.0,0.0,3.563505,35.204219,31.640714000000003,0.0,0.0,102.291973,136.770331,34.478358,0.0,0.0,75,46522.0,46475.0,11343.0,6662.0,11479.848027,1128906.2705370001,28348.532877,1134998.088316
LGXRFD,0.2,情况6：修正前异常，修正后异常，修正后改善，标记为异常分段,标记为异常分段,7,0.09333333333333334,3455.0,0.07426593869567087,3451.0,2697.0,1845.0,-852.0,0.0,3305.5066850000003,1106.234412,-2199.2722730000005,0.0,0.0,4967.56799,2267.7814,-2699.7865899999997,0.0,0.0,75,46522.0,46475.0,11343.0,6662.0,11479.848027,1128906.2705370001,28348.532877,1134998.088316
LGXRFD,0.2,情况7：修正前异常，修正后异常，修正后不变，标记为异常分段,标记为异常分段,0,0.0,0.0,0.0,0.0,0.0,0.0,0.0,0.0,0.0,0.0,0.0,0.0,,0.0,0.0,0.0,0.0,,75,46522.0,46475.0,11343.0,6662.0,11479.848027,1128906.2705370001,28348.532877,1134998.088316
LGXRFD,0.2,情况8：修正前异常，修正后异常，修正后恶化，标记为异常分段,标记为异常分段,40,0.5333333333333333,2317.0,0.04980439362022269,2300.0,822.0,2255.0,1433.0,0.0,409.467752,1126940.150858,1126530.6831059998,0.0,0.0,1100.4060519999998,1127972.8629029999,1126872.456851,0.0,0.0,75,46522.0,46475.0,11343.0,6662.0,11479.848027,1128906.2705370001,28348.532877,1134998.088316
LGXRFD,0.21,情况1：修正前正常，修正后异常，保留（不修正）,保留（不修正）,11,0.14666666666666667,674.0,0.014487769227462276,674.0,59.0,410.0,351.0,0.0,9.120953,150.04745300000002,140.92650000000003,0.0,0.0,155.55299,392.565339,237.012349,0.0,0.0,75,46522.0,46475.0,11343.0,6662.0,11479.848027,1128906.2705370001,28348.532877,1134998.088316
LGXRFD,0.21,情况2：修正前异常，修正后正常，修正后保留,修正后保留,7,0.09333333333333334,4688.0,0.10076952839516788,4678.0,3361.0,398.0,-2963.0,2963.0,5233.407685,102.124188,-5131.283497,5131.283497,0.980486101189344,7572.334247000001,807.6238860000001,-6764.710361,6764.7103609999995,0.8933454520552939,75,46522.0,46475.0,11343.0,6662.0,11479.848027,1128906.2705370001,28348.532877,1134998.088316
LGXRFD,0.21,情况3：修正前正常，修正后正常，修正后改善，修正后保留,修正后保留,5,0.06666666666666667,34954.0,0.7513434504105585,34939.0,4369.0,1718.0,-2651.0,2657.0,2518.781447,572.509407,-1946.2720399999998,1947.529974,0.7732032393360726,14450.379625,3420.484457,-11029.895168,11029.895168,0.7632944915106339,75,46522.0,46475.0,11343.0,6662.0,11479.848027,1128906.2705370001,28348.532877,1134998.088316
LGXRFD,0.21,情况4：修正前正常，修正后正常，修正后不变，保留（不修正）,保留（不修正）,4,0.05333333333333334,23.0,0.0004943897510855079,22.0,0.0,0.0,0.0,0.0,0.0,0.0,0.0,0.0,,0.0,0.0,0.0,0.0,,75,46522.0,46475.0,11343.0,6662.0,11479.848027,1128906.2705370001,28348.532877,1134998.088316
LGXRFD,0.21,情况5：修正前正常，修正后正常，修正后恶化，保留（不修正）,保留（不修正）,1,0.013333333333333334,411.0,0.008834529899832338,411.0,35.0,36.0,1.0,0.0,3.563505,35.204219,31.640714000000003,0.0,0.0,102.291973,136.770331,34.478358,0.0,0.0,75,46522.0,46475.0,11343.0,6662.0,11479.848027,1128906.2705370001,28348.532877,1134998.088316
LGXRFD,0.21,情况6：修正前异常，修正后异常，修正后改善，标记为异常分段,标记为异常分段,7,0.09333333333333334,3455.0,0.07426593869567087,3451.0,2697.0,1845.0,-852.0,0.0,3305.5066850000003,1106.234412,-2199.2722730000005,0.0,0.0,4967.56799,2267.7814,-2699.7865899999997,0.0,0.0,75,46522.0,46475.0,11343.0,6662.0,11479.848027,1128906.2705370001,28348.532877,1134998.088316
LGXRFD,0.21,情况7：修正前异常，修正后异常，修正后不变，标记为异常分段,标记为异常分段,0,0.0,0.0,0.0,0.0,0.0,0.0,0.0,0.0,0.0,0.0,0.0,0.0,,0.0,0.0,0.0,0.0,,75,46522.0,46475.0,11343.0,6662.0,11479.848027,1128906.2705370001,28348.532877,1134998.088316
LGXRFD,0.21,情况8：修正前异常，修正后异常，修正后恶化，标记为异常分段,标记为异常分段,40,0.5333333333333333,2317.0,0.04980439362022269,2300.0,822.0,2255.0,1433.0,0.0,409.467752,1126940.150858,1126530.6831059998,0.0,0.0,1100.4060519999998,1127972.8629029999,1126872.456851,0.0,0.0,75,46522.0,46475.0,11343.0,6662.0,11479.848027,1128906.2705370001,28348.532877,1134998.088316
LGXRFD,0.22,情况1：修正前正常，修正后异常，保留（不修正）,保留（不修正）,11,0.14666666666666667,674.0,0.014487769227462276,674.0,59.0,410.0,351.0,0.0,9.120953,150.04745300000002,140.92650000000003,0.0,0.0,155.55299,392.565339,237.012349,0.0,0.0,75,46522.0,46475.0,11343.0,6662.0,11479.848027,1128906.2705370001,28348.532877,1134998.088316
LGXRFD,0.22,情况2：修正前异常，修正后正常，修正后保留,修正后保留,7,0.09333333333333334,4688.0,0.10076952839516788,4678.0,3361.0,398.0,-2963.0,2963.0,5233.407685,102.124188,-5131.283497,5131.283497,0.980486101189344,7572.334247000001,807.6238860000001,-6764.710361,6764.7103609999995,0.8933454520552939,75,46522.0,46475.0,11343.0,6662.0,11479.848027,1128906.2705370001,28348.532877,1134998.088316
LGXRFD,0.22,情况3：修正前正常，修正后正常，修正后改善，修正后保留,修正后保留,5,0.06666666666666667,34954.0,0.7513434504105585,34939.0,4369.0,1718.0,-2651.0,2657.0,2518.781447,572.509407,-1946.2720399999998,1947.529974,0.7732032393360726,14450.379625,3420.484457,-11029.895168,11029.895168,0.7632944915106339,75,46522.0,46475.0,11343.0,6662.0,11479.848027,1128906.2705370001,28348.532877,1134998.088316
LGXRFD,0.22,情况4：修正前正常，修正后正常，修正后不变，保留（不修正）,保留（不修正）,4,0.05333333333333334,23.0,0.0004943897510855079,22.0,0.0,0.0,0.0,0.0,0.0,0.0,0.0,0.0,,0.0,0.0,0.0,0.0,,75,46522.0,46475.0,11343.0,6662.0,11479.848027,1128906.2705370001,28348.532877,1134998.088316
LGXRFD,0.22,情况5：修正前正常，修正后正常，修正后恶化，保留（不修正）,保留（不修正）,1,0.013333333333333334,411.0,0.008834529899832338,411.0,35.0,36.0,1.0,0.0,3.563505,35.204219,31.640714000000003,0.0,0.0,102.291973,136.770331,34.478358,0.0,0.0,75,46522.0,46475.0,11343.0,6662.0,11479.848027,1128906.2705370001,28348.532877,1134998.088316
LGXRFD,0.22,情况6：修正前异常，修正后异常，修正后改善，标记为异常分段,标记为异常分段,7,0.09333333333333334,3455.0,0.07426593869567087,3451.0,2697.0,1845.0,-852.0,0.0,3305.5066850000003,1106.234412,-2199.2722730000005,0.0,0.0,4967.56799,2267.7814,-2699.7865899999997,0.0,0.0,75,46522.0,46475.0,11343.0,6662.0,11479.848027,1128906.2705370001,28348.532877,1134998.088316
LGXRFD,0.22,情况7：修正前异常，修正后异常，修正后不变，标记为异常分段,标记为异常分段,0,0.0,0.0,0.0,0.0,0.0,0.0,0.0,0.0,0.0,0.0,0.0,0.0,,0.0,0.0,0.0,0.0,,75,46522.0,46475.0,11343.0,6662.0,11479.848027,1128906.2705370001,28348.532877,1134998.088316
LGXRFD,0.22,情况8：修正前异常，修正后异常，修正后恶化，标记为异常分段,标记为异常分段,40,0.5333333333333333,2317.0,0.04980439362022269,2300.0,822.0,2255.0,1433.0,0.0,409.467752,1126940.150858,1126530.6831059998,0.0,0.0,1100.4060519999998,1127972.8629029999,1126872.456851,0.0,0.0,75,46522.0,46475.0,11343.0,6662.0,11479.848027,1128906.2705370001,28348.532877,1134998.088316
LGXRFD,0.23,情况1：修正前正常，修正后异常，保留（不修正）,保留（不修正）,11,0.14666666666666667,674.0,0.014487769227462276,674.0,59.0,410.0,351.0,0.0,9.120953,150.04745300000002,140.92650000000003,0.0,0.0,155.55299,392.565339,237.012349,0.0,0.0,75,46522.0,46475.0,11343.0,6662.0,11479.848027,1128906.2705370001,28348.532877,1134998.088316
LGXRFD,0.23,情况2：修正前异常，修正后正常，修正后保留,修正后保留,6,0.08,3359.0,0.0722023988650531,3350.0,3063.0,372.0,-2691.0,2691.0,4890.659503000001,81.71668,-4808.942823000001,4808.942822999999,0.9832912759618871,6642.234106,745.4580080000001,-5896.776098,5896.776098,0.8877699888164707,75,46522.0,46475.0,11343.0,6662.0,11479.848027,1128906.2705370001,28348.532877,1134998.088316
LGXRFD,0.23,情况3：修正前正常，修正后正常，修正后改善，修正后保留,修正后保留,6,0.08,36283.0,0.7799105799406733,36267.0,4667.0,1744.0,-2923.0,2929.0,2861.529629,592.916915,-2268.612714,2269.870648,0.7932368146728702,15380.479765999999,3482.650335,-11897.829430999998,11897.829430999998,0.7735668595527997,75,46522.0,46475.0,11343.0,6662.0,11479.848027,1128906.2705370001,28348.532877,1134998.088316
LGXRFD,0.23,情况4：修正前正常，修正后正常，修正后不变，保留（不修正）,保留（不修正）,4,0.05333333333333334,23.0,0.0004943897510855079,22.0,0.0,0.0,0.0,0.0,0.0,0.0,0.0,0.0,,0.0,0.0,0.0,0.0,,75,46522.0,46475.0,11343.0,6662.0,11479.848027,1128906.2705370001,28348.532877,1134998.088316
LGXRFD,0.23,情况5：修正前正常，修正后正常，修正后恶化，保留（不修正）,保留（不修正）,1,0.013333333333333334,411.0,0.008834529899832338,411.0,35.0,36.0,1.0,0.0,3.563505,35.204219,31.640714000000003,0.0,0.0,102.291973,136.770331,34.478358,0.0,0.0,75,46522.0,46475.0,11343.0,6662.0,11479.848027,1128906.2705370001,28348.532877,1134998.088316
LGXRFD,0.23,情况6：修正前异常，修正后异常，修正后改善，标记为异常分段,标记为异常分段,7,0.09333333333333334,3455.0,0.07426593869567087,3451.0,2697.0,1845.0,-852.0,0.0,3305.5066850000003,1106.234412,-2199.2722730000005,0.0,0.0,4967.56799,2267.7814,-2699.7865899999997,0.0,0.0,75,46522.0,46475.0,11343.0,6662.0,11479.848027,1128906.2705370001,28348.532877,1134998.088316
LGXRFD,0.23,情况7：修正前异常，修正后异常，修正后不变，标记为异常分段,标记为异常分段,0,0.0,0.0,0.0,0.0,0.0,0.0,0.0,0.0,0.0,0.0,0.0,0.0,,0.0,0.0,0.0,0.0,,75,46522.0,46475.0,11343.0,6662.0,11479.848027,1128906.2705370001,28348.532877,1134998.088316
LGXRFD,0.23,情况8：修正前异常，修正后异常，修正后恶化，标记为异常分段,标记为异常分段,40,0.5333333333333333,2317.0,0.04980439362022269,2300.0,822.0,2255.0,1433.0,0.0,409.467752,1126940.150858,1126530.6831059998,0.0,0.0,1100.4060519999998,1127972.8629029999,1126872.456851,0.0,0.0,75,46522.0,46475.0,11343.0,6662.0,11479.848027,1128906.2705370001,28348.532877,1134998.088316
LGXRFD,0.24,情况1：修正前正常，修正后异常，保留（不修正）,保留（不修正）,11,0.14666666666666667,674.0,0.014487769227462276,674.0,59.0,410.0,351.0,0.0,9.120953,150.04745300000002,140.92650000000003,0.0,0.0,155.55299,392.565339,237.012349,0.0,0.0,75,46522.0,46475.0,11343.0,6662.0,11479.848027,1128906.2705370001,28348.532877,1134998.088316
LGXRFD,0.24,情况2：修正前异常，修正后正常，修正后保留,修正后保留,6,0.08,3359.0,0.0722023988650531,3350.0,3063.0,372.0,-2691.0,2691.0,4890.659503000001,81.71668,-4808.942823000001,4808.942822999999,0.9832912759618871,6642.234106,745.4580080000001,-5896.776098,5896.776098,0.8877699888164707,75,46522.0,46475.0,11343.0,6662.0,11479.848027,1128906.2705370001,28348.532877,1134998.088316
LGXRFD,0.24,情况3：修正前正常，修正后正常，修正后改善，修正后保留,修正后保留,6,0.08,36283.0,0.7799105799406733,36267.0,4667.0,1744.0,-2923.0,2929.0,2861.529629,592.916915,-2268.612714,2269.870648,0.7932368146728702,15380.479765999999,3482.650335,-11897.829430999998,11897.829430999998,0.7735668595527997,75,46522.0,46475.0,11343.0,6662.0,11479.848027,1128906.2705370001,28348.532877,1134998.088316
LGXRFD,0.24,情况4：修正前正常，修正后正常，修正后不变，保留（不修正）,保留（不修正）,4,0.05333333333333334,23.0,0.0004943897510855079,22.0,0.0,0.0,0.0,0.0,0.0,0.0,0.0,0.0,,0.0,0.0,0.0,0.0,,75,46522.0,46475.0,11343.0,6662.0,11479.848027,1128906.2705370001,28348.532877,1134998.088316
LGXRFD,0.24,情况5：修正前正常，修正后正常，修正后恶化，保留（不修正）,保留（不修正）,1,0.013333333333333334,411.0,0.008834529899832338,411.0,35.0,36.0,1.0,0.0,3.563505,35.204219,31.640714000000003,0.0,0.0,102.291973,136.770331,34.478358,0.0,0.0,75,46522.0,46475.0,11343.0,6662.0,11479.848027,1128906.2705370001,28348.532877,1134998.088316
LGXRFD,0.24,情况6：修正前异常，修正后异常，修正后改善，标记为异常分段,标记为异常分段,7,0.09333333333333334,3455.0,0.07426593869567087,3451.0,2697.0,1845.0,-852.0,0.0,3305.5066850000003,1106.234412,-2199.2722730000005,0.0,0.0,4967.56799,2267.7814,-2699.7865899999997,0.0,0.0,75,46522.0,46475.0,11343.0,6662.0,11479.848027,1128906.2705370001,28348.532877,1134998.088316
LGXRFD,0.24,情况7：修正前异常，修正后异常，修正后不变，标记为异常分段,标记为异常分段,0,0.0,0.0,0.0,0.0,0.0,0.0,0.0,0.0,0.0,0.0,0.0,0.0,,0.0,0.0,0.0,0.0,,75,46522.0,46475.0,11343.0,6662.0,11479.848027,1128906.2705370001,28348.532877,1134998.088316
LGXRFD,0.24,情况8：修正前异常，修正后异常，修正后恶化，标记为异常分段,标记为异常分段,40,0.5333333333333333,2317.0,0.04980439362022269,2300.0,822.0,2255.0,1433.0,0.0,409.467752,1126940.150858,1126530.6831059998,0.0,0.0,1100.4060519999998,1127972.8629029999,1126872.456851,0.0,0.0,75,46522.0,46475.0,11343.0,6662.0,11479.848027,1128906.2705370001,28348.532877,1134998.088316
LGXRFD,0.25,情况1：修正前正常，修正后异常，保留（不修正）,保留（不修正）,12,0.16,2480.0,0.053308112290959116,2480.0,495.0,2173.0,1678.0,0.0,146.880383,1263.5585609999998,1116.678178,0.0,0.0,808.270232,2442.608764,1634.3385320000002,0.0,0.0,75,46522.0,46475.0,11343.0,6662.0,11479.848027,1128906.2705370001,28348.532877,1134998.088316
LGXRFD,0.25,情况2：修正前异常，修正后正常，修正后保留,修正后保留,6,0.08,3359.0,0.0722023988650531,3350.0,3063.0,372.0,-2691.0,2691.0,4890.659503000001,81.71668,-4808.942823000001,4808.942822999999,0.9832912759618871,6642.234106,745.4580080000001,-5896.776098,5896.776098,0.8877699888164707,75,46522.0,46475.0,11343.0,6662.0,11479.848027,1128906.2705370001,28348.532877,1134998.088316
LGXRFD,0.25,情况3：修正前正常，修正后正常，修正后改善，修正后保留,修正后保留,6,0.08,36283.0,0.7799105799406733,36267.0,4667.0,1744.0,-2923.0,2929.0,2861.529629,592.916915,-2268.612714,2269.870648,0.7932368146728702,15380.479765999999,3482.650335,-11897.829430999998,11897.829430999998,0.7735668595527997,75,46522.0,46475.0,11343.0,6662.0,11479.848027,1128906.2705370001,28348.532877,1134998.088316
LGXRFD,0.25,情况4：修正前正常，修正后正常，修正后不变，保留（不修正）,保留（不修正）,4,0.05333333333333334,23.0,0.0004943897510855079,22.0,0.0,0.0,0.0,0.0,0.0,0.0,0.0,0.0,,0.0,0.0,0.0,0.0,,75,46522.0,46475.0,11343.0,6662.0,11479.848027,1128906.2705370001,28348.532877,1134998.088316
LGXRFD,0.25,情况5：修正前正常，修正后正常，修正后恶化，保留（不修正）,保留（不修正）,1,0.013333333333333334,411.0,0.008834529899832338,411.0,35.0,36.0,1.0,0.0,3.563505,35.204219,31.640714000000003,0.0,0.0,102.291973,136.770331,34.478358,0.0,0.0,75,46522.0,46475.0,11343.0,6662.0,11479.848027,1128906.2705370001,28348.532877,1134998.088316
LGXRFD,0.25,情况6：修正前异常，修正后异常，修正后改善，标记为异常分段,标记为异常分段,7,0.09333333333333334,3455.0,0.07426593869567087,3451.0,2697.0,1845.0,-852.0,0.0,3305.5066850000003,1106.234412,-2199.2722730000005,0.0,0.0,4967.56799,2267.7814,-2699.7865899999997,0.0,0.0,75,46522.0,46475.0,11343.0,6662.0,11479.848027,1128906.2705370001,28348.532877,1134998.088316
LGXRFD,0.25,情况7：修正前异常，修正后异常，修正后不变，标记为异常分段,标记为异常分段,0,0.0,0.0,0.0,0.0,0.0,0.0,0.0,0.0,0.0,0.0,0.0,0.0,,0.0,0.0,0.0,0.0,,75,46522.0,46475.0,11343.0,6662.0,11479.848027,1128906.2705370001,28348.532877,1134998.088316
LGXRFD,0.25,情况8：修正前异常，修正后异常，修正后恶化，标记为异常分段,标记为异常分段,39,0.52,511.0,0.01098405055672585,494.0,386.0,492.0,106.0,0.0,271.708322,1125826.63975,1125554.931428,0.0,0.0,447.6888100000001,1125922.819478,1125475.130668,0.0,0.0,75,46522.0,46475.0,11343.0,6662.0,11479.848027,1128906.2705370001,28348.532877,1134998.088316
LGXRFD,0.26,情况1：修正前正常，修正后异常，保留（不修正）,保留（不修正）,13,0.17333333333333334,2484.0,0.05339409311723486,2484.0,496.0,2177.0,1681.0,0.0,149.561866,1291.1237509999999,1141.5618849999998,0.0,0.0,812.270888,2472.071275,1659.8003869999998,0.0,0.0,75,46522.0,46475.0,11343.0,6662.0,11479.848027,1128906.2705370001,28348.532877,1134998.088316
LGXRFD,0.26,情况2：修正前异常，修正后正常，修正后保留,修正后保留,6,0.08,3359.0,0.0722023988650531,3350.0,3063.0,372.0,-2691.0,2691.0,4890.659503000001,81.71668,-4808.942823000001,4808.942822999999,0.9832912759618871,6642.234106,745.4580080000001,-5896.776098,5896.776098,0.8877699888164707,75,46522.0,46475.0,11343.0,6662.0,11479.848027,1128906.2705370001,28348.532877,1134998.088316
LGXRFD,0.26,情况3：修正前正常，修正后正常，修正后改善，修正后保留,修正后保留,6,0.08,36283.0,0.7799105799406733,36267.0,4667.0,1744.0,-2923.0,2929.0,2861.529629,592.916915,-2268.612714,2269.870648,0.7932368146728702,15380.479765999999,3482.650335,-11897.829430999998,11897.829430999998,0.7735668595527997,75,46522.0,46475.0,11343.0,6662.0,11479.848027,1128906.2705370001,28348.532877,1134998.088316
LGXRFD,0.26,情况4：修正前正常，修正后正常，修正后不变，保留（不修正）,保留（不修正）,4,0.05333333333333334,23.0,0.0004943897510855079,22.0,0.0,0.0,0.0,0.0,0.0,0.0,0.0,0.0,,0.0,0.0,0.0,0.0,,75,46522.0,46475.0,11343.0,6662.0,11479.848027,1128906.2705370001,28348.532877,1134998.088316
LGXRFD,0.26,情况5：修正前正常，修正后正常，修正后恶化，保留（不修正）,保留（不修正）,2,0.02666666666666667,415.0,0.008920510726108078,412.0,36.0,37.0,1.0,0.0,3.563505,48.042506,44.479001000000004,0.0,0.0,102.354531,150.126184,47.771653,0.0,0.0,75,46522.0,46475.0,11343.0,6662.0,11479.848027,1128906.2705370001,28348.532877,1134998.088316
LGXRFD,0.26,情况6：修正前异常，修正后异常，修正后改善，标记为异常分段,标记为异常分段,7,0.09333333333333334,3455.0,0.07426593869567087,3451.0,2697.0,1845.0,-852.0,0.0,3305.5066850000003,1106.234412,-2199.2722730000005,0.0,0.0,4967.56799,2267.7814,-2699.7865899999997,0.0,0.0,75,46522.0,46475.0,11343.0,6662.0,11479.848027,1128906.2705370001,28348.532877,1134998.088316
LGXRFD,0.26,情况7：修正前异常，修正后异常，修正后不变，标记为异常分段,标记为异常分段,0,0.0,0.0,0.0,0.0,0.0,0.0,0.0,0.0,0.0,0.0,0.0,0.0,,0.0,0.0,0.0,0.0,,75,46522.0,46475.0,11343.0,6662.0,11479.848027,1128906.2705370001,28348.532877,1134998.088316
LGXRFD,0.26,情况8：修正前异常，修正后异常，修正后恶化，标记为异常分段,标记为异常分段,37,0.49333333333333335,503.0,0.010812088904174368,489.0,384.0,487.0,103.0,0.0,269.026839,1125786.236273,1125517.209434,0.0,0.0,443.625596,1125880.001114,1125436.375518,0.0,0.0,75,46522.0,46475.0,11343.0,6662.0,11479.848027,1128906.2705370001,28348.532877,1134998.088316
LGXRFD,0.27,情况1：修正前正常，修正后异常，保留（不修正）,保留（不修正）,13,0.17333333333333334,2484.0,0.05339409311723486,2484.0,496.0,2177.0,1681.0,0.0,149.561866,1291.1237509999999,1141.5618849999998,0.0,0.0,812.270888,2472.071275,1659.8003869999998,0.0,0.0,75,46522.0,46475.0,11343.0,6662.0,11479.848027,1128906.2705370001,28348.532877,1134998.088316
LGXRFD,0.27,情况2：修正前异常，修正后正常，修正后保留,修正后保留,7,0.09333333333333334,3382.0,0.0726967886161386,3370.0,3083.0,378.0,-2705.0,2705.0,4947.626964,89.916793,-4857.710171,4857.710171000001,0.9818262788091638,6712.364189,762.825431,-5949.538758,5949.538758,0.8863551783662017,75,46522.0,46475.0,11343.0,6662.0,11479.848027,1128906.2705370001,28348.532877,1134998.088316
LGXRFD,0.27,情况3：修正前正常，修正后正常，修正后改善，修正后保留,修正后保留,6,0.08,36283.0,0.7799105799406733,36267.0,4667.0,1744.0,-2923.0,2929.0,2861.529629,592.916915,-2268.612714,2269.870648,0.7932368146728702,15380.479765999999,3482.650335,-11897.829430999998,11897.829430999998,0.7735668595527997,75,46522.0,46475.0,11343.0,6662.0,11479.848027,1128906.2705370001,28348.532877,1134998.088316
LGXRFD,0.27,情况4：修正前正常，修正后正常，修正后不变，保留（不修正）,保留（不修正）,4,0.05333333333333334,23.0,0.0004943897510855079,22.0,0.0,0.0,0.0,0.0,0.0,0.0,0.0,0.0,,0.0,0.0,0.0,0.0,,75,46522.0,46475.0,11343.0,6662.0,11479.848027,1128906.2705370001,28348.532877,1134998.088316
LGXRFD,0.27,情况5：修正前正常，修正后正常，修正后恶化，保留（不修正）,保留（不修正）,2,0.02666666666666667,415.0,0.008920510726108078,412.0,36.0,37.0,1.0,0.0,3.563505,48.042506,44.479001000000004,0.0,0.0,102.354531,150.126184,47.771653,0.0,0.0,75,46522.0,46475.0,11343.0,6662.0,11479.848027,1128906.2705370001,28348.532877,1134998.088316
LGXRFD,0.27,情况6：修正前异常，修正后异常，修正后改善，标记为异常分段,标记为异常分段,6,0.08,3432.0,0.07377154894458536,3431.0,2677.0,1839.0,-838.0,0.0,3248.539224,1098.034299,-2150.504925,0.0,0.0,4897.4379069999995,2250.4139769999997,-2647.02393,0.0,0.0,75,46522.0,46475.0,11343.0,6662.0,11479.848027,1128906.2705370001,28348.532877,1134998.088316
LGXRFD,0.27,情况7：修正前异常，修正后异常，修正后不变，标记为异常分段,标记为异常分段,0,0.0,0.0,0.0,0.0,0.0,0.0,0.0,0.0,0.0,0.0,0.0,0.0,,0.0,0.0,0.0,0.0,,75,46522.0,46475.0,11343.0,6662.0,11479.848027,1128906.2705370001,28348.532877,1134998.088316
LGXRFD,0.27,情况8：修正前异常，修正后异常，修正后恶化，标记为异常分段,标记为异常分段,37,0.49333333333333335,503.0,0.010812088904174368,489.0,384.0,487.0,103.0,0.0,269.026839,1125786.236273,1125517.209434,0.0,0.0,443.625596,1125880.001114,1125436.375518,0.0,0.0,75,46522.0,46475.0,11343.0,6662.0,11479.848027,1128906.2705370001,28348.532877,1134998.088316
LGXRFD,0.28,情况1：修正前正常，修正后异常，保留（不修正）,保留（不修正）,14,0.18666666666666668,2495.0,0.05363054038949314,2495.0,499.0,2188.0,1689.0,0.0,150.112557,1300.628194,1150.515637,0.0,0.0,816.1691440000001,2487.285156,1671.116012,0.0,0.0,75,46522.0,46475.0,11343.0,6662.0,11479.848027,1128906.2705370001,28348.532877,1134998.088316
LGXRFD,0.28,情况2：修正前异常，修正后正常，修正后保留,修正后保留,8,0.10666666666666667,3419.0,0.0734921112591892,3407.0,3118.0,388.0,-2730.0,2730.0,4974.4288670000005,90.790037,-4883.638830000001,4883.63883,0.9817486510657947,6757.404053,772.684963,-5984.7190900000005,5984.71909,0.8856535798452126,75,46522.0,46475.0,11343.0,6662.0,11479.848027,1128906.2705370001,28348.532877,1134998.088316
LGXRFD,0.28,情况3：修正前正常，修正后正常，修正后改善，修正后保留,修正后保留,6,0.08,36283.0,0.7799105799406733,36267.0,4667.0,1744.0,-2923.0,2929.0,2861.529629,592.916915,-2268.612714,2269.870648,0.7932368146728702,15380.479765999999,3482.650335,-11897.829430999998,11897.829430999998,0.7735668595527997,75,46522.0,46475.0,11343.0,6662.0,11479.848027,1128906.2705370001,28348.532877,1134998.088316
LGXRFD,0.28,情况4：修正前正常，修正后正常，修正后不变，保留（不修正）,保留（不修正）,4,0.05333333333333334,23.0,0.0004943897510855079,22.0,0.0,0.0,0.0,0.0,0.0,0.0,0.0,0.0,,0.0,0.0,0.0,0.0,,75,46522.0,46475.0,11343.0,6662.0,11479.848027,1128906.2705370001,28348.532877,1134998.088316
LGXRFD,0.28,情况5：修正前正常，修正后正常，修正后恶化，保留（不修正）,保留（不修正）,2,0.02666666666666667,415.0,0.008920510726108078,412.0,36.0,37.0,1.0,0.0,3.563505,48.042506,44.479001000000004,0.0,0.0,102.354531,150.126184,47.771653,0.0,0.0,75,46522.0,46475.0,11343.0,6662.0,11479.848027,1128906.2705370001,28348.532877,1134998.088316
LGXRFD,0.28,情况6：修正前异常，修正后异常，修正后改善，标记为异常分段,标记为异常分段,5,0.06666666666666667,3395.0,0.07297622630153476,3394.0,2642.0,1829.0,-813.0,0.0,3221.737321,1097.1610549999998,-2124.576266,0.0,0.0,4852.398042999999,2240.5544449999998,-2611.8435979999995,0.0,0.0,75,46522.0,46475.0,11343.0,6662.0,11479.848027,1128906.2705370001,28348.532877,1134998.088316
LGXRFD,0.28,情况7：修正前异常，修正后异常，修正后不变，标记为异常分段,标记为异常分段,0,0.0,0.0,0.0,0.0,0.0,0.0,0.0,0.0,0.0,0.0,0.0,0.0,,0.0,0.0,0.0,0.0,,75,46522.0,46475.0,11343.0,6662.0,11479.848027,1128906.2705370001,28348.532877,1134998.088316
LGXRFD,0.28,情况8：修正前异常，修正后异常，修正后恶化，标记为异常分段,标记为异常分段,36,0.48,492.0,0.010575641631916082,478.0,381.0,476.0,95.0,0.0,268.47614799999997,1125776.73183,1125508.255682,0.0,0.0,439.72734,1125864.7872330002,1125425.0598930002,0.0,0.0,75,46522.0,46475.0,11343.0,6662.0,11479.848027,1128906.2705370001,28348.532877,1134998.088316
LGXRFD,0.29,情况1：修正前正常，修正后异常，保留（不修正）,保留（不修正）,14,0.18666666666666668,2495.0,0.05363054038949314,2495.0,499.0,2188.0,1689.0,0.0,150.112557,1300.628194,1150.515637,0.0,0.0,816.1691440000001,2487.285156,1671.116012,0.0,0.0,75,46522.0,46475.0,11343.0,6662.0,11479.848027,1128906.2705370001,28348.532877,1134998.088316
LGXRFD,0.29,情况2：修正前异常，修正后正常，修正后保留,修正后保留,8,0.10666666666666667,3419.0,0.0734921112591892,3407.0,3118.0,388.0,-2730.0,2730.0,4974.4288670000005,90.790037,-4883.638830000001,4883.63883,0.9817486510657947,6757.404053,772.684963,-5984.7190900000005,5984.71909,0.8856535798452126,75,46522.0,46475.0,11343.0,6662.0,11479.848027,1128906.2705370001,28348.532877,1134998.088316
LGXRFD,0.29,情况3：修正前正常，修正后正常，修正后改善，修正后保留,修正后保留,6,0.08,36283.0,0.7799105799406733,36267.0,4667.0,1744.0,-2923.0,2929.0,2861.529629,592.916915,-2268.612714,2269.870648,0.7932368146728702,15380.479765999999,3482.650335,-11897.829430999998,11897.829430999998,0.7735668595527997,75,46522.0,46475.0,11343.0,6662.0,11479.848027,1128906.2705370001,28348.532877,1134998.088316
LGXRFD,0.29,情况4：修正前正常，修正后正常，修正后不变，保留（不修正）,保留（不修正）,4,0.05333333333333334,23.0,0.0004943897510855079,22.0,0.0,0.0,0.0,0.0,0.0,0.0,0.0,0.0,,0.0,0.0,0.0,0.0,,75,46522.0,46475.0,11343.0,6662.0,11479.848027,1128906.2705370001,28348.532877,1134998.088316
LGXRFD,0.29,情况5：修正前正常，修正后正常，修正后恶化，保留（不修正）,保留（不修正）,2,0.02666666666666667,415.0,0.008920510726108078,412.0,36.0,37.0,1.0,0.0,3.563505,48.042506,44.479001000000004,0.0,0.0,102.354531,150.126184,47.771653,0.0,0.0,75,46522.0,46475.0,11343.0,6662.0,11479.848027,1128906.2705370001,28348.532877,1134998.088316
LGXRFD,0.29,情况6：修正前异常，修正后异常，修正后改善，标记为异常分段,标记为异常分段,5,0.06666666666666667,3395.0,0.07297622630153476,3394.0,2642.0,1829.0,-813.0,0.0,3221.737321,1097.1610549999998,-2124.576266,0.0,0.0,4852.398042999999,2240.5544449999998,-2611.8435979999995,0.0,0.0,75,46522.0,46475.0,11343.0,6662.0,11479.848027,1128906.2705370001,28348.532877,1134998.088316
LGXRFD,0.29,情况7：修正前异常，修正后异常，修正后不变，标记为异常分段,标记为异常分段,0,0.0,0.0,0.0,0.0,0.0,0.0,0.0,0.0,0.0,0.0,0.0,0.0,,0.0,0.0,0.0,0.0,,75,46522.0,46475.0,11343.0,6662.0,11479.848027,1128906.2705370001,28348.532877,1134998.088316
LGXRFD,0.29,情况8：修正前异常，修正后异常，修正后恶化，标记为异常分段,标记为异常分段,36,0.48,492.0,0.010575641631916082,478.0,381.0,476.0,95.0,0.0,268.47614799999997,1125776.73183,1125508.255682,0.0,0.0,439.72734,1125864.7872330002,1125425.0598930002,0.0,0.0,75,46522.0,46475.0,11343.0,6662.0,11479.848027,1128906.2705370001,28348.532877,1134998.088316
LGXRFD,0.3,情况1：修正前正常，修正后异常，保留（不修正）,保留（不修正）,14,0.18666666666666668,2495.0,0.05363054038949314,2495.0,499.0,2188.0,1689.0,0.0,150.112557,1300.628194,1150.515637,0.0,0.0,816.1691440000001,2487.285156,1671.116012,0.0,0.0,75,46522.0,46475.0,11343.0,6662.0,11479.848027,1128906.2705370001,28348.532877,1134998.088316
LGXRFD,0.3,情况2：修正前异常，修正后正常，修正后保留,修正后保留,8,0.10666666666666667,3419.0,0.0734921112591892,3407.0,3118.0,388.0,-2730.0,2730.0,4974.4288670000005,90.790037,-4883.638830000001,4883.63883,0.9817486510657947,6757.404053,772.684963,-5984.7190900000005,5984.71909,0.8856535798452126,75,46522.0,46475.0,11343.0,6662.0,11479.848027,1128906.2705370001,28348.532877,1134998.088316
LGXRFD,0.3,情况3：修正前正常，修正后正常，修正后改善，修正后保留,修正后保留,6,0.08,36283.0,0.7799105799406733,36267.0,4667.0,1744.0,-2923.0,2929.0,2861.529629,592.916915,-2268.612714,2269.870648,0.7932368146728702,15380.479765999999,3482.650335,-11897.829430999998,11897.829430999998,0.7735668595527997,75,46522.0,46475.0,11343.0,6662.0,11479.848027,1128906.2705370001,28348.532877,1134998.088316
LGXRFD,0.3,情况4：修正前正常，修正后正常，修正后不变，保留（不修正）,保留（不修正）,4,0.05333333333333334,23.0,0.0004943897510855079,22.0,0.0,0.0,0.0,0.0,0.0,0.0,0.0,0.0,,0.0,0.0,0.0,0.0,,75,46522.0,46475.0,11343.0,6662.0,11479.848027,1128906.2705370001,28348.532877,1134998.088316
LGXRFD,0.3,情况5：修正前正常，修正后正常，修正后恶化，保留（不修正）,保留（不修正）,2,0.02666666666666667,415.0,0.008920510726108078,412.0,36.0,37.0,1.0,0.0,3.563505,48.042506,44.479001000000004,0.0,0.0,102.354531,150.126184,47.771653,0.0,0.0,75,46522.0,46475.0,11343.0,6662.0,11479.848027,1128906.2705370001,28348.532877,1134998.088316
LGXRFD,0.3,情况6：修正前异常，修正后异常，修正后改善，标记为异常分段,标记为异常分段,5,0.06666666666666667,3395.0,0.07297622630153476,3394.0,2642.0,1829.0,-813.0,0.0,3221.737321,1097.1610549999998,-2124.576266,0.0,0.0,4852.398042999999,2240.5544449999998,-2611.8435979999995,0.0,0.0,75,46522.0,46475.0,11343.0,6662.0,11479.848027,1128906.2705370001,28348.532877,1134998.088316
LGXRFD,0.3,情况7：修正前异常，修正后异常，修正后不变，标记为异常分段,标记为异常分段,0,0.0,0.0,0.0,0.0,0.0,0.0,0.0,0.0,0.0,0.0,0.0,0.0,,0.0,0.0,0.0,0.0,,75,46522.0,46475.0,11343.0,6662.0,11479.848027,1128906.2705370001,28348.532877,1134998.088316
LGXRFD,0.3,情况8：修正前异常，修正后异常，修正后恶化，标记为异常分段,标记为异常分段,36,0.48,492.0,0.010575641631916082,478.0,381.0,476.0,95.0,0.0,268.47614799999997,1125776.73183,1125508.255682,0.0,0.0,439.72734,1125864.7872330002,1125425.0598930002,0.0,0.0,75,46522.0,46475.0,11343.0,6662.0,11479.848027,1128906.2705370001,28348.532877,1134998.088316
LGXRFD,0.4,情况1：修正前正常，修正后异常，保留（不修正）,保留（不修正）,14,0.18666666666666668,2524.0,0.05425390137999226,2524.0,540.0,2268.0,1728.0,0.0,165.91428000000002,1398.659647,1232.745367,0.0,0.0,856.905969,2617.272348,1760.366379,0.0,0.0,75,46522.0,46475.0,11343.0,6662.0,11479.848027,1128906.2705370001,28348.532877,1134998.088316
LGXRFD,0.4,情况2：修正前异常，修正后正常，修正后保留,修正后保留,9,0.12,4859.0,0.10444520871845578,4847.0,4545.0,855.0,-3690.0,3690.0,6840.473364,219.42222800000002,-6621.051136,6621.051136,0.9679229468014927,9412.937065,1250.905094,-8162.031971,8162.031971,0.8671078872235082,75,46522.0,46475.0,11343.0,6662.0,11479.848027,1128906.2705370001,28348.532877,1134998.088316
LGXRFD,0.4,情况3：修正前正常，修正后正常，修正后改善，修正后保留,修正后保留,6,0.08,36283.0,0.7799105799406733,36267.0,4667.0,1744.0,-2923.0,2929.0,2861.529629,592.916915,-2268.612714,2269.870648,0.7932368146728702,15380.479765999999,3482.650335,-11897.829430999998,11897.829430999998,0.7735668595527997,75,46522.0,46475.0,11343.0,6662.0,11479.848027,1128906.2705370001,28348.532877,1134998.088316
LGXRFD,0.4,情况4：修正前正常，修正后正常，修正后不变，保留（不修正）,保留（不修正）,4,0.05333333333333334,23.0,0.0004943897510855079,22.0,0.0,0.0,0.0,0.0,0.0,0.0,0.0,0.0,,0.0,0.0,0.0,0.0,,75,46522.0,46475.0,11343.0,6662.0,11479.848027,1128906.2705370001,28348.532877,1134998.088316
LGXRFD,0.4,情况5：修正前正常，修正后正常，修正后恶化，保留（不修正）,保留（不修正）,3,0.04,499.0,0.010726108077898628,496.0,40.0,68.0,28.0,0.0,3.881532,50.904616000000004,47.023084000000004,0.0,0.0,117.71507399999999,177.328695,59.61362100000002,0.0,0.0,75,46522.0,46475.0,11343.0,6662.0,11479.848027,1128906.2705370001,28348.532877,1134998.088316
LGXRFD,0.4,情况6：修正前异常，修正后异常，修正后改善，标记为异常分段,标记为异常分段,4,0.05333333333333334,1955.0,0.04202312884226817,1954.0,1215.0,1362.0,147.0,0.0,1355.692824,968.5288639999999,-387.1639600000001,0.0,0.0,2196.865031,1762.3343139999997,-434.5307170000001,0.0,0.0,75,46522.0,46475.0,11343.0,6662.0,11479.848027,1128906.2705370001,28348.532877,1134998.088316
LGXRFD,0.4,情况7：修正前异常，修正后异常，修正后不变，标记为异常分段,标记为异常分段,0,0.0,0.0,0.0,0.0,0.0,0.0,0.0,0.0,0.0,0.0,0.0,0.0,,0.0,0.0,0.0,0.0,,75,46522.0,46475.0,11343.0,6662.0,11479.848027,1128906.2705370001,28348.532877,1134998.088316
LGXRFD,0.4,情况8：修正前异常，修正后异常，修正后恶化，标记为异常分段,标记为异常分段,35,0.4666666666666667,379.0,0.008146683289626413,365.0,336.0,365.0,29.0,0.0,252.356398,1125675.838267,1125423.481869,0.0,0.0,383.629972,1125707.59753,1125323.967558,0.0,0.0,75,46522.0,46475.0,11343.0,6662.0,11479.848027,1128906.2705370001,28348.532877,1134998.088316
LGXRFD,0.5,情况1：修正前正常，修正后异常，保留（不修正）,保留（不修正）,15,0.2,2579.0,0.05543613774128369,2579.0,566.0,2323.0,1757.0,0.0,176.06932700000002,1481.304792,1305.235465,0.0,0.0,887.062944,2725.3305309999996,1838.2675869999996,0.0,0.0,75,46522.0,46475.0,11343.0,6662.0,11479.848027,1128906.2705370001,28348.532877,1134998.088316
LGXRFD,0.5,情况2：修正前异常，修正后正常，修正后保留,修正后保留,9,0.12,4859.0,0.10444520871845578,4847.0,4545.0,855.0,-3690.0,3690.0,6840.473364,219.42222800000002,-6621.051136,6621.051136,0.9679229468014927,9412.937065,1250.905094,-8162.031971,8162.031971,0.8671078872235082,75,46522.0,46475.0,11343.0,6662.0,11479.848027,1128906.2705370001,28348.532877,1134998.088316
LGXRFD,0.5,情况3：修正前正常，修正后正常，修正后改善，修正后保留,修正后保留,6,0.08,36283.0,0.7799105799406733,36267.0,4667.0,1744.0,-2923.0,2929.0,2861.529629,592.916915,-2268.612714,2269.870648,0.7932368146728702,15380.479765999999,3482.650335,-11897.829430999998,11897.829430999998,0.7735668595527997,75,46522.0,46475.0,11343.0,6662.0,11479.848027,1128906.2705370001,28348.532877,1134998.088316
LGXRFD,0.5,情况4：修正前正常，修正后正常，修正后不变，保留（不修正）,保留（不修正）,4,0.05333333333333334,23.0,0.0004943897510855079,22.0,0.0,0.0,0.0,0.0,0.0,0.0,0.0,0.0,,0.0,0.0,0.0,0.0,,75,46522.0,46475.0,11343.0,6662.0,11479.848027,1128906.2705370001,28348.532877,1134998.088316
LGXRFD,0.5,情况5：修正前正常，修正后正常，修正后恶化，保留（不修正）,保留（不修正）,3,0.04,499.0,0.010726108077898628,496.0,40.0,68.0,28.0,0.0,3.881532,50.904616000000004,47.023084000000004,0.0,0.0,117.71507399999999,177.328695,59.61362100000002,0.0,0.0,75,46522.0,46475.0,11343.0,6662.0,11479.848027,1128906.2705370001,28348.532877,1134998.088316
LGXRFD,0.5,情况6：修正前异常，修正后异常，修正后改善，标记为异常分段,标记为异常分段,4,0.05333333333333334,1955.0,0.04202312884226817,1954.0,1215.0,1362.0,147.0,0.0,1355.692824,968.5288639999999,-387.1639600000001,0.0,0.0,2196.865031,1762.3343139999997,-434.5307170000001,0.0,0.0,75,46522.0,46475.0,11343.0,6662.0,11479.848027,1128906.2705370001,28348.532877,1134998.088316
LGXRFD,0.5,情况7：修正前异常，修正后异常，修正后不变，标记为异常分段,标记为异常分段,0,0.0,0.0,0.0,0.0,0.0,0.0,0.0,0.0,0.0,0.0,0.0,0.0,,0.0,0.0,0.0,0.0,,75,46522.0,46475.0,11343.0,6662.0,11479.848027,1128906.2705370001,28348.532877,1134998.088316
LGXRFD,0.5,情况8：修正前异常，修正后异常，修正后恶化，标记为异常分段,标记为异常分段,34,0.4533333333333333,324.0,0.006964446928334981,310.0,310.0,310.0,0.0,0.0,242.20135100000005,1125593.193122,1125350.991771,0.0,0.0,353.472997,1125599.539347,1125246.06635,0.0,0.0,75,46522.0,46475.0,11343.0,6662.0,11479.848027,1128906.2705370001,28348.532877,1134998.088316
