场站,阈值,分段类别,最终处理方式,最终处理细分类型,分段数,分段占比,覆盖分钟数,覆盖分钟占比,纳入统计分钟数,纳入统计分钟占比,原异常分钟数,修正后异常分钟数,异常分钟数净变化量（修正后-原）,有效异常分钟数改善量,原异常程度总和,修正后异常程度总和,异常程度净变化量（修正后-原）,有效异常程度改善量,有效异常程度改善率,原偏离程度总和,修正后偏离程度总和,偏离程度净变化量（修正后-原）,有效偏离程度改善量,有效偏离程度改善率,总分段数,总覆盖分钟数,总纳入统计分钟数,总原异常分钟数,总修正后异常分钟数,总原异常程度,总修正后异常程度,总原偏离程度,总修正后偏离程度
LGXRFD,0.05,重复正功率>0分段,保留（不修正）,重复正功率>0｜保留（不修正）,11,0.09401709401709402,335.0,0.0007445933631170679,334.0,0.0007529594236027981,10.0,86.0,76.0,0.0,0.784189,91.39134,90.607151,0.0,0.0,60.23945899999999,161.705129,101.46567000000002,0.0,0.0,117,449910.0,443583.0,45506.0,40825.0,20408.369843,1137834.792353,105719.114304,1212368.669743
LGXRFD,0.05,重复正功率>0分段,修正后保留,重复正功率>0｜修正后保留,5,0.042735042735042736,8401.0,0.018672623413571603,8400.0,0.0189367040666572,392.0,29.0,-363.0,363.0,464.958998,20.556839,-444.402159,444.402159,0.9557878456198841,3929.259188,76.211309,-3853.047879,3853.0478789999997,0.980604153263101,117,449910.0,443583.0,45506.0,40825.0,20408.369843,1137834.792353,105719.114304,1212368.669743
LGXRFD,0.05,重复正功率>0分段,标记为异常分段,重复正功率>0｜标记为异常分段,59,0.5042735042735043,37786.0,0.0839856860260941,37741.0,0.08508216049758445,10941.0,6547.0,-4394.0,0.0,11014.10484,1128794.322358,1117780.2175180002,0.0,0.0,24359.034230000005,1134760.1718779998,1110401.1376479997,0.0,0.0,117,449910.0,443583.0,45506.0,40825.0,20408.369843,1137834.792353,105719.114304,1212368.669743
LGXRFD,0.05,重复正功率=0，且冻结风机数>0,正常,重复正功率=0且冻结风机数>0｜正常,0,0.0,0.0,0.0,0.0,0.0,0.0,0.0,0.0,0.0,0.0,0.0,0.0,0.0,,0.0,0.0,0.0,0.0,,117,449910.0,443583.0,45506.0,40825.0,20408.369843,1137834.792353,105719.114304,1212368.669743
LGXRFD,0.05,重复正功率=0，且冻结风机数>0,标记为异常分段,重复正功率=0且冻结风机数>0｜标记为异常分段,0,0.0,0.0,0.0,0.0,0.0,0.0,0.0,0.0,0.0,0.0,0.0,0.0,0.0,,0.0,0.0,0.0,0.0,,117,449910.0,443583.0,45506.0,40825.0,20408.369843,1137834.792353,105719.114304,1212368.669743
LGXRFD,0.05,重复正功率=0，且冻结风机数=0,正常,重复正功率=0且冻结风机数=0｜正常,12,0.10256410256410256,16937.0,0.037645306839145604,10916.0,0.02460869780852738,371.0,371.0,0.0,0.0,82.069623,82.069623,0.0,0.0,0.0,1457.99361,1457.99361,0.0,0.0,0.0,117,449910.0,443583.0,45506.0,40825.0,20408.369843,1137834.792353,105719.114304,1212368.669743
LGXRFD,0.05,重复正功率=0，且冻结风机数=0,标记为异常分段,重复正功率=0且冻结风机数=0｜标记为异常分段,30,0.2564102564102564,386451.0,0.8589517903580716,386192.0,0.8706194782036282,33792.0,33792.0,0.0,0.0,8846.452192999997,8846.452192999997,0.0,0.0,0.0,75912.587817,75912.587817,0.0,0.0,0.0,117,449910.0,443583.0,45506.0,40825.0,20408.369843,1137834.792353,105719.114304,1212368.669743
LGXRFD,0.06,重复正功率>0分段,保留（不修正）,重复正功率>0｜保留（不修正）,11,0.09401709401709402,335.0,0.0007445933631170679,334.0,0.0007529594236027981,10.0,86.0,76.0,0.0,0.784189,91.39134,90.607151,0.0,0.0,60.23945899999999,161.705129,101.46567000000002,0.0,0.0,117,449910.0,443583.0,45506.0,40825.0,20408.369843,1137834.792353,105719.114304,1212368.669743
LGXRFD,0.06,重复正功率>0分段,修正后保留,重复正功率>0｜修正后保留,7,0.05982905982905983,18122.0,0.04027916694450001,18120.0,0.040849175915217674,1947.0,590.0,-1357.0,1357.0,2544.4367939999997,145.0566,-2399.380194,2399.380194,0.9429906844838686,10164.294682,690.4808449999998,-9473.813837,9473.813837,0.9320680020992724,117,449910.0,443583.0,45506.0,40825.0,20408.369843,1137834.792353,105719.114304,1212368.669743
LGXRFD,0.06,重复正功率>0分段,标记为异常分段,重复正功率>0｜标记为异常分段,57,0.48717948717948717,28065.0,0.0623791424951657,28021.0,0.06316968864902398,9386.0,5986.0,-3400.0,0.0,8934.627044,1128669.8225969998,1119735.1955529999,0.0,0.0,18123.998736,1134145.9023419998,1116021.903606,0.0,0.0,117,449910.0,443583.0,45506.0,40825.0,20408.369843,1137834.792353,105719.114304,1212368.669743
LGXRFD,0.06,重复正功率=0，且冻结风机数>0,正常,重复正功率=0且冻结风机数>0｜正常,0,0.0,0.0,0.0,0.0,0.0,0.0,0.0,0.0,0.0,0.0,0.0,0.0,0.0,,0.0,0.0,0.0,0.0,,117,449910.0,443583.0,45506.0,40825.0,20408.369843,1137834.792353,105719.114304,1212368.669743
LGXRFD,0.06,重复正功率=0，且冻结风机数>0,标记为异常分段,重复正功率=0且冻结风机数>0｜标记为异常分段,0,0.0,0.0,0.0,0.0,0.0,0.0,0.0,0.0,0.0,0.0,0.0,0.0,0.0,,0.0,0.0,0.0,0.0,,117,449910.0,443583.0,45506.0,40825.0,20408.369843,1137834.792353,105719.114304,1212368.669743
LGXRFD,0.06,重复正功率=0，且冻结风机数=0,正常,重复正功率=0且冻结风机数=0｜正常,15,0.1282051282051282,23211.0,0.05159031806361272,17190.0,0.03875261225069491,722.0,722.0,0.0,0.0,159.047467,159.047467,0.0,0.0,0.0,2492.6207790000003,2492.6207790000003,0.0,0.0,0.0,117,449910.0,443583.0,45506.0,40825.0,20408.369843,1137834.792353,105719.114304,1212368.669743
LGXRFD,0.06,重复正功率=0，且冻结风机数=0,标记为异常分段,重复正功率=0且冻结风机数=0｜标记为异常分段,27,0.23076923076923078,380177.0,0.8450067791336044,379918.0,0.8564755637614606,33441.0,33441.0,0.0,0.0,8769.474349,8769.474349,0.0,0.0,0.0,74877.96064800001,74877.96064800001,0.0,0.0,0.0,117,449910.0,443583.0,45506.0,40825.0,20408.369843,1137834.792353,105719.114304,1212368.669743
LGXRFD,0.07,重复正功率>0分段,保留（不修正）,重复正功率>0｜保留（不修正）,10,0.08547008547008547,150.0,0.0003334000133360005,149.0,0.0003359010602299908,4.0,74.0,70.0,0.0,0.318027,89.66724400000001,89.34921700000001,0.0,0.0,21.849615,134.867522,113.01790700000001,0.0,0.0,117,449910.0,443583.0,45506.0,40825.0,20408.369843,1137834.792353,105719.114304,1212368.669743
LGXRFD,0.07,重复正功率>0分段,修正后保留,重复正功率>0｜修正后保留,10,0.08547008547008547,36687.0,0.08154297526171901,36671.0,0.0826699850986174,5005.0,1762.0,-3243.0,3249.0,3439.7299260000004,595.305808,-2844.4241180000004,2845.682052,0.8272981057292461,16175.410795,3541.693743,-12633.717052,12633.717052,0.7810445874985272,117,449910.0,443583.0,45506.0,40825.0,20408.369843,1137834.792353,105719.114304,1212368.669743
LGXRFD,0.07,重复正功率>0分段,标记为异常分段,重复正功率>0｜标记为异常分段,55,0.4700854700854701,9685.0,0.021526527527727768,9655.0,0.021765937828997054,6334.0,4826.0,-1508.0,0.0,8039.800074,1128221.297485,1120181.497411,0.0,0.0,12151.272467,1131321.527051,1119170.254584,0.0,0.0,117,449910.0,443583.0,45506.0,40825.0,20408.369843,1137834.792353,105719.114304,1212368.669743
LGXRFD,0.07,重复正功率=0，且冻结风机数>0,正常,重复正功率=0且冻结风机数>0｜正常,0,0.0,0.0,0.0,0.0,0.0,0.0,0.0,0.0,0.0,0.0,0.0,0.0,0.0,,0.0,0.0,0.0,0.0,,117,449910.0,443583.0,45506.0,40825.0,20408.369843,1137834.792353,105719.114304,1212368.669743
LGXRFD,0.07,重复正功率=0，且冻结风机数>0,标记为异常分段,重复正功率=0且冻结风机数>0｜标记为异常分段,0,0.0,0.0,0.0,0.0,0.0,0.0,0.0,0.0,0.0,0.0,0.0,0.0,0.0,,0.0,0.0,0.0,0.0,,117,449910.0,443583.0,45506.0,40825.0,20408.369843,1137834.792353,105719.114304,1212368.669743
LGXRFD,0.07,重复正功率=0，且冻结风机数=0,正常,重复正功率=0且冻结风机数=0｜正常,16,0.13675213675213677,25654.0,0.05702029294747839,19632.0,0.044257782647215964,874.0,874.0,0.0,0.0,197.765262,197.765262,0.0,0.0,0.0,2887.8576860000003,2887.8576860000003,0.0,0.0,0.0,117,449910.0,443583.0,45506.0,40825.0,20408.369843,1137834.792353,105719.114304,1212368.669743
LGXRFD,0.07,重复正功率=0，且冻结风机数=0,标记为异常分段,重复正功率=0且冻结风机数=0｜标记为异常分段,26,0.2222222222222222,377734.0,0.8395768042497388,377476.0,0.8509703933649396,33289.0,33289.0,0.0,0.0,8730.756554,8730.756554,0.0,0.0,0.0,74482.723741,74482.723741,0.0,0.0,0.0,117,449910.0,443583.0,45506.0,40825.0,20408.369843,1137834.792353,105719.114304,1212368.669743
LGXRFD,0.08,重复正功率>0分段,保留（不修正）,重复正功率>0｜保留（不修正）,10,0.08547008547008547,150.0,0.0003334000133360005,149.0,0.0003359010602299908,4.0,74.0,70.0,0.0,0.318027,89.66724400000001,89.34921700000001,0.0,0.0,21.849615,134.867522,113.01790700000001,0.0,0.0,117,449910.0,443583.0,45506.0,40825.0,20408.369843,1137834.792353,105719.114304,1212368.669743
LGXRFD,0.08,重复正功率>0分段,修正后保留,重复正功率>0｜修正后保留,10,0.08547008547008547,36687.0,0.08154297526171901,36671.0,0.0826699850986174,5005.0,1762.0,-3243.0,3249.0,3439.7299260000004,595.305808,-2844.4241180000004,2845.682052,0.8272981057292461,16175.410795,3541.693743,-12633.717052,12633.717052,0.7810445874985272,117,449910.0,443583.0,45506.0,40825.0,20408.369843,1137834.792353,105719.114304,1212368.669743
LGXRFD,0.08,重复正功率>0分段,标记为异常分段,重复正功率>0｜标记为异常分段,55,0.4700854700854701,9685.0,0.021526527527727768,9655.0,0.021765937828997054,6334.0,4826.0,-1508.0,0.0,8039.800074,1128221.297485,1120181.497411,0.0,0.0,12151.272467,1131321.527051,1119170.254584,0.0,0.0,117,449910.0,443583.0,45506.0,40825.0,20408.369843,1137834.792353,105719.114304,1212368.669743
LGXRFD,0.08,重复正功率=0，且冻结风机数>0,正常,重复正功率=0且冻结风机数>0｜正常,0,0.0,0.0,0.0,0.0,0.0,0.0,0.0,0.0,0.0,0.0,0.0,0.0,0.0,,0.0,0.0,0.0,0.0,,117,449910.0,443583.0,45506.0,40825.0,20408.369843,1137834.792353,105719.114304,1212368.669743
LGXRFD,0.08,重复正功率=0，且冻结风机数>0,标记为异常分段,重复正功率=0且冻结风机数>0｜标记为异常分段,0,0.0,0.0,0.0,0.0,0.0,0.0,0.0,0.0,0.0,0.0,0.0,0.0,0.0,,0.0,0.0,0.0,0.0,,117,449910.0,443583.0,45506.0,40825.0,20408.369843,1137834.792353,105719.114304,1212368.669743
LGXRFD,0.08,重复正功率=0，且冻结风机数=0,正常,重复正功率=0且冻结风机数=0｜正常,22,0.18803418803418803,143247.0,0.3183903447356138,137189.0,0.3092747016905517,9479.0,9479.0,0.0,0.0,2333.447738,2333.447738,0.0,0.0,0.0,24324.152387,24324.152387,0.0,0.0,0.0,117,449910.0,443583.0,45506.0,40825.0,20408.369843,1137834.792353,105719.114304,1212368.669743
LGXRFD,0.08,重复正功率=0，且冻结风机数=0,标记为异常分段,重复正功率=0且冻结风机数=0｜标记为异常分段,20,0.17094017094017094,260141.0,0.5782067524616035,259919.0,0.5859534743216038,24684.0,24684.0,0.0,0.0,6595.074078,6595.074078,0.0,0.0,0.0,53046.42904000001,53046.42904000001,0.0,0.0,0.0,117,449910.0,443583.0,45506.0,40825.0,20408.369843,1137834.792353,105719.114304,1212368.669743
LGXRFD,0.09,重复正功率>0分段,保留（不修正）,重复正功率>0｜保留（不修正）,11,0.09401709401709402,561.0,0.001246916049876642,560.0,0.0012624469377771465,39.0,110.0,71.0,0.0,3.881532,124.87146300000002,120.98993100000001,0.0,0.0,124.141588,271.63785299999995,147.49626499999994,0.0,0.0,117,449910.0,443583.0,45506.0,40825.0,20408.369843,1137834.792353,105719.114304,1212368.669743
LGXRFD,0.09,重复正功率>0分段,修正后保留,重复正功率>0｜修正后保留,10,0.08547008547008547,36687.0,0.08154297526171901,36671.0,0.0826699850986174,5005.0,1762.0,-3243.0,3249.0,3439.7299260000004,595.305808,-2844.4241180000004,2845.682052,0.8272981057292461,16175.410795,3541.693743,-12633.717052,12633.717052,0.7810445874985272,117,449910.0,443583.0,45506.0,40825.0,20408.369843,1137834.792353,105719.114304,1212368.669743
LGXRFD,0.09,重复正功率>0分段,标记为异常分段,重复正功率>0｜标记为异常分段,54,0.46153846153846156,9274.0,0.020613011491187126,9244.0,0.020839391951449897,6299.0,4790.0,-1509.0,0.0,8036.236569000001,1128186.093266,1120149.856697,0.0,0.0,12048.980494,1131184.75672,1119135.776226,0.0,0.0,117,449910.0,443583.0,45506.0,40825.0,20408.369843,1137834.792353,105719.114304,1212368.669743
LGXRFD,0.09,重复正功率=0，且冻结风机数>0,正常,重复正功率=0且冻结风机数>0｜正常,0,0.0,0.0,0.0,0.0,0.0,0.0,0.0,0.0,0.0,0.0,0.0,0.0,0.0,,0.0,0.0,0.0,0.0,,117,449910.0,443583.0,45506.0,40825.0,20408.369843,1137834.792353,105719.114304,1212368.669743
LGXRFD,0.09,重复正功率=0，且冻结风机数>0,标记为异常分段,重复正功率=0且冻结风机数>0｜标记为异常分段,0,0.0,0.0,0.0,0.0,0.0,0.0,0.0,0.0,0.0,0.0,0.0,0.0,0.0,,0.0,0.0,0.0,0.0,,117,449910.0,443583.0,45506.0,40825.0,20408.369843,1137834.792353,105719.114304,1212368.669743
LGXRFD,0.09,重复正功率=0，且冻结风机数=0,正常,重复正功率=0且冻结风机数=0｜正常,28,0.23931623931623933,261399.0,0.5810028672401147,255287.0,0.5755112346505614,19602.0,19602.0,0.0,0.0,5003.407587,5003.407587,0.0,0.0,0.0,46986.684846,46986.684846,0.0,0.0,0.0,117,449910.0,443583.0,45506.0,40825.0,20408.369843,1137834.792353,105719.114304,1212368.669743
LGXRFD,0.09,重复正功率=0，且冻结风机数=0,标记为异常分段,重复正功率=0且冻结风机数=0｜标记为异常分段,14,0.11965811965811966,141989.0,0.3155942299571025,141821.0,0.3197169413615941,14561.0,14561.0,0.0,0.0,3925.114229,3925.114229,0.0,0.0,0.0,30383.896581,30383.896581,0.0,0.0,0.0,117,449910.0,443583.0,45506.0,40825.0,20408.369843,1137834.792353,105719.114304,1212368.669743
LGXRFD,0.1,重复正功率>0分段,保留（不修正）,重复正功率>0｜保留（不修正）,12,0.10256410256410256,995.0,0.0022115534217954703,994.0,0.002240843314554435,81.0,376.0,295.0,0.0,9.740395000000001,165.36208300000004,155.62168800000003,0.0,0.0,228.502122,458.616802,230.11468,0.0,0.0,117,449910.0,443583.0,45506.0,40825.0,20408.369843,1137834.792353,105719.114304,1212368.669743
LGXRFD,0.1,重复正功率>0分段,修正后保留,重复正功率>0｜修正后保留,11,0.09401709401709402,38163.0,0.08482363139294526,38138.0,0.08597714520168717,6353.0,1895.0,-4458.0,4464.0,5053.888549,619.265804,-4434.622745000001,4435.880679,0.8777163635469792,18471.672104999998,3825.549694,-14646.122410999998,14646.122411,0.7928964052493938,117,449910.0,443583.0,45506.0,40825.0,20408.369843,1137834.792353,105719.114304,1212368.669743
LGXRFD,0.1,重复正功率>0分段,标记为异常分段,重复正功率>0｜标记为异常分段,52,0.4444444444444444,7364.0,0.01636771798804205,7343.0,0.016553835471602833,4909.0,4391.0,-518.0,0.0,6416.219083,1128121.6426499998,1121705.4235669998,0.0,0.0,9648.35865,1130713.9218199998,1121065.5631699997,0.0,0.0,117,449910.0,443583.0,45506.0,40825.0,20408.369843,1137834.792353,105719.114304,1212368.669743
LGXRFD,0.1,重复正功率=0，且冻结风机数>0,正常,重复正功率=0且冻结风机数>0｜正常,0,0.0,0.0,0.0,0.0,0.0,0.0,0.0,0.0,0.0,0.0,0.0,0.0,0.0,,0.0,0.0,0.0,0.0,,117,449910.0,443583.0,45506.0,40825.0,20408.369843,1137834.792353,105719.114304,1212368.669743
LGXRFD,0.1,重复正功率=0，且冻结风机数>0,标记为异常分段,重复正功率=0且冻结风机数>0｜标记为异常分段,0,0.0,0.0,0.0,0.0,0.0,0.0,0.0,0.0,0.0,0.0,0.0,0.0,0.0,,0.0,0.0,0.0,0.0,,117,449910.0,443583.0,45506.0,40825.0,20408.369843,1137834.792353,105719.114304,1212368.669743
LGXRFD,0.1,重复正功率=0，且冻结风机数=0,正常,重复正功率=0且冻结风机数=0｜正常,31,0.26495726495726496,336222.0,0.7473094618923785,330105.0,0.7441786542766518,26488.0,26488.0,0.0,0.0,6809.919016000001,6809.919016000001,0.0,0.0,0.0,62092.553994,62092.553994,0.0,0.0,0.0,117,449910.0,443583.0,45506.0,40825.0,20408.369843,1137834.792353,105719.114304,1212368.669743
LGXRFD,0.1,重复正功率=0，且冻结风机数=0,标记为异常分段,重复正功率=0且冻结风机数=0｜标记为异常分段,11,0.09401709401709402,67166.0,0.14928763530483874,67003.0,0.15104952173550384,7675.0,7675.0,0.0,0.0,2118.6028,2118.6028,0.0,0.0,0.0,15278.027433000001,15278.027433000001,0.0,0.0,0.0,117,449910.0,443583.0,45506.0,40825.0,20408.369843,1137834.792353,105719.114304,1212368.669743
LGXRFD,0.11,重复正功率>0分段,保留（不修正）,重复正功率>0｜保留（不修正）,13,0.1111111111111111,1077.0,0.002393812095752484,1076.0,0.002425701616157517,90.0,425.0,335.0,0.0,11.882531,174.176318,162.293787,0.0,0.0,249.94708,504.047592,254.100512,0.0,0.0,117,449910.0,443583.0,45506.0,40825.0,20408.369843,1137834.792353,105719.114304,1212368.669743
LGXRFD,0.11,重复正功率>0分段,修正后保留,重复正功率>0｜修正后保留,11,0.09401709401709402,38163.0,0.08482363139294526,38138.0,0.08597714520168717,6353.0,1895.0,-4458.0,4464.0,5053.888549,619.265804,-4434.622745000001,4435.880679,0.8777163635469792,18471.672104999998,3825.549694,-14646.122410999998,14646.122411,0.7928964052493938,117,449910.0,443583.0,45506.0,40825.0,20408.369843,1137834.792353,105719.114304,1212368.669743
LGXRFD,0.11,重复正功率>0分段,标记为异常分段,重复正功率>0｜标记为异常分段,51,0.4358974358974359,7282.0,0.01618545931408504,7261.0,0.016368977169999754,4900.0,4342.0,-558.0,0.0,6414.076947000001,1128112.8284149999,1121698.7514679998,0.0,0.0,9626.913692,1130668.4910299997,1121041.5773379996,0.0,0.0,117,449910.0,443583.0,45506.0,40825.0,20408.369843,1137834.792353,105719.114304,1212368.669743
LGXRFD,0.11,重复正功率=0，且冻结风机数>0,正常,重复正功率=0且冻结风机数>0｜正常,0,0.0,0.0,0.0,0.0,0.0,0.0,0.0,0.0,0.0,0.0,0.0,0.0,0.0,,0.0,0.0,0.0,0.0,,117,449910.0,443583.0,45506.0,40825.0,20408.369843,1137834.792353,105719.114304,1212368.669743
LGXRFD,0.11,重复正功率=0，且冻结风机数>0,标记为异常分段,重复正功率=0且冻结风机数>0｜标记为异常分段,0,0.0,0.0,0.0,0.0,0.0,0.0,0.0,0.0,0.0,0.0,0.0,0.0,0.0,,0.0,0.0,0.0,0.0,,117,449910.0,443583.0,45506.0,40825.0,20408.369843,1137834.792353,105719.114304,1212368.669743
LGXRFD,0.11,重复正功率=0，且冻结风机数=0,正常,重复正功率=0且冻结风机数=0｜正常,34,0.2905982905982906,388197.0,0.8628325665133026,382008.0,0.8611871960828075,32071.0,32071.0,0.0,0.0,8313.354032,8313.354032,0.0,0.0,0.0,73820.246189,73820.246189,0.0,0.0,0.0,117,449910.0,443583.0,45506.0,40825.0,20408.369843,1137834.792353,105719.114304,1212368.669743
LGXRFD,0.11,重复正功率=0，且冻结风机数=0,标记为异常分段,重复正功率=0且冻结风机数=0｜标记为异常分段,8,0.06837606837606838,15191.0,0.03376453068391456,15100.0,0.034040979929348056,2092.0,2092.0,0.0,0.0,615.167784,615.167784,0.0,0.0,0.0,3550.335238,3550.335238,0.0,0.0,0.0,117,449910.0,443583.0,45506.0,40825.0,20408.369843,1137834.792353,105719.114304,1212368.669743
LGXRFD,0.12,重复正功率>0分段,保留（不修正）,重复正功率>0｜保留（不修正）,14,0.11965811965811966,1095.0,0.002433820097352804,1094.0,0.0024662802677289258,92.0,434.0,342.0,0.0,12.198981,175.642932,163.443951,0.0,0.0,254.415485,513.0523460000001,258.63686100000007,0.0,0.0,117,449910.0,443583.0,45506.0,40825.0,20408.369843,1137834.792353,105719.114304,1212368.669743
LGXRFD,0.12,重复正功率>0分段,修正后保留,重复正功率>0｜修正后保留,11,0.09401709401709402,38163.0,0.08482363139294526,38138.0,0.08597714520168717,6353.0,1895.0,-4458.0,4464.0,5053.888549,619.265804,-4434.622745000001,4435.880679,0.8777163635469792,18471.672104999998,3825.549694,-14646.122410999998,14646.122411,0.7928964052493938,117,449910.0,443583.0,45506.0,40825.0,20408.369843,1137834.792353,105719.114304,1212368.669743
LGXRFD,0.12,重复正功率>0分段,标记为异常分段,重复正功率>0｜标记为异常分段,50,0.42735042735042733,7264.0,0.01614545131248472,7243.0,0.016328398518428343,4898.0,4333.0,-565.0,0.0,6413.760497000001,1128111.3618009998,1121697.6013039998,0.0,0.0,9622.445287,1130659.4862759998,1121037.040989,0.0,0.0,117,449910.0,443583.0,45506.0,40825.0,20408.369843,1137834.792353,105719.114304,1212368.669743
LGXRFD,0.12,重复正功率=0，且冻结风机数>0,正常,重复正功率=0且冻结风机数>0｜正常,0,0.0,0.0,0.0,0.0,0.0,0.0,0.0,0.0,0.0,0.0,0.0,0.0,0.0,,0.0,0.0,0.0,0.0,,117,449910.0,443583.0,45506.0,40825.0,20408.369843,1137834.792353,105719.114304,1212368.669743
LGXRFD,0.12,重复正功率=0，且冻结风机数>0,标记为异常分段,重复正功率=0且冻结风机数>0｜标记为异常分段,0,0.0,0.0,0.0,0.0,0.0,0.0,0.0,0.0,0.0,0.0,0.0,0.0,0.0,,0.0,0.0,0.0,0.0,,117,449910.0,443583.0,45506.0,40825.0,20408.369843,1137834.792353,105719.114304,1212368.669743
LGXRFD,0.12,重复正功率=0，且冻结风机数=0,正常,重复正功率=0且冻结风机数=0｜正常,35,0.29914529914529914,391258.0,0.8696361494521127,385069.0,0.8680878212194787,32418.0,32418.0,0.0,0.0,8383.815974000001,8383.815974000001,0.0,0.0,0.0,74549.56319,74549.56319,0.0,0.0,0.0,117,449910.0,443583.0,45506.0,40825.0,20408.369843,1137834.792353,105719.114304,1212368.669743
LGXRFD,0.12,重复正功率=0，且冻结风机数=0,标记为异常分段,重复正功率=0且冻结风机数=0｜标记为异常分段,7,0.05982905982905983,12130.0,0.026960947745104578,12039.0,0.027140354792676905,1745.0,1745.0,0.0,0.0,544.705842,544.705842,0.0,0.0,0.0,2821.0182369999998,2821.0182369999998,0.0,0.0,0.0,117,449910.0,443583.0,45506.0,40825.0,20408.369843,1137834.792353,105719.114304,1212368.669743
LGXRFD,0.13,重复正功率>0分段,保留（不修正）,重复正功率>0｜保留（不修正）,14,0.11965811965811966,1095.0,0.002433820097352804,1094.0,0.0024662802677289258,92.0,434.0,342.0,0.0,12.198981,175.642932,163.443951,0.0,0.0,254.415485,513.0523460000001,258.63686100000007,0.0,0.0,117,449910.0,443583.0,45506.0,40825.0,20408.369843,1137834.792353,105719.114304,1212368.669743
LGXRFD,0.13,重复正功率>0分段,修正后保留,重复正功率>0｜修正后保留,11,0.09401709401709402,38163.0,0.08482363139294526,38138.0,0.08597714520168717,6353.0,1895.0,-4458.0,4464.0,5053.888549,619.265804,-4434.622745000001,4435.880679,0.8777163635469792,18471.672104999998,3825.549694,-14646.122410999998,14646.122411,0.7928964052493938,117,449910.0,443583.0,45506.0,40825.0,20408.369843,1137834.792353,105719.114304,1212368.669743
LGXRFD,0.13,重复正功率>0分段,标记为异常分段,重复正功率>0｜标记为异常分段,50,0.42735042735042733,7264.0,0.01614545131248472,7243.0,0.016328398518428343,4898.0,4333.0,-565.0,0.0,6413.760497000001,1128111.3618009998,1121697.6013039998,0.0,0.0,9622.445287,1130659.4862759998,1121037.040989,0.0,0.0,117,449910.0,443583.0,45506.0,40825.0,20408.369843,1137834.792353,105719.114304,1212368.669743
LGXRFD,0.13,重复正功率=0，且冻结风机数>0,正常,重复正功率=0且冻结风机数>0｜正常,0,0.0,0.0,0.0,0.0,0.0,0.0,0.0,0.0,0.0,0.0,0.0,0.0,0.0,,0.0,0.0,0.0,0.0,,117,449910.0,443583.0,45506.0,40825.0,20408.369843,1137834.792353,105719.114304,1212368.669743
LGXRFD,0.13,重复正功率=0，且冻结风机数>0,标记为异常分段,重复正功率=0且冻结风机数>0｜标记为异常分段,0,0.0,0.0,0.0,0.0,0.0,0.0,0.0,0.0,0.0,0.0,0.0,0.0,0.0,,0.0,0.0,0.0,0.0,,117,449910.0,443583.0,45506.0,40825.0,20408.369843,1137834.792353,105719.114304,1212368.669743
LGXRFD,0.13,重复正功率=0，且冻结风机数=0,正常,重复正功率=0且冻结风机数=0｜正常,36,0.3076923076923077,396422.0,0.8811140005778934,390154.0,0.8795512902884015,33057.0,33057.0,0.0,0.0,8560.282751,8560.282751,0.0,0.0,0.0,75667.38497099999,75667.38497099999,0.0,0.0,0.0,117,449910.0,443583.0,45506.0,40825.0,20408.369843,1137834.792353,105719.114304,1212368.669743
LGXRFD,0.13,重复正功率=0，且冻结风机数=0,标记为异常分段,重复正功率=0且冻结风机数=0｜标记为异常分段,6,0.05128205128205128,6966.0,0.015483096619323865,6954.0,0.015676885723754065,1106.0,1106.0,0.0,0.0,368.2390649999999,368.2390649999999,0.0,0.0,0.0,1703.1964560000001,1703.1964560000001,0.0,0.0,0.0,117,449910.0,443583.0,45506.0,40825.0,20408.369843,1137834.792353,105719.114304,1212368.669743
LGXRFD,0.14,重复正功率>0分段,保留（不修正）,重复正功率>0｜保留（不修正）,14,0.11965811965811966,1095.0,0.002433820097352804,1094.0,0.0024662802677289258,92.0,434.0,342.0,0.0,12.198981,175.642932,163.443951,0.0,0.0,254.415485,513.0523460000001,258.63686100000007,0.0,0.0,117,449910.0,443583.0,45506.0,40825.0,20408.369843,1137834.792353,105719.114304,1212368.669743
LGXRFD,0.14,重复正功率>0分段,修正后保留,重复正功率>0｜修正后保留,11,0.09401709401709402,38163.0,0.08482363139294526,38138.0,0.08597714520168717,6353.0,1895.0,-4458.0,4464.0,5053.888549,619.265804,-4434.622745000001,4435.880679,0.8777163635469792,18471.672104999998,3825.549694,-14646.122410999998,14646.122411,0.7928964052493938,117,449910.0,443583.0,45506.0,40825.0,20408.369843,1137834.792353,105719.114304,1212368.669743
LGXRFD,0.14,重复正功率>0分段,标记为异常分段,重复正功率>0｜标记为异常分段,50,0.42735042735042733,7264.0,0.01614545131248472,7243.0,0.016328398518428343,4898.0,4333.0,-565.0,0.0,6413.760497000001,1128111.3618009998,1121697.6013039998,0.0,0.0,9622.445287,1130659.4862759998,1121037.040989,0.0,0.0,117,449910.0,443583.0,45506.0,40825.0,20408.369843,1137834.792353,105719.114304,1212368.669743
LGXRFD,0.14,重复正功率=0，且冻结风机数>0,正常,重复正功率=0且冻结风机数>0｜正常,0,0.0,0.0,0.0,0.0,0.0,0.0,0.0,0.0,0.0,0.0,0.0,0.0,0.0,,0.0,0.0,0.0,0.0,,117,449910.0,443583.0,45506.0,40825.0,20408.369843,1137834.792353,105719.114304,1212368.669743
LGXRFD,0.14,重复正功率=0，且冻结风机数>0,标记为异常分段,重复正功率=0且冻结风机数>0｜标记为异常分段,0,0.0,0.0,0.0,0.0,0.0,0.0,0.0,0.0,0.0,0.0,0.0,0.0,0.0,,0.0,0.0,0.0,0.0,,117,449910.0,443583.0,45506.0,40825.0,20408.369843,1137834.792353,105719.114304,1212368.669743
LGXRFD,0.14,重复正功率=0，且冻结风机数=0,正常,重复正功率=0且冻结风机数=0｜正常,36,0.3076923076923077,396422.0,0.8811140005778934,390154.0,0.8795512902884015,33057.0,33057.0,0.0,0.0,8560.282751,8560.282751,0.0,0.0,0.0,75667.38497099999,75667.38497099999,0.0,0.0,0.0,117,449910.0,443583.0,45506.0,40825.0,20408.369843,1137834.792353,105719.114304,1212368.669743
LGXRFD,0.14,重复正功率=0，且冻结风机数=0,标记为异常分段,重复正功率=0且冻结风机数=0｜标记为异常分段,6,0.05128205128205128,6966.0,0.015483096619323865,6954.0,0.015676885723754065,1106.0,1106.0,0.0,0.0,368.2390649999999,368.2390649999999,0.0,0.0,0.0,1703.1964560000001,1703.1964560000001,0.0,0.0,0.0,117,449910.0,443583.0,45506.0,40825.0,20408.369843,1137834.792353,105719.114304,1212368.669743
LGXRFD,0.15,重复正功率>0分段,保留（不修正）,重复正功率>0｜保留（不修正）,15,0.1282051282051282,1102.0,0.002449378764641817,1101.0,0.00248206085445114,93.0,441.0,348.0,0.0,12.651753000000001,182.13207300000002,169.48032,0.0,0.0,256.56746000000004,523.190075,266.62261499999994,0.0,0.0,117,449910.0,443583.0,45506.0,40825.0,20408.369843,1137834.792353,105719.114304,1212368.669743
LGXRFD,0.15,重复正功率>0分段,修正后保留,重复正功率>0｜修正后保留,12,0.10256410256410256,39642.0,0.08811095552443822,39617.0,0.08931135773913788,7730.0,2116.0,-5614.0,5620.0,7752.189132,674.633595,-7077.555537,7078.8134709999995,0.9131373539094401,22022.713871999997,4228.108343,-17794.605528999997,17794.605529,0.8080114754441924,117,449910.0,443583.0,45506.0,40825.0,20408.369843,1137834.792353,105719.114304,1212368.669743
LGXRFD,0.15,重复正功率>0分段,标记为异常分段,重复正功率>0｜标记为异常分段,48,0.41025641025641024,5778.0,0.01284256851370274,5757.0,0.012978405394255415,3520.0,4105.0,585.0,0.0,3715.007142,1128049.504869,1124334.4977270002,0.0,0.0,6069.251544999999,1130246.789898,1124177.538353,0.0,0.0,117,449910.0,443583.0,45506.0,40825.0,20408.369843,1137834.792353,105719.114304,1212368.669743
LGXRFD,0.15,重复正功率=0，且冻结风机数>0,正常,重复正功率=0且冻结风机数>0｜正常,0,0.0,0.0,0.0,0.0,0.0,0.0,0.0,0.0,0.0,0.0,0.0,0.0,0.0,,0.0,0.0,0.0,0.0,,117,449910.0,443583.0,45506.0,40825.0,20408.369843,1137834.792353,105719.114304,1212368.669743
LGXRFD,0.15,重复正功率=0，且冻结风机数>0,标记为异常分段,重复正功率=0且冻结风机数>0｜标记为异常分段,0,0.0,0.0,0.0,0.0,0.0,0.0,0.0,0.0,0.0,0.0,0.0,0.0,0.0,,0.0,0.0,0.0,0.0,,117,449910.0,443583.0,45506.0,40825.0,20408.369843,1137834.792353,105719.114304,1212368.669743
LGXRFD,0.15,重复正功率=0，且冻结风机数=0,正常,重复正功率=0且冻结风机数=0｜正常,36,0.3076923076923077,396422.0,0.8811140005778934,390154.0,0.8795512902884015,33057.0,33057.0,0.0,0.0,8560.282751,8560.282751,0.0,0.0,0.0,75667.38497099999,75667.38497099999,0.0,0.0,0.0,117,449910.0,443583.0,45506.0,40825.0,20408.369843,1137834.792353,105719.114304,1212368.669743
LGXRFD,0.15,重复正功率=0，且冻结风机数=0,标记为异常分段,重复正功率=0且冻结风机数=0｜标记为异常分段,6,0.05128205128205128,6966.0,0.015483096619323865,6954.0,0.015676885723754065,1106.0,1106.0,0.0,0.0,368.2390649999999,368.2390649999999,0.0,0.0,0.0,1703.1964560000001,1703.1964560000001,0.0,0.0,0.0,117,449910.0,443583.0,45506.0,40825.0,20408.369843,1137834.792353,105719.114304,1212368.669743
LGXRFD,0.16,重复正功率>0分段,保留（不修正）,重复正功率>0｜保留（不修正）,15,0.1282051282051282,1102.0,0.002449378764641817,1101.0,0.00248206085445114,93.0,441.0,348.0,0.0,12.651753000000001,182.13207300000002,169.48032,0.0,0.0,256.56746000000004,523.190075,266.62261499999994,0.0,0.0,117,449910.0,443583.0,45506.0,40825.0,20408.369843,1137834.792353,105719.114304,1212368.669743
LGXRFD,0.16,重复正功率>0分段,修正后保留,重复正功率>0｜修正后保留,12,0.10256410256410256,39642.0,0.08811095552443822,39617.0,0.08931135773913788,7730.0,2116.0,-5614.0,5620.0,7752.189132,674.633595,-7077.555537,7078.8134709999995,0.9131373539094401,22022.713871999997,4228.108343,-17794.605528999997,17794.605529,0.8080114754441924,117,449910.0,443583.0,45506.0,40825.0,20408.369843,1137834.792353,105719.114304,1212368.669743
LGXRFD,0.16,重复正功率>0分段,标记为异常分段,重复正功率>0｜标记为异常分段,48,0.41025641025641024,5778.0,0.01284256851370274,5757.0,0.012978405394255415,3520.0,4105.0,585.0,0.0,3715.007142,1128049.504869,1124334.4977270002,0.0,0.0,6069.251544999999,1130246.789898,1124177.538353,0.0,0.0,117,449910.0,443583.0,45506.0,40825.0,20408.369843,1137834.792353,105719.114304,1212368.669743
LGXRFD,0.16,重复正功率=0，且冻结风机数>0,正常,重复正功率=0且冻结风机数>0｜正常,0,0.0,0.0,0.0,0.0,0.0,0.0,0.0,0.0,0.0,0.0,0.0,0.0,0.0,,0.0,0.0,0.0,0.0,,117,449910.0,443583.0,45506.0,40825.0,20408.369843,1137834.792353,105719.114304,1212368.669743
LGXRFD,0.16,重复正功率=0，且冻结风机数>0,标记为异常分段,重复正功率=0且冻结风机数>0｜标记为异常分段,0,0.0,0.0,0.0,0.0,0.0,0.0,0.0,0.0,0.0,0.0,0.0,0.0,0.0,,0.0,0.0,0.0,0.0,,117,449910.0,443583.0,45506.0,40825.0,20408.369843,1137834.792353,105719.114304,1212368.669743
LGXRFD,0.16,重复正功率=0，且冻结风机数=0,正常,重复正功率=0且冻结风机数=0｜正常,37,0.3162393162393162,402463.0,0.8945411304483118,396195.0,0.8931699366296725,33989.0,33989.0,0.0,0.0,8873.303605999998,8873.303605999998,0.0,0.0,0.0,77121.465513,77121.465513,0.0,0.0,0.0,117,449910.0,443583.0,45506.0,40825.0,20408.369843,1137834.792353,105719.114304,1212368.669743
LGXRFD,0.16,重复正功率=0，且冻结风机数=0,标记为异常分段,重复正功率=0且冻结风机数=0｜标记为异常分段,5,0.042735042735042736,925.0,0.002055966748905337,913.0,0.002058239382483098,174.0,174.0,0.0,0.0,55.21821,55.21821,0.0,0.0,0.0,249.11591399999998,249.11591399999998,0.0,0.0,0.0,117,449910.0,443583.0,45506.0,40825.0,20408.369843,1137834.792353,105719.114304,1212368.669743
LGXRFD,0.17,重复正功率>0分段,保留（不修正）,重复正功率>0｜保留（不修正）,16,0.13675213675213677,1108.0,0.0024627147651752573,1107.0,0.0024955870716416094,94.0,446.0,352.0,0.0,12.684458,185.251672,172.567214,0.0,0.0,257.844963,529.33567,271.49070700000004,0.0,0.0,117,449910.0,443583.0,45506.0,40825.0,20408.369843,1137834.792353,105719.114304,1212368.669743
LGXRFD,0.17,重复正功率>0分段,修正后保留,重复正功率>0｜修正后保留,12,0.10256410256410256,39642.0,0.08811095552443822,39617.0,0.08931135773913788,7730.0,2116.0,-5614.0,5620.0,7752.189132,674.633595,-7077.555537,7078.8134709999995,0.9131373539094401,22022.713871999997,4228.108343,-17794.605528999997,17794.605529,0.8080114754441924,117,449910.0,443583.0,45506.0,40825.0,20408.369843,1137834.792353,105719.114304,1212368.669743
LGXRFD,0.17,重复正功率>0分段,标记为异常分段,重复正功率>0｜标记为异常分段,47,0.4017094017094017,5772.0,0.0128292325131693,5751.0,0.012964879177064946,3519.0,4100.0,581.0,0.0,3714.9744370000003,1128046.38527,1124331.410833,0.0,0.0,6067.974042,1130240.644303,1124172.670261,0.0,0.0,117,449910.0,443583.0,45506.0,40825.0,20408.369843,1137834.792353,105719.114304,1212368.669743
LGXRFD,0.17,重复正功率=0，且冻结风机数>0,正常,重复正功率=0且冻结风机数>0｜正常,0,0.0,0.0,0.0,0.0,0.0,0.0,0.0,0.0,0.0,0.0,0.0,0.0,0.0,,0.0,0.0,0.0,0.0,,117,449910.0,443583.0,45506.0,40825.0,20408.369843,1137834.792353,105719.114304,1212368.669743
LGXRFD,0.17,重复正功率=0，且冻结风机数>0,标记为异常分段,重复正功率=0且冻结风机数>0｜标记为异常分段,0,0.0,0.0,0.0,0.0,0.0,0.0,0.0,0.0,0.0,0.0,0.0,0.0,0.0,,0.0,0.0,0.0,0.0,,117,449910.0,443583.0,45506.0,40825.0,20408.369843,1137834.792353,105719.114304,1212368.669743
LGXRFD,0.17,重复正功率=0，且冻结风机数=0,正常,重复正功率=0且冻结风机数=0｜正常,38,0.3247863247863248,403047.0,0.8958391678335668,396779.0,0.8944864884362115,34085.0,34085.0,0.0,0.0,8881.860979999998,8881.860979999998,0.0,0.0,0.0,77242.37149800001,77242.37149800001,0.0,0.0,0.0,117,449910.0,443583.0,45506.0,40825.0,20408.369843,1137834.792353,105719.114304,1212368.669743
LGXRFD,0.17,重复正功率=0，且冻结风机数=0,标记为异常分段,重复正功率=0且冻结风机数=0｜标记为异常分段,4,0.03418803418803419,341.0,0.0007579293636505079,329.0,0.0007416875759440736,78.0,78.0,0.0,0.0,46.660835999999996,46.660835999999996,0.0,0.0,0.0,128.209929,128.209929,0.0,0.0,0.0,117,449910.0,443583.0,45506.0,40825.0,20408.369843,1137834.792353,105719.114304,1212368.669743
LGXRFD,0.18,重复正功率>0分段,保留（不修正）,重复正功率>0｜保留（不修正）,16,0.13675213675213677,1108.0,0.0024627147651752573,1107.0,0.0024955870716416094,94.0,446.0,352.0,0.0,12.684458,185.251672,172.567214,0.0,0.0,257.844963,529.33567,271.49070700000004,0.0,0.0,117,449910.0,443583.0,45506.0,40825.0,20408.369843,1137834.792353,105719.114304,1212368.669743
LGXRFD,0.18,重复正功率>0分段,修正后保留,重复正功率>0｜修正后保留,12,0.10256410256410256,39642.0,0.08811095552443822,39617.0,0.08931135773913788,7730.0,2116.0,-5614.0,5620.0,7752.189132,674.633595,-7077.555537,7078.8134709999995,0.9131373539094401,22022.713871999997,4228.108343,-17794.605528999997,17794.605529,0.8080114754441924,117,449910.0,443583.0,45506.0,40825.0,20408.369843,1137834.792353,105719.114304,1212368.669743
LGXRFD,0.18,重复正功率>0分段,标记为异常分段,重复正功率>0｜标记为异常分段,47,0.4017094017094017,5772.0,0.0128292325131693,5751.0,0.012964879177064946,3519.0,4100.0,581.0,0.0,3714.9744370000003,1128046.38527,1124331.410833,0.0,0.0,6067.974042,1130240.644303,1124172.670261,0.0,0.0,117,449910.0,443583.0,45506.0,40825.0,20408.369843,1137834.792353,105719.114304,1212368.669743
LGXRFD,0.18,重复正功率=0，且冻结风机数>0,正常,重复正功率=0且冻结风机数>0｜正常,0,0.0,0.0,0.0,0.0,0.0,0.0,0.0,0.0,0.0,0.0,0.0,0.0,0.0,,0.0,0.0,0.0,0.0,,117,449910.0,443583.0,45506.0,40825.0,20408.369843,1137834.792353,105719.114304,1212368.669743
LGXRFD,0.18,重复正功率=0，且冻结风机数>0,标记为异常分段,重复正功率=0且冻结风机数>0｜标记为异常分段,0,0.0,0.0,0.0,0.0,0.0,0.0,0.0,0.0,0.0,0.0,0.0,0.0,0.0,,0.0,0.0,0.0,0.0,,117,449910.0,443583.0,45506.0,40825.0,20408.369843,1137834.792353,105719.114304,1212368.669743
LGXRFD,0.18,重复正功率=0，且冻结风机数=0,正常,重复正功率=0且冻结风机数=0｜正常,39,0.3333333333333333,403171.0,0.8961147785112578,396896.0,0.8947502496714257,34107.0,34107.0,0.0,0.0,8885.102834999998,8885.102834999998,0.0,0.0,0.0,77274.03053,77274.03053,0.0,0.0,0.0,117,449910.0,443583.0,45506.0,40825.0,20408.369843,1137834.792353,105719.114304,1212368.669743
LGXRFD,0.18,重复正功率=0，且冻结风机数=0,标记为异常分段,重复正功率=0且冻结风机数=0｜标记为异常分段,3,0.02564102564102564,217.0,0.0004823186859594141,212.0,0.00047792634072991975,56.0,56.0,0.0,0.0,43.418980999999995,43.418980999999995,0.0,0.0,0.0,96.55089699999999,96.55089699999999,0.0,0.0,0.0,117,449910.0,443583.0,45506.0,40825.0,20408.369843,1137834.792353,105719.114304,1212368.669743
LGXRFD,0.19,重复正功率>0分段,保留（不修正）,重复正功率>0｜保留（不修正）,16,0.13675213675213677,1108.0,0.0024627147651752573,1107.0,0.0024955870716416094,94.0,446.0,352.0,0.0,12.684458,185.251672,172.567214,0.0,0.0,257.844963,529.33567,271.49070700000004,0.0,0.0,117,449910.0,443583.0,45506.0,40825.0,20408.369843,1137834.792353,105719.114304,1212368.669743
LGXRFD,0.19,重复正功率>0分段,修正后保留,重复正功率>0｜修正后保留,12,0.10256410256410256,39642.0,0.08811095552443822,39617.0,0.08931135773913788,7730.0,2116.0,-5614.0,5620.0,7752.189132,674.633595,-7077.555537,7078.8134709999995,0.9131373539094401,22022.713871999997,4228.108343,-17794.605528999997,17794.605529,0.8080114754441924,117,449910.0,443583.0,45506.0,40825.0,20408.369843,1137834.792353,105719.114304,1212368.669743
LGXRFD,0.19,重复正功率>0分段,标记为异常分段,重复正功率>0｜标记为异常分段,47,0.4017094017094017,5772.0,0.0128292325131693,5751.0,0.012964879177064946,3519.0,4100.0,581.0,0.0,3714.9744370000003,1128046.38527,1124331.410833,0.0,0.0,6067.974042,1130240.644303,1124172.670261,0.0,0.0,117,449910.0,443583.0,45506.0,40825.0,20408.369843,1137834.792353,105719.114304,1212368.669743
LGXRFD,0.19,重复正功率=0，且冻结风机数>0,正常,重复正功率=0且冻结风机数>0｜正常,0,0.0,0.0,0.0,0.0,0.0,0.0,0.0,0.0,0.0,0.0,0.0,0.0,0.0,,0.0,0.0,0.0,0.0,,117,449910.0,443583.0,45506.0,40825.0,20408.369843,1137834.792353,105719.114304,1212368.669743
LGXRFD,0.19,重复正功率=0，且冻结风机数>0,标记为异常分段,重复正功率=0且冻结风机数>0｜标记为异常分段,0,0.0,0.0,0.0,0.0,0.0,0.0,0.0,0.0,0.0,0.0,0.0,0.0,0.0,,0.0,0.0,0.0,0.0,,117,449910.0,443583.0,45506.0,40825.0,20408.369843,1137834.792353,105719.114304,1212368.669743
LGXRFD,0.19,重复正功率=0，且冻结风机数=0,正常,重复正功率=0且冻结风机数=0｜正常,39,0.3333333333333333,403171.0,0.8961147785112578,396896.0,0.8947502496714257,34107.0,34107.0,0.0,0.0,8885.102834999998,8885.102834999998,0.0,0.0,0.0,77274.03053,77274.03053,0.0,0.0,0.0,117,449910.0,443583.0,45506.0,40825.0,20408.369843,1137834.792353,105719.114304,1212368.669743
LGXRFD,0.19,重复正功率=0，且冻结风机数=0,标记为异常分段,重复正功率=0且冻结风机数=0｜标记为异常分段,3,0.02564102564102564,217.0,0.0004823186859594141,212.0,0.00047792634072991975,56.0,56.0,0.0,0.0,43.418980999999995,43.418980999999995,0.0,0.0,0.0,96.55089699999999,96.55089699999999,0.0,0.0,0.0,117,449910.0,443583.0,45506.0,40825.0,20408.369843,1137834.792353,105719.114304,1212368.669743
LGXRFD,0.2,重复正功率>0分段,保留（不修正）,重复正功率>0｜保留（不修正）,16,0.13675213675213677,1108.0,0.0024627147651752573,1107.0,0.0024955870716416094,94.0,446.0,352.0,0.0,12.684458,185.251672,172.567214,0.0,0.0,257.844963,529.33567,271.49070700000004,0.0,0.0,117,449910.0,443583.0,45506.0,40825.0,20408.369843,1137834.792353,105719.114304,1212368.669743
LGXRFD,0.2,重复正功率>0分段,修正后保留,重复正功率>0｜修正后保留,12,0.10256410256410256,39642.0,0.08811095552443822,39617.0,0.08931135773913788,7730.0,2116.0,-5614.0,5620.0,7752.189132,674.633595,-7077.555537,7078.8134709999995,0.9131373539094401,22022.713871999997,4228.108343,-17794.605528999997,17794.605529,0.8080114754441924,117,449910.0,443583.0,45506.0,40825.0,20408.369843,1137834.792353,105719.114304,1212368.669743
LGXRFD,0.2,重复正功率>0分段,标记为异常分段,重复正功率>0｜标记为异常分段,47,0.4017094017094017,5772.0,0.0128292325131693,5751.0,0.012964879177064946,3519.0,4100.0,581.0,0.0,3714.9744370000003,1128046.38527,1124331.410833,0.0,0.0,6067.974042,1130240.644303,1124172.670261,0.0,0.0,117,449910.0,443583.0,45506.0,40825.0,20408.369843,1137834.792353,105719.114304,1212368.669743
LGXRFD,0.2,重复正功率=0，且冻结风机数>0,正常,重复正功率=0且冻结风机数>0｜正常,0,0.0,0.0,0.0,0.0,0.0,0.0,0.0,0.0,0.0,0.0,0.0,0.0,0.0,,0.0,0.0,0.0,0.0,,117,449910.0,443583.0,45506.0,40825.0,20408.369843,1137834.792353,105719.114304,1212368.669743
LGXRFD,0.2,重复正功率=0，且冻结风机数>0,标记为异常分段,重复正功率=0且冻结风机数>0｜标记为异常分段,0,0.0,0.0,0.0,0.0,0.0,0.0,0.0,0.0,0.0,0.0,0.0,0.0,0.0,,0.0,0.0,0.0,0.0,,117,449910.0,443583.0,45506.0,40825.0,20408.369843,1137834.792353,105719.114304,1212368.669743
LGXRFD,0.2,重复正功率=0，且冻结风机数=0,正常,重复正功率=0且冻结风机数=0｜正常,39,0.3333333333333333,403171.0,0.8961147785112578,396896.0,0.8947502496714257,34107.0,34107.0,0.0,0.0,8885.102834999998,8885.102834999998,0.0,0.0,0.0,77274.03053,77274.03053,0.0,0.0,0.0,117,449910.0,443583.0,45506.0,40825.0,20408.369843,1137834.792353,105719.114304,1212368.669743
LGXRFD,0.2,重复正功率=0，且冻结风机数=0,标记为异常分段,重复正功率=0且冻结风机数=0｜标记为异常分段,3,0.02564102564102564,217.0,0.0004823186859594141,212.0,0.00047792634072991975,56.0,56.0,0.0,0.0,43.418980999999995,43.418980999999995,0.0,0.0,0.0,96.55089699999999,96.55089699999999,0.0,0.0,0.0,117,449910.0,443583.0,45506.0,40825.0,20408.369843,1137834.792353,105719.114304,1212368.669743
LGXRFD,0.21,重复正功率>0分段,保留（不修正）,重复正功率>0｜保留（不修正）,16,0.13675213675213677,1108.0,0.0024627147651752573,1107.0,0.0024955870716416094,94.0,446.0,352.0,0.0,12.684458,185.251672,172.567214,0.0,0.0,257.844963,529.33567,271.49070700000004,0.0,0.0,117,449910.0,443583.0,45506.0,40825.0,20408.369843,1137834.792353,105719.114304,1212368.669743
LGXRFD,0.21,重复正功率>0分段,修正后保留,重复正功率>0｜修正后保留,12,0.10256410256410256,39642.0,0.08811095552443822,39617.0,0.08931135773913788,7730.0,2116.0,-5614.0,5620.0,7752.189132,674.633595,-7077.555537,7078.8134709999995,0.9131373539094401,22022.713871999997,4228.108343,-17794.605528999997,17794.605529,0.8080114754441924,117,449910.0,443583.0,45506.0,40825.0,20408.369843,1137834.792353,105719.114304,1212368.669743
LGXRFD,0.21,重复正功率>0分段,标记为异常分段,重复正功率>0｜标记为异常分段,47,0.4017094017094017,5772.0,0.0128292325131693,5751.0,0.012964879177064946,3519.0,4100.0,581.0,0.0,3714.9744370000003,1128046.38527,1124331.410833,0.0,0.0,6067.974042,1130240.644303,1124172.670261,0.0,0.0,117,449910.0,443583.0,45506.0,40825.0,20408.369843,1137834.792353,105719.114304,1212368.669743
LGXRFD,0.21,重复正功率=0，且冻结风机数>0,正常,重复正功率=0且冻结风机数>0｜正常,0,0.0,0.0,0.0,0.0,0.0,0.0,0.0,0.0,0.0,0.0,0.0,0.0,0.0,,0.0,0.0,0.0,0.0,,117,449910.0,443583.0,45506.0,40825.0,20408.369843,1137834.792353,105719.114304,1212368.669743
LGXRFD,0.21,重复正功率=0，且冻结风机数>0,标记为异常分段,重复正功率=0且冻结风机数>0｜标记为异常分段,0,0.0,0.0,0.0,0.0,0.0,0.0,0.0,0.0,0.0,0.0,0.0,0.0,0.0,,0.0,0.0,0.0,0.0,,117,449910.0,443583.0,45506.0,40825.0,20408.369843,1137834.792353,105719.114304,1212368.669743
LGXRFD,0.21,重复正功率=0，且冻结风机数=0,正常,重复正功率=0且冻结风机数=0｜正常,39,0.3333333333333333,403171.0,0.8961147785112578,396896.0,0.8947502496714257,34107.0,34107.0,0.0,0.0,8885.102834999998,8885.102834999998,0.0,0.0,0.0,77274.03053,77274.03053,0.0,0.0,0.0,117,449910.0,443583.0,45506.0,40825.0,20408.369843,1137834.792353,105719.114304,1212368.669743
LGXRFD,0.21,重复正功率=0，且冻结风机数=0,标记为异常分段,重复正功率=0且冻结风机数=0｜标记为异常分段,3,0.02564102564102564,217.0,0.0004823186859594141,212.0,0.00047792634072991975,56.0,56.0,0.0,0.0,43.418980999999995,43.418980999999995,0.0,0.0,0.0,96.55089699999999,96.55089699999999,0.0,0.0,0.0,117,449910.0,443583.0,45506.0,40825.0,20408.369843,1137834.792353,105719.114304,1212368.669743
LGXRFD,0.22,重复正功率>0分段,保留（不修正）,重复正功率>0｜保留（不修正）,16,0.13675213675213677,1108.0,0.0024627147651752573,1107.0,0.0024955870716416094,94.0,446.0,352.0,0.0,12.684458,185.251672,172.567214,0.0,0.0,257.844963,529.33567,271.49070700000004,0.0,0.0,117,449910.0,443583.0,45506.0,40825.0,20408.369843,1137834.792353,105719.114304,1212368.669743
LGXRFD,0.22,重复正功率>0分段,修正后保留,重复正功率>0｜修正后保留,12,0.10256410256410256,39642.0,0.08811095552443822,39617.0,0.08931135773913788,7730.0,2116.0,-5614.0,5620.0,7752.189132,674.633595,-7077.555537,7078.8134709999995,0.9131373539094401,22022.713871999997,4228.108343,-17794.605528999997,17794.605529,0.8080114754441924,117,449910.0,443583.0,45506.0,40825.0,20408.369843,1137834.792353,105719.114304,1212368.669743
LGXRFD,0.22,重复正功率>0分段,标记为异常分段,重复正功率>0｜标记为异常分段,47,0.4017094017094017,5772.0,0.0128292325131693,5751.0,0.012964879177064946,3519.0,4100.0,581.0,0.0,3714.9744370000003,1128046.38527,1124331.410833,0.0,0.0,6067.974042,1130240.644303,1124172.670261,0.0,0.0,117,449910.0,443583.0,45506.0,40825.0,20408.369843,1137834.792353,105719.114304,1212368.669743
LGXRFD,0.22,重复正功率=0，且冻结风机数>0,正常,重复正功率=0且冻结风机数>0｜正常,0,0.0,0.0,0.0,0.0,0.0,0.0,0.0,0.0,0.0,0.0,0.0,0.0,0.0,,0.0,0.0,0.0,0.0,,117,449910.0,443583.0,45506.0,40825.0,20408.369843,1137834.792353,105719.114304,1212368.669743
LGXRFD,0.22,重复正功率=0，且冻结风机数>0,标记为异常分段,重复正功率=0且冻结风机数>0｜标记为异常分段,0,0.0,0.0,0.0,0.0,0.0,0.0,0.0,0.0,0.0,0.0,0.0,0.0,0.0,,0.0,0.0,0.0,0.0,,117,449910.0,443583.0,45506.0,40825.0,20408.369843,1137834.792353,105719.114304,1212368.669743
LGXRFD,0.22,重复正功率=0，且冻结风机数=0,正常,重复正功率=0且冻结风机数=0｜正常,40,0.3418803418803419,403290.0,0.8963792758551711,397015.0,0.8950185196457033,34133.0,34133.0,0.0,0.0,8925.129496,8925.129496,0.0,0.0,0.0,77344.96109699999,77344.96109699999,0.0,0.0,0.0,117,449910.0,443583.0,45506.0,40825.0,20408.369843,1137834.792353,105719.114304,1212368.669743
LGXRFD,0.22,重复正功率=0，且冻结风机数=0,标记为异常分段,重复正功率=0且冻结风机数=0｜标记为异常分段,2,0.017094017094017096,98.0,0.00021782134204618702,93.0,0.00020965636645227612,30.0,30.0,0.0,0.0,3.39232,3.39232,0.0,0.0,0.0,25.620330000000003,25.620330000000003,0.0,0.0,0.0,117,449910.0,443583.0,45506.0,40825.0,20408.369843,1137834.792353,105719.114304,1212368.669743
LGXRFD,0.23,重复正功率>0分段,保留（不修正）,重复正功率>0｜保留（不修正）,16,0.13675213675213677,1108.0,0.0024627147651752573,1107.0,0.0024955870716416094,94.0,446.0,352.0,0.0,12.684458,185.251672,172.567214,0.0,0.0,257.844963,529.33567,271.49070700000004,0.0,0.0,117,449910.0,443583.0,45506.0,40825.0,20408.369843,1137834.792353,105719.114304,1212368.669743
LGXRFD,0.23,重复正功率>0分段,修正后保留,重复正功率>0｜修正后保留,12,0.10256410256410256,39642.0,0.08811095552443822,39617.0,0.08931135773913788,7730.0,2116.0,-5614.0,5620.0,7752.189132,674.633595,-7077.555537,7078.8134709999995,0.9131373539094401,22022.713871999997,4228.108343,-17794.605528999997,17794.605529,0.8080114754441924,117,449910.0,443583.0,45506.0,40825.0,20408.369843,1137834.792353,105719.114304,1212368.669743
LGXRFD,0.23,重复正功率>0分段,标记为异常分段,重复正功率>0｜标记为异常分段,47,0.4017094017094017,5772.0,0.0128292325131693,5751.0,0.012964879177064946,3519.0,4100.0,581.0,0.0,3714.9744370000003,1128046.38527,1124331.410833,0.0,0.0,6067.974042,1130240.644303,1124172.670261,0.0,0.0,117,449910.0,443583.0,45506.0,40825.0,20408.369843,1137834.792353,105719.114304,1212368.669743
LGXRFD,0.23,重复正功率=0，且冻结风机数>0,正常,重复正功率=0且冻结风机数>0｜正常,0,0.0,0.0,0.0,0.0,0.0,0.0,0.0,0.0,0.0,0.0,0.0,0.0,0.0,,0.0,0.0,0.0,0.0,,117,449910.0,443583.0,45506.0,40825.0,20408.369843,1137834.792353,105719.114304,1212368.669743
LGXRFD,0.23,重复正功率=0，且冻结风机数>0,标记为异常分段,重复正功率=0且冻结风机数>0｜标记为异常分段,0,0.0,0.0,0.0,0.0,0.0,0.0,0.0,0.0,0.0,0.0,0.0,0.0,0.0,,0.0,0.0,0.0,0.0,,117,449910.0,443583.0,45506.0,40825.0,20408.369843,1137834.792353,105719.114304,1212368.669743
LGXRFD,0.23,重复正功率=0，且冻结风机数=0,正常,重复正功率=0且冻结风机数=0｜正常,40,0.3418803418803419,403290.0,0.8963792758551711,397015.0,0.8950185196457033,34133.0,34133.0,0.0,0.0,8925.129496,8925.129496,0.0,0.0,0.0,77344.96109699999,77344.96109699999,0.0,0.0,0.0,117,449910.0,443583.0,45506.0,40825.0,20408.369843,1137834.792353,105719.114304,1212368.669743
LGXRFD,0.23,重复正功率=0，且冻结风机数=0,标记为异常分段,重复正功率=0且冻结风机数=0｜标记为异常分段,2,0.017094017094017096,98.0,0.00021782134204618702,93.0,0.00020965636645227612,30.0,30.0,0.0,0.0,3.39232,3.39232,0.0,0.0,0.0,25.620330000000003,25.620330000000003,0.0,0.0,0.0,117,449910.0,443583.0,45506.0,40825.0,20408.369843,1137834.792353,105719.114304,1212368.669743
LGXRFD,0.24,重复正功率>0分段,保留（不修正）,重复正功率>0｜保留（不修正）,16,0.13675213675213677,1108.0,0.0024627147651752573,1107.0,0.0024955870716416094,94.0,446.0,352.0,0.0,12.684458,185.251672,172.567214,0.0,0.0,257.844963,529.33567,271.49070700000004,0.0,0.0,117,449910.0,443583.0,45506.0,40825.0,20408.369843,1137834.792353,105719.114304,1212368.669743
LGXRFD,0.24,重复正功率>0分段,修正后保留,重复正功率>0｜修正后保留,12,0.10256410256410256,39642.0,0.08811095552443822,39617.0,0.08931135773913788,7730.0,2116.0,-5614.0,5620.0,7752.189132,674.633595,-7077.555537,7078.8134709999995,0.9131373539094401,22022.713871999997,4228.108343,-17794.605528999997,17794.605529,0.8080114754441924,117,449910.0,443583.0,45506.0,40825.0,20408.369843,1137834.792353,105719.114304,1212368.669743
LGXRFD,0.24,重复正功率>0分段,标记为异常分段,重复正功率>0｜标记为异常分段,47,0.4017094017094017,5772.0,0.0128292325131693,5751.0,0.012964879177064946,3519.0,4100.0,581.0,0.0,3714.9744370000003,1128046.38527,1124331.410833,0.0,0.0,6067.974042,1130240.644303,1124172.670261,0.0,0.0,117,449910.0,443583.0,45506.0,40825.0,20408.369843,1137834.792353,105719.114304,1212368.669743
LGXRFD,0.24,重复正功率=0，且冻结风机数>0,正常,重复正功率=0且冻结风机数>0｜正常,0,0.0,0.0,0.0,0.0,0.0,0.0,0.0,0.0,0.0,0.0,0.0,0.0,0.0,,0.0,0.0,0.0,0.0,,117,449910.0,443583.0,45506.0,40825.0,20408.369843,1137834.792353,105719.114304,1212368.669743
LGXRFD,0.24,重复正功率=0，且冻结风机数>0,标记为异常分段,重复正功率=0且冻结风机数>0｜标记为异常分段,0,0.0,0.0,0.0,0.0,0.0,0.0,0.0,0.0,0.0,0.0,0.0,0.0,0.0,,0.0,0.0,0.0,0.0,,117,449910.0,443583.0,45506.0,40825.0,20408.369843,1137834.792353,105719.114304,1212368.669743
LGXRFD,0.24,重复正功率=0，且冻结风机数=0,正常,重复正功率=0且冻结风机数=0｜正常,40,0.3418803418803419,403290.0,0.8963792758551711,397015.0,0.8950185196457033,34133.0,34133.0,0.0,0.0,8925.129496,8925.129496,0.0,0.0,0.0,77344.96109699999,77344.96109699999,0.0,0.0,0.0,117,449910.0,443583.0,45506.0,40825.0,20408.369843,1137834.792353,105719.114304,1212368.669743
LGXRFD,0.24,重复正功率=0，且冻结风机数=0,标记为异常分段,重复正功率=0且冻结风机数=0｜标记为异常分段,2,0.017094017094017096,98.0,0.00021782134204618702,93.0,0.00020965636645227612,30.0,30.0,0.0,0.0,3.39232,3.39232,0.0,0.0,0.0,25.620330000000003,25.620330000000003,0.0,0.0,0.0,117,449910.0,443583.0,45506.0,40825.0,20408.369843,1137834.792353,105719.114304,1212368.669743
LGXRFD,0.25,重复正功率>0分段,保留（不修正）,重复正功率>0｜保留（不修正）,17,0.1452991452991453,2914.0,0.006476850925740704,2913.0,0.006566978445972907,530.0,2209.0,1679.0,0.0,150.44388800000002,1298.7627799999998,1148.3188919999998,0.0,0.0,910.5622050000001,2579.3790949999993,1668.8168899999991,0.0,0.0,117,449910.0,443583.0,45506.0,40825.0,20408.369843,1137834.792353,105719.114304,1212368.669743
LGXRFD,0.25,重复正功率>0分段,修正后保留,重复正功率>0｜修正后保留,12,0.10256410256410256,39642.0,0.08811095552443822,39617.0,0.08931135773913788,7730.0,2116.0,-5614.0,5620.0,7752.189132,674.633595,-7077.555537,7078.8134709999995,0.9131373539094401,22022.713871999997,4228.108343,-17794.605528999997,17794.605529,0.8080114754441924,117,449910.0,443583.0,45506.0,40825.0,20408.369843,1137834.792353,105719.114304,1212368.669743
LGXRFD,0.25,重复正功率>0分段,标记为异常分段,重复正功率>0｜标记为异常分段,46,0.39316239316239315,3966.0,0.008815096352603854,3945.0,0.008893487802733649,3083.0,2337.0,-746.0,0.0,3577.215007,1126932.8741619997,1123355.6591549998,0.0,0.0,5415.256799999999,1128190.6008779998,1122775.3440779997,0.0,0.0,117,449910.0,443583.0,45506.0,40825.0,20408.369843,1137834.792353,105719.114304,1212368.669743
LGXRFD,0.25,重复正功率=0，且冻结风机数>0,正常,重复正功率=0且冻结风机数>0｜正常,0,0.0,0.0,0.0,0.0,0.0,0.0,0.0,0.0,0.0,0.0,0.0,0.0,0.0,,0.0,0.0,0.0,0.0,,117,449910.0,443583.0,45506.0,40825.0,20408.369843,1137834.792353,105719.114304,1212368.669743
LGXRFD,0.25,重复正功率=0，且冻结风机数>0,标记为异常分段,重复正功率=0且冻结风机数>0｜标记为异常分段,0,0.0,0.0,0.0,0.0,0.0,0.0,0.0,0.0,0.0,0.0,0.0,0.0,0.0,,0.0,0.0,0.0,0.0,,117,449910.0,443583.0,45506.0,40825.0,20408.369843,1137834.792353,105719.114304,1212368.669743
LGXRFD,0.25,重复正功率=0，且冻结风机数=0,正常,重复正功率=0且冻结风机数=0｜正常,40,0.3418803418803419,403290.0,0.8963792758551711,397015.0,0.8950185196457033,34133.0,34133.0,0.0,0.0,8925.129496,8925.129496,0.0,0.0,0.0,77344.96109699999,77344.96109699999,0.0,0.0,0.0,117,449910.0,443583.0,45506.0,40825.0,20408.369843,1137834.792353,105719.114304,1212368.669743
LGXRFD,0.25,重复正功率=0，且冻结风机数=0,标记为异常分段,重复正功率=0且冻结风机数=0｜标记为异常分段,2,0.017094017094017096,98.0,0.00021782134204618702,93.0,0.00020965636645227612,30.0,30.0,0.0,0.0,3.39232,3.39232,0.0,0.0,0.0,25.620330000000003,25.620330000000003,0.0,0.0,0.0,117,449910.0,443583.0,45506.0,40825.0,20408.369843,1137834.792353,105719.114304,1212368.669743
LGXRFD,0.26,重复正功率>0分段,保留（不修正）,重复正功率>0｜保留（不修正）,19,0.1623931623931624,2922.0,0.006494632259785291,2918.0,0.006578250293631632,532.0,2214.0,1682.0,0.0,153.12537099999997,1339.1662569999999,1186.0408859999998,0.0,0.0,914.625419,2622.197459,1707.57204,0.0,0.0,117,449910.0,443583.0,45506.0,40825.0,20408.369843,1137834.792353,105719.114304,1212368.669743
LGXRFD,0.26,重复正功率>0分段,修正后保留,重复正功率>0｜修正后保留,12,0.10256410256410256,39642.0,0.08811095552443822,39617.0,0.08931135773913788,7730.0,2116.0,-5614.0,5620.0,7752.189132,674.633595,-7077.555537,7078.8134709999995,0.9131373539094401,22022.713871999997,4228.108343,-17794.605528999997,17794.605529,0.8080114754441924,117,449910.0,443583.0,45506.0,40825.0,20408.369843,1137834.792353,105719.114304,1212368.669743
LGXRFD,0.26,重复正功率>0分段,标记为异常分段,重复正功率>0｜标记为异常分段,44,0.37606837606837606,3958.0,0.008797315018559267,3940.0,0.008882215955074924,3081.0,2332.0,-749.0,0.0,3574.5335240000004,1126892.470685,1123317.937161,0.0,0.0,5411.193585999999,1128147.7825139998,1122736.5889279998,0.0,0.0,117,449910.0,443583.0,45506.0,40825.0,20408.369843,1137834.792353,105719.114304,1212368.669743
LGXRFD,0.26,重复正功率=0，且冻结风机数>0,正常,重复正功率=0且冻结风机数>0｜正常,0,0.0,0.0,0.0,0.0,0.0,0.0,0.0,0.0,0.0,0.0,0.0,0.0,0.0,,0.0,0.0,0.0,0.0,,117,449910.0,443583.0,45506.0,40825.0,20408.369843,1137834.792353,105719.114304,1212368.669743
LGXRFD,0.26,重复正功率=0，且冻结风机数>0,标记为异常分段,重复正功率=0且冻结风机数>0｜标记为异常分段,0,0.0,0.0,0.0,0.0,0.0,0.0,0.0,0.0,0.0,0.0,0.0,0.0,0.0,,0.0,0.0,0.0,0.0,,117,449910.0,443583.0,45506.0,40825.0,20408.369843,1137834.792353,105719.114304,1212368.669743
LGXRFD,0.26,重复正功率=0，且冻结风机数=0,正常,重复正功率=0且冻结风机数=0｜正常,40,0.3418803418803419,403290.0,0.8963792758551711,397015.0,0.8950185196457033,34133.0,34133.0,0.0,0.0,8925.129496,8925.129496,0.0,0.0,0.0,77344.96109699999,77344.96109699999,0.0,0.0,0.0,117,449910.0,443583.0,45506.0,40825.0,20408.369843,1137834.792353,105719.114304,1212368.669743
LGXRFD,0.26,重复正功率=0，且冻结风机数=0,标记为异常分段,重复正功率=0且冻结风机数=0｜标记为异常分段,2,0.017094017094017096,98.0,0.00021782134204618702,93.0,0.00020965636645227612,30.0,30.0,0.0,0.0,3.39232,3.39232,0.0,0.0,0.0,25.620330000000003,25.620330000000003,0.0,0.0,0.0,117,449910.0,443583.0,45506.0,40825.0,20408.369843,1137834.792353,105719.114304,1212368.669743
LGXRFD,0.27,重复正功率>0分段,保留（不修正）,重复正功率>0｜保留（不修正）,19,0.1623931623931624,2922.0,0.006494632259785291,2918.0,0.006578250293631632,532.0,2214.0,1682.0,0.0,153.12537099999997,1339.1662569999999,1186.0408859999998,0.0,0.0,914.625419,2622.197459,1707.57204,0.0,0.0,117,449910.0,443583.0,45506.0,40825.0,20408.369843,1137834.792353,105719.114304,1212368.669743
LGXRFD,0.27,重复正功率>0分段,修正后保留,重复正功率>0｜修正后保留,13,0.1111111111111111,39665.0,0.0881620768598164,39637.0,0.08935644512977278,7750.0,2122.0,-5628.0,5634.0,7809.156593000001,682.833708,-7126.3228850000005,7127.580819000001,0.9127209493262111,22092.843955,4245.475766,-17847.368189,17847.368189,0.8078348005061081,117,449910.0,443583.0,45506.0,40825.0,20408.369843,1137834.792353,105719.114304,1212368.669743
LGXRFD,0.27,重复正功率>0分段,标记为异常分段,重复正功率>0｜标记为异常分段,43,0.36752136752136755,3935.0,0.00874619368318108,3920.0,0.008837128564440026,3061.0,2326.0,-735.0,0.0,3517.566063,1126884.2705720002,1123366.7045090003,0.0,0.0,5341.063502999999,1128130.415091,1122789.351588,0.0,0.0,117,449910.0,443583.0,45506.0,40825.0,20408.369843,1137834.792353,105719.114304,1212368.669743
LGXRFD,0.27,重复正功率=0，且冻结风机数>0,正常,重复正功率=0且冻结风机数>0｜正常,0,0.0,0.0,0.0,0.0,0.0,0.0,0.0,0.0,0.0,0.0,0.0,0.0,0.0,,0.0,0.0,0.0,0.0,,117,449910.0,443583.0,45506.0,40825.0,20408.369843,1137834.792353,105719.114304,1212368.669743
LGXRFD,0.27,重复正功率=0，且冻结风机数>0,标记为异常分段,重复正功率=0且冻结风机数>0｜标记为异常分段,0,0.0,0.0,0.0,0.0,0.0,0.0,0.0,0.0,0.0,0.0,0.0,0.0,0.0,,0.0,0.0,0.0,0.0,,117,449910.0,443583.0,45506.0,40825.0,20408.369843,1137834.792353,105719.114304,1212368.669743
LGXRFD,0.27,重复正功率=0，且冻结风机数=0,正常,重复正功率=0且冻结风机数=0｜正常,40,0.3418803418803419,403290.0,0.8963792758551711,397015.0,0.8950185196457033,34133.0,34133.0,0.0,0.0,8925.129496,8925.129496,0.0,0.0,0.0,77344.96109699999,77344.96109699999,0.0,0.0,0.0,117,449910.0,443583.0,45506.0,40825.0,20408.369843,1137834.792353,105719.114304,1212368.669743
LGXRFD,0.27,重复正功率=0，且冻结风机数=0,标记为异常分段,重复正功率=0且冻结风机数=0｜标记为异常分段,2,0.017094017094017096,98.0,0.00021782134204618702,93.0,0.00020965636645227612,30.0,30.0,0.0,0.0,3.39232,3.39232,0.0,0.0,0.0,25.620330000000003,25.620330000000003,0.0,0.0,0.0,117,449910.0,443583.0,45506.0,40825.0,20408.369843,1137834.792353,105719.114304,1212368.669743
LGXRFD,0.28,重复正功率>0分段,保留（不修正）,重复正功率>0｜保留（不修正）,20,0.17094017094017094,2933.0,0.006519081594096597,2929.0,0.006603048358480825,535.0,2225.0,1690.0,0.0,153.676062,1348.6707,1194.994638,0.0,0.0,918.523675,2637.4113399999997,1718.8876649999997,0.0,0.0,117,449910.0,443583.0,45506.0,40825.0,20408.369843,1137834.792353,105719.114304,1212368.669743
LGXRFD,0.28,重复正功率>0分段,修正后保留,重复正功率>0｜修正后保留,14,0.11965811965811966,39702.0,0.08824431552977262,39674.0,0.08943985680244734,7785.0,2132.0,-5653.0,5659.0,7835.958496,683.706952,-7152.251544000001,7153.509478,0.9129080356476661,22137.883819,4255.335298,-17882.548520999997,17882.548521,0.8077803943325501,117,449910.0,443583.0,45506.0,40825.0,20408.369843,1137834.792353,105719.114304,1212368.669743
LGXRFD,0.28,重复正功率>0分段,标记为异常分段,重复正功率>0｜标记为异常分段,41,0.3504273504273504,3887.0,0.008639505678913561,3872.0,0.00872891882691627,3023.0,2305.0,-718.0,0.0,3490.2134690000003,1126873.892885,1123383.679416,0.0,0.0,5292.125383,1128105.341678,1122813.2162950002,0.0,0.0,117,449910.0,443583.0,45506.0,40825.0,20408.369843,1137834.792353,105719.114304,1212368.669743
LGXRFD,0.28,重复正功率=0，且冻结风机数>0,正常,重复正功率=0且冻结风机数>0｜正常,0,0.0,0.0,0.0,0.0,0.0,0.0,0.0,0.0,0.0,0.0,0.0,0.0,0.0,,0.0,0.0,0.0,0.0,,117,449910.0,443583.0,45506.0,40825.0,20408.369843,1137834.792353,105719.114304,1212368.669743
LGXRFD,0.28,重复正功率=0，且冻结风机数>0,标记为异常分段,重复正功率=0且冻结风机数>0｜标记为异常分段,0,0.0,0.0,0.0,0.0,0.0,0.0,0.0,0.0,0.0,0.0,0.0,0.0,0.0,,0.0,0.0,0.0,0.0,,117,449910.0,443583.0,45506.0,40825.0,20408.369843,1137834.792353,105719.114304,1212368.669743
LGXRFD,0.28,重复正功率=0，且冻结风机数=0,正常,重复正功率=0且冻结风机数=0｜正常,40,0.3418803418803419,403290.0,0.8963792758551711,397015.0,0.8950185196457033,34133.0,34133.0,0.0,0.0,8925.129496,8925.129496,0.0,0.0,0.0,77344.96109699999,77344.96109699999,0.0,0.0,0.0,117,449910.0,443583.0,45506.0,40825.0,20408.369843,1137834.792353,105719.114304,1212368.669743
LGXRFD,0.28,重复正功率=0，且冻结风机数=0,标记为异常分段,重复正功率=0且冻结风机数=0｜标记为异常分段,2,0.017094017094017096,98.0,0.00021782134204618702,93.0,0.00020965636645227612,30.0,30.0,0.0,0.0,3.39232,3.39232,0.0,0.0,0.0,25.620330000000003,25.620330000000003,0.0,0.0,0.0,117,449910.0,443583.0,45506.0,40825.0,20408.369843,1137834.792353,105719.114304,1212368.669743
LGXRFD,0.29,重复正功率>0分段,保留（不修正）,重复正功率>0｜保留（不修正）,20,0.17094017094017094,2933.0,0.006519081594096597,2929.0,0.006603048358480825,535.0,2225.0,1690.0,0.0,153.676062,1348.6707,1194.994638,0.0,0.0,918.523675,2637.4113399999997,1718.8876649999997,0.0,0.0,117,449910.0,443583.0,45506.0,40825.0,20408.369843,1137834.792353,105719.114304,1212368.669743
LGXRFD,0.29,重复正功率>0分段,修正后保留,重复正功率>0｜修正后保留,14,0.11965811965811966,39702.0,0.08824431552977262,39674.0,0.08943985680244734,7785.0,2132.0,-5653.0,5659.0,7835.958496,683.706952,-7152.251544000001,7153.509478,0.9129080356476661,22137.883819,4255.335298,-17882.548520999997,17882.548521,0.8077803943325501,117,449910.0,443583.0,45506.0,40825.0,20408.369843,1137834.792353,105719.114304,1212368.669743
LGXRFD,0.29,重复正功率>0分段,标记为异常分段,重复正功率>0｜标记为异常分段,41,0.3504273504273504,3887.0,0.008639505678913561,3872.0,0.00872891882691627,3023.0,2305.0,-718.0,0.0,3490.2134690000003,1126873.892885,1123383.679416,0.0,0.0,5292.125383,1128105.341678,1122813.2162950002,0.0,0.0,117,449910.0,443583.0,45506.0,40825.0,20408.369843,1137834.792353,105719.114304,1212368.669743
LGXRFD,0.29,重复正功率=0，且冻结风机数>0,正常,重复正功率=0且冻结风机数>0｜正常,0,0.0,0.0,0.0,0.0,0.0,0.0,0.0,0.0,0.0,0.0,0.0,0.0,0.0,,0.0,0.0,0.0,0.0,,117,449910.0,443583.0,45506.0,40825.0,20408.369843,1137834.792353,105719.114304,1212368.669743
LGXRFD,0.29,重复正功率=0，且冻结风机数>0,标记为异常分段,重复正功率=0且冻结风机数>0｜标记为异常分段,0,0.0,0.0,0.0,0.0,0.0,0.0,0.0,0.0,0.0,0.0,0.0,0.0,0.0,,0.0,0.0,0.0,0.0,,117,449910.0,443583.0,45506.0,40825.0,20408.369843,1137834.792353,105719.114304,1212368.669743
LGXRFD,0.29,重复正功率=0，且冻结风机数=0,正常,重复正功率=0且冻结风机数=0｜正常,41,0.3504273504273504,403311.0,0.8964259518570381,397031.0,0.8950545895582112,34139.0,34139.0,0.0,0.0,8926.732869,8926.732869,0.0,0.0,0.0,77351.331595,77351.331595,0.0,0.0,0.0,117,449910.0,443583.0,45506.0,40825.0,20408.369843,1137834.792353,105719.114304,1212368.669743
LGXRFD,0.29,重复正功率=0，且冻结风机数=0,标记为异常分段,重复正功率=0且冻结风机数=0｜标记为异常分段,1,0.008547008547008548,77.0,0.00017114534017914694,77.0,0.00017358645394435765,24.0,24.0,0.0,0.0,1.788947,1.788947,0.0,0.0,0.0,19.249832,19.249832,0.0,0.0,0.0,117,449910.0,443583.0,45506.0,40825.0,20408.369843,1137834.792353,105719.114304,1212368.669743
LGXRFD,0.3,重复正功率>0分段,保留（不修正）,重复正功率>0｜保留（不修正）,20,0.17094017094017094,2933.0,0.006519081594096597,2929.0,0.006603048358480825,535.0,2225.0,1690.0,0.0,153.676062,1348.6707,1194.994638,0.0,0.0,918.523675,2637.4113399999997,1718.8876649999997,0.0,0.0,117,449910.0,443583.0,45506.0,40825.0,20408.369843,1137834.792353,105719.114304,1212368.669743
LGXRFD,0.3,重复正功率>0分段,修正后保留,重复正功率>0｜修正后保留,14,0.11965811965811966,39702.0,0.08824431552977262,39674.0,0.08943985680244734,7785.0,2132.0,-5653.0,5659.0,7835.958496,683.706952,-7152.251544000001,7153.509478,0.9129080356476661,22137.883819,4255.335298,-17882.548520999997,17882.548521,0.8077803943325501,117,449910.0,443583.0,45506.0,40825.0,20408.369843,1137834.792353,105719.114304,1212368.669743
LGXRFD,0.3,重复正功率>0分段,标记为异常分段,重复正功率>0｜标记为异常分段,41,0.3504273504273504,3887.0,0.008639505678913561,3872.0,0.00872891882691627,3023.0,2305.0,-718.0,0.0,3490.2134690000003,1126873.892885,1123383.679416,0.0,0.0,5292.125383,1128105.341678,1122813.2162950002,0.0,0.0,117,449910.0,443583.0,45506.0,40825.0,20408.369843,1137834.792353,105719.114304,1212368.669743
LGXRFD,0.3,重复正功率=0，且冻结风机数>0,正常,重复正功率=0且冻结风机数>0｜正常,0,0.0,0.0,0.0,0.0,0.0,0.0,0.0,0.0,0.0,0.0,0.0,0.0,0.0,,0.0,0.0,0.0,0.0,,117,449910.0,443583.0,45506.0,40825.0,20408.369843,1137834.792353,105719.114304,1212368.669743
LGXRFD,0.3,重复正功率=0，且冻结风机数>0,标记为异常分段,重复正功率=0且冻结风机数>0｜标记为异常分段,0,0.0,0.0,0.0,0.0,0.0,0.0,0.0,0.0,0.0,0.0,0.0,0.0,0.0,,0.0,0.0,0.0,0.0,,117,449910.0,443583.0,45506.0,40825.0,20408.369843,1137834.792353,105719.114304,1212368.669743
LGXRFD,0.3,重复正功率=0，且冻结风机数=0,正常,重复正功率=0且冻结风机数=0｜正常,41,0.3504273504273504,403311.0,0.8964259518570381,397031.0,0.8950545895582112,34139.0,34139.0,0.0,0.0,8926.732869,8926.732869,0.0,0.0,0.0,77351.331595,77351.331595,0.0,0.0,0.0,117,449910.0,443583.0,45506.0,40825.0,20408.369843,1137834.792353,105719.114304,1212368.669743
LGXRFD,0.3,重复正功率=0，且冻结风机数=0,标记为异常分段,重复正功率=0且冻结风机数=0｜标记为异常分段,1,0.008547008547008548,77.0,0.00017114534017914694,77.0,0.00017358645394435765,24.0,24.0,0.0,0.0,1.788947,1.788947,0.0,0.0,0.0,19.249832,19.249832,0.0,0.0,0.0,117,449910.0,443583.0,45506.0,40825.0,20408.369843,1137834.792353,105719.114304,1212368.669743
LGXRFD,0.4,重复正功率>0分段,保留（不修正）,重复正功率>0｜保留（不修正）,21,0.1794871794871795,3046.0,0.006770242937476384,3042.0,0.006857792115567999,580.0,2336.0,1756.0,0.0,169.795812,1449.564263,1279.768451,0.0,0.0,974.621043,2794.6010429999997,1819.9799999999996,0.0,0.0,117,449910.0,443583.0,45506.0,40825.0,20408.369843,1137834.792353,105719.114304,1212368.669743
LGXRFD,0.4,重复正功率>0分段,修正后保留,重复正功率>0｜修正后保留,15,0.1282051282051282,41142.0,0.09144495565779823,41114.0,0.09268614892816,9212.0,2599.0,-6613.0,6619.0,9702.002993,812.339143,-8889.66385,8890.921784,0.9164006432913703,24793.416831,4733.555429,-20059.861402,20059.861402,0.8090801497322675,117,449910.0,443583.0,45506.0,40825.0,20408.369843,1137834.792353,105719.114304,1212368.669743
LGXRFD,0.4,重复正功率>0分段,标记为异常分段,重复正功率>0｜标记为异常分段,39,0.3333333333333333,2334.0,0.005187704207508168,2319.0,0.005227882944116434,1551.0,1727.0,176.0,0.0,1608.0492219999999,1126644.367131,1125036.317909,0.0,0.0,2580.4950029999995,1127469.9318439998,1124889.4368409999,0.0,0.0,117,449910.0,443583.0,45506.0,40825.0,20408.369843,1137834.792353,105719.114304,1212368.669743
LGXRFD,0.4,重复正功率=0，且冻结风机数>0,正常,重复正功率=0且冻结风机数>0｜正常,0,0.0,0.0,0.0,0.0,0.0,0.0,0.0,0.0,0.0,0.0,0.0,0.0,0.0,,0.0,0.0,0.0,0.0,,117,449910.0,443583.0,45506.0,40825.0,20408.369843,1137834.792353,105719.114304,1212368.669743
LGXRFD,0.4,重复正功率=0，且冻结风机数>0,标记为异常分段,重复正功率=0且冻结风机数>0｜标记为异常分段,0,0.0,0.0,0.0,0.0,0.0,0.0,0.0,0.0,0.0,0.0,0.0,0.0,0.0,,0.0,0.0,0.0,0.0,,117,449910.0,443583.0,45506.0,40825.0,20408.369843,1137834.792353,105719.114304,1212368.669743
LGXRFD,0.4,重复正功率=0，且冻结风机数=0,正常,重复正功率=0且冻结风机数=0｜正常,42,0.358974358974359,403388.0,0.8965970971972173,397108.0,0.8952281760121555,34163.0,34163.0,0.0,0.0,8928.521816,8928.521816,0.0,0.0,0.0,77370.581427,77370.581427,0.0,0.0,0.0,117,449910.0,443583.0,45506.0,40825.0,20408.369843,1137834.792353,105719.114304,1212368.669743
LGXRFD,0.4,重复正功率=0，且冻结风机数=0,标记为异常分段,重复正功率=0且冻结风机数=0｜标记为异常分段,0,0.0,0.0,0.0,0.0,0.0,0.0,0.0,0.0,0.0,0.0,0.0,0.0,0.0,,0.0,0.0,0.0,0.0,,117,449910.0,443583.0,45506.0,40825.0,20408.369843,1137834.792353,105719.114304,1212368.669743
LGXRFD,0.5,重复正功率>0分段,保留（不修正）,重复正功率>0｜保留（不修正）,22,0.18803418803418803,3101.0,0.006892489609032918,3097.0,0.00698178243981397,606.0,2391.0,1785.0,0.0,179.950859,1532.209408,1352.258549,0.0,0.0,1004.778018,2902.6592259999998,1897.8812079999998,0.0,0.0,117,449910.0,443583.0,45506.0,40825.0,20408.369843,1137834.792353,105719.114304,1212368.669743
LGXRFD,0.5,重复正功率>0分段,修正后保留,重复正功率>0｜修正后保留,15,0.1282051282051282,41142.0,0.09144495565779823,41114.0,0.09268614892816,9212.0,2599.0,-6613.0,6619.0,9702.002993,812.339143,-8889.66385,8890.921784,0.9164006432913703,24793.416831,4733.555429,-20059.861402,20059.861402,0.8090801497322675,117,449910.0,443583.0,45506.0,40825.0,20408.369843,1137834.792353,105719.114304,1212368.669743
LGXRFD,0.5,重复正功率>0分段,标记为异常分段,重复正功率>0｜标记为异常分段,38,0.3247863247863248,2279.0,0.005065457535951634,2264.0,0.005103892619870464,1525.0,1672.0,147.0,0.0,1597.894175,1126561.721986,1124963.827811,0.0,0.0,2550.338027999999,1127361.8736609998,1124811.5356329998,0.0,0.0,117,449910.0,443583.0,45506.0,40825.0,20408.369843,1137834.792353,105719.114304,1212368.669743
LGXRFD,0.5,重复正功率=0，且冻结风机数>0,正常,重复正功率=0且冻结风机数>0｜正常,0,0.0,0.0,0.0,0.0,0.0,0.0,0.0,0.0,0.0,0.0,0.0,0.0,0.0,,0.0,0.0,0.0,0.0,,117,449910.0,443583.0,45506.0,40825.0,20408.369843,1137834.792353,105719.114304,1212368.669743
LGXRFD,0.5,重复正功率=0，且冻结风机数>0,标记为异常分段,重复正功率=0且冻结风机数>0｜标记为异常分段,0,0.0,0.0,0.0,0.0,0.0,0.0,0.0,0.0,0.0,0.0,0.0,0.0,0.0,,0.0,0.0,0.0,0.0,,117,449910.0,443583.0,45506.0,40825.0,20408.369843,1137834.792353,105719.114304,1212368.669743
LGXRFD,0.5,重复正功率=0，且冻结风机数=0,正常,重复正功率=0且冻结风机数=0｜正常,42,0.358974358974359,403388.0,0.8965970971972173,397108.0,0.8952281760121555,34163.0,34163.0,0.0,0.0,8928.521816,8928.521816,0.0,0.0,0.0,77370.581427,77370.581427,0.0,0.0,0.0,117,449910.0,443583.0,45506.0,40825.0,20408.369843,1137834.792353,105719.114304,1212368.669743
LGXRFD,0.5,重复正功率=0，且冻结风机数=0,标记为异常分段,重复正功率=0且冻结风机数=0｜标记为异常分段,0,0.0,0.0,0.0,0.0,0.0,0.0,0.0,0.0,0.0,0.0,0.0,0.0,0.0,,0.0,0.0,0.0,0.0,,117,449910.0,443583.0,45506.0,40825.0,20408.369843,1137834.792353,105719.114304,1212368.669743
