region,P_left,P_right,n_before,n_removed,n_after,median_resid,mad,threshold
low,0.0,0.1,6679,3310,3369,-6.938893903907228e-18,6.938893903907228e-18,5.143802050966428e-17
low,0.1,0.2,2373,0,2373,0.0,0.0,
low,0.2,0.30000000000000004,1886,0,1886,0.0,0.0,
low,0.30000000000000004,0.4,1503,0,1503,0.0,0.0,
low,0.4,0.5,1336,0,1336,0.0,0.0,
low,0.5,0.6000000000000001,1100,0,1100,0.0,0.0,
low,0.6000000000000001,0.7000000000000001,1007,0,1007,0.0,0.0,
low,0.7000000000000001,0.8,939,0,939,0.0,0.0,
low,0.8,0.9,866,0,866,0.0,0.0,
low,0.9,1.0,790,0,790,0.0,0.0,
low,1.0,1.1,745,0,745,0.0,0.0,
low,1.1,1.2000000000000002,733,0,733,0.0,0.0,
low,1.2000000000000002,1.3,739,0,739,0.0,0.0,
low,1.3,1.4000000000000001,692,0,692,0.0,0.0,
low,1.4000000000000001,1.5,701,0,701,0.0,0.0,
low,1.5,1.6,685,0,685,0.0,0.0,
low,1.6,1.7000000000000002,657,0,657,0.0,0.0,
low,1.7000000000000002,1.8,579,0,579,0.0,0.0,
low,1.8,1.9000000000000001,577,0,577,0.0,0.0,
low,1.9000000000000001,2.0,560,0,560,0.0,0.0,
low,2.0,2.1,600,0,600,0.0,0.0,
low,2.1,2.2,603,0,603,0.0,0.0,
low,2.2,2.3000000000000003,550,0,550,0.0,0.0,
low,2.3000000000000003,2.4000000000000004,553,0,553,0.0,0.0,
low,2.4000000000000004,2.5,524,0,524,0.0,0.0,
low,2.5,2.6,556,0,556,0.0,0.0,
low,2.6,2.7,549,0,549,0.0,0.0,
low,2.7,2.8000000000000003,531,2,529,0.00033546074129375825,5.195677616987027e-05,0.00038515558174724823
low,2.8000000000000003,2.9000000000000004,537,244,293,1.241085433401068e-05,2.41033148551395e-06,1.786778730211491e-05
low,2.9000000000000004,3.0,546,2,544,1.3076460867678108e-05,1.1873684739871493e-06,8.801962497666736e-06
low,3.0,3.1,502,222,280,7.148865855288733e-06,6.7948618154289875e-06,5.0370310637775086e-05
low,3.1,3.2,534,7,527,0.0010683476523472013,0.00020796119543708969,0.001541616341775146
low,3.2,3.3000000000000003,479,13,466,0.0015146541387474066,0.00011112342403984954,0.0008237579424074045
low,3.3000000000000003,3.4000000000000004,484,15,469,0.0008890999704662672,0.00024900725469967355,0.00184589077908868
low,3.4000000000000004,3.5,489,30,459,0.0033001595373409742,0.0009772619403727312,0.007244442763983056
low,3.5,3.6,480,61,419,0.009194467347040769,0.0007908706435073576,0.005862724080320041
low,3.6,3.7,468,61,407,0.010223577152249863,0.00031256892618158894,0.0023170734497841186
low,3.7,3.8000000000000003,438,86,352,0.013919079656862676,0.001353048284313596,0.010030146931616687
low,3.8000000000000003,3.9000000000000004,439,144,295,0.020421223986434534,0.0034216276918668243,0.02536452607980877
low,3.9000000000000004,4.0,459,163,296,0.0282177737400775,0.005199828310997301,0.03854632726942299
low,4.0,4.1000000000000005,414,16,398,0.03644135431329132,0.2217207724187904,1.6436160859404931
low,4.1000000000000005,4.2,419,0,419,-0.009779902838471521,0.6273401030804973,4.650472184135726
low,4.2,4.3,410,0,410,0.025881265738178172,0.6584152278003936,4.880832083684318
low,4.3,4.4,393,0,393,-0.03562081770759118,0.5255326110443188,3.895773245671535
low,4.4,4.5,414,0,414,-0.0015580843199185512,0.3823719035344959,2.834522920901218
low,4.5,4.6000000000000005,425,0,425,-0.003474586755703779,0.2677102319977753,1.9845359497995083
low,4.6000000000000005,4.7,388,2,386,0.0013634866722307404,0.23424741222156253,1.736476066798443
low,4.7,4.800000000000001,406,5,401,-0.0017810842589833786,0.22153333602155612,1.6422266199277955
low,4.800000000000001,4.9,366,27,339,0.0019371990636534164,0.22045336536896598,1.6342207974801448
low,4.9,5.0,414,23,391,-0.0041807807796463425,0.22532779627856359,1.6703549538129916
low,5.0,5.1000000000000005,399,13,386,0.002347346739504097,0.24371831139819866,1.8066838423948468
low,5.1000000000000005,5.2,418,10,408,-0.00662842157894783,0.25970930548255433,1.925225081542175
low,5.2,5.300000000000001,411,17,394,-0.00035849922906061593,0.25018500914738917,1.8546214728095958
low,5.300000000000001,5.4,429,0,429,-0.00020662649808178557,0.29240030868902167,2.1675634883117176
low,5.4,5.5,416,0,416,0.006231464867730407,0.29425811779794175,2.1813354272361423
low,5.5,5.6000000000000005,388,0,388,-0.009974261294401376,0.34258529790139236,2.5395848133430214
low,5.6000000000000005,5.7,366,0,366,0.020483949034594495,0.4067389849941694,3.0151560957617773
low,5.7,5.800000000000001,402,0,402,-0.014444801053539846,0.4929178378710559,3.653999932138137
low,5.800000000000001,5.9,347,0,347,-0.002566764112671205,0.49124776415098115,3.6416196756512234
low,5.9,6.0,386,0,386,0.02454923046270019,0.5465244186221658,4.051385515246116
low,6.0,6.1000000000000005,356,0,356,-0.020070767304636306,0.5613016032314702,4.160928784754888
low,6.1000000000000005,6.2,377,0,377,-0.001608706404609972,0.5070035578157497,3.758417374088152
low,6.2,6.300000000000001,370,0,370,0.0206020695901028,0.41825049487845845,3.100490918534012
low,6.300000000000001,6.4,345,0,345,-0.034805654417426446,0.3960209125764571,2.9357030249292766
low,6.4,6.5,353,0,353,0.029406936363635783,0.3768985838789063,2.7939492022943324
low,6.5,6.6000000000000005,354,0,354,-0.006769867961447851,0.3976260373038629,2.947601814533536
low,6.6000000000000005,6.7,411,0,411,0.0095180875579568,0.36372925548491963,2.6963249709097092
low,6.7,6.800000000000001,360,0,360,0.010983747101520613,0.31172707702026425,2.310832821951219
low,6.800000000000001,6.9,359,0,359,-0.009441295683662254,0.3781028153793806,2.8028761704073486
low,6.9,7.0,338,0,338,0.0029883553477936253,0.34251427673896817,2.539058333465971
low,7.0,7.1000000000000005,351,0,351,0.002200281001707882,0.4165605867619413,3.0879636296662705
low,7.1000000000000005,7.2,349,0,349,-0.0031954986422610965,0.3542824796603572,2.6262960217222275
low,7.2,7.300000000000001,342,0,342,0.0035202952812802835,0.3662182530879925,2.714775910141288
low,7.300000000000001,7.4,356,0,356,-0.011134140082518229,0.3442863562601861,2.5521947589567597
low,7.4,7.5,330,0,330,-0.0022959580073345087,0.3830756656996408,2.8397399098314366
low,7.5,7.6000000000000005,342,0,342,0.0027000945177944047,0.35027127692307625,2.596560975830764
low,7.6000000000000005,7.7,361,0,361,-0.007718715984764479,0.3489516154672416,2.5867783254586616
low,7.7,7.800000000000001,291,0,291,0.016378008456205517,0.36824145991602597,2.7297739423575003
low,7.800000000000001,7.9,336,0,336,-0.009560484135873404,0.39020955998208207,2.892623468147174
low,7.9,8.0,326,0,326,0.010747313057002605,0.38682273298640846,2.8675169196282457
low,8.0,8.1,317,0,317,-0.013944982991543231,0.3741547232719742,2.7736089636151444
low,8.1,8.200000000000001,334,0,334,0.017361789295207375,0.4023977824083973,2.982974760993449
low,8.200000000000001,8.3,347,0,347,-0.02171587549955989,0.4189449808445729,3.1056391430008183
low,8.3,8.4,329,0,329,-1.0640255005522903e-05,0.37121701127301465,2.7518317045668574
low,8.4,8.5,330,0,330,-0.0070060466450305725,0.3449103116318766,2.5568201401271007
low,8.5,8.6,319,0,319,0.015551780397938586,0.39943799692949655,2.9610338712383575
low,8.6,8.700000000000001,312,0,312,-0.012984549691281044,0.38573524617798527,2.8594553799174043
low,8.700000000000001,8.8,323,0,323,0.01574682438128372,0.4125635837140935,3.058333846072575
low,8.8,8.9,335,0,335,-0.005725847815722496,0.42571704663688736,3.155840466719246
low,8.9,9.0,303,0,303,0.018194588479262475,0.35356290227509746,2.6209617945652974
low,9.0,9.1,318,0,318,-0.015452325687630886,0.32378102845081935,2.400188763905924
low,9.1,9.200000000000001,334,0,334,0.00571482171557447,0.41499055598058465,3.076324991484074
low,9.200000000000001,9.3,314,0,314,-0.007881400322149235,0.4253451511101629,3.1530836051796376
low,9.3,9.4,314,0,314,0.0008709621747251539,0.39121417235714495,2.9000706596835153
low,9.4,9.5,301,0,301,0.00670621463654042,0.38645659155206147,2.8648027131754317
low,9.5,9.600000000000001,310,0,310,-0.006730189104749762,0.3838779593581203,2.8456873127217457
low,9.600000000000001,9.700000000000001,320,0,320,-0.005296542678254301,0.4285833946339386,3.1770887044213865
low,9.700000000000001,9.8,329,0,329,0.0019055760162598467,0.3898356472974891,2.8898516534162866
low,9.8,9.9,320,0,320,-0.031365684793317916,0.3988624135961176,2.9567670719880197
low,9.9,10.0,340,0,340,0.00744094088033842,0.4279090577917919,3.1720898454105533
high,10.0,12.0,5773,0,5773,-0.02803001473905553,0.3669359541827708,2.72009622835688
high,12.0,14.0,5374,2,5372,-0.0017352355167896683,0.33863143705524446,2.510274842890527
high,14.0,16.0,4871,4,4867,-0.0031344017861265616,0.31445315245974426,2.331041219184084
high,16.0,18.0,4278,6,4272,0.00012235949734296092,0.3074775156793099,2.2793308237307244
high,18.0,20.0,4284,12,4272,-0.004259920043792831,0.3055163633801026,2.2647928017367
high,20.0,22.0,4203,31,4172,-0.002739244038661992,0.29932006491011154,2.218859641178657
high,22.0,24.0,3888,19,3869,0.0009438412540957453,0.29046562171356094,2.1532216537626274
high,24.0,26.0,4075,10,4065,-0.00014427432930630424,0.284841753995448,2.111531922368256
high,26.0,28.0,4134,9,4125,-0.005175536381155865,0.28187700688746276,2.089554252056761
high,28.0,30.0,3818,5,3813,0.005572864981498005,0.28268623722535335,2.0955530765515444
high,30.0,32.0,4652,13,4639,-0.00862105243697453,0.23645603626310696,1.7528485968184118
high,32.0,34.0,3488,6,3482,0.00048330611893654396,0.2790362799641807,2.0684959433744714
high,34.0,36.0,3324,6,3318,0.0019973305898323135,0.2942103329762178,2.1809811983527023
high,36.0,38.0,3089,4,3085,0.0016059535649142198,0.29168951640509877,2.162294385110997
high,38.0,40.0,3185,5,3180,-0.006061565877287789,0.2864745655757557,2.1236359546130767
high,40.0,42.0,3111,8,3103,0.0023864392762922293,0.29398619405309945,2.1793196565156263
high,42.0,44.0,3156,6,3150,-0.00675424989831408,0.29575391284185515,2.192423755896672
high,44.0,46.0,3032,4,3028,0.0015733999917383334,0.29139411872559107,2.1601046021128063
high,46.0,48.0,3291,6,3285,-0.003987980260737656,0.2820511521821958,2.0908451911266175
high,48.0,50.0,3223,4,3219,0.0008441907534950666,0.29654822724521224,2.198312008568758
high,50.0,52.0,3164,10,3154,-0.0038048761084858995,0.287280985558771,2.1296139459471695
high,52.0,54.0,2981,8,2973,-0.0029147423557551733,0.2913754875959569,2.1599664895488284
high,54.0,56.0,2722,2,2720,0.0006749098926925878,0.2962958615712834,2.1964412218279237
high,56.0,58.0,2854,3,2851,-0.0002742560400100791,0.29619689976420116,2.195707617952023
high,58.0,60.0,2688,11,2677,0.008999436292197793,0.29620102827859107,2.1957382226291955
high,60.0,62.0,3081,13,3068,-0.0014220776331386187,0.28054114365759464,2.0796514979337486
high,62.0,64.0,5005,46,4959,-0.020028149195424394,0.21171053558790032,1.569410200313105
high,64.0,66.0,2557,10,2547,0.010242827535559273,0.3091389813714376,2.2916472689064666
high,66.0,68.0,2623,7,2616,-0.0027076984365648205,0.2958671819001739,2.193263419425989
high,68.0,70.0,2424,14,2410,-0.0005298894256713371,0.3168000256011897,2.348438589781619
high,70.0,72.0,2569,10,2559,-0.00631232638598056,0.3084868847890465,2.2868132769412015
high,72.0,74.0,2552,6,2546,-0.0018764429601001442,0.32339191417913193,2.397304259809905
high,74.0,76.0,2440,15,2425,-0.005271851760203061,0.33439630802353104,2.4788798313784355
high,76.0,78.0,2464,15,2449,0.0009101752170639354,0.32696002571931193,2.4237546706572592
high,78.0,80.0,2512,21,2491,-0.008747670204328095,0.3123279425716461,2.3152870382836124
high,80.0,82.0,2378,17,2361,-0.0023589832061035043,0.3368283206090088,2.4969083406745822
high,82.0,84.0,2389,24,2365,-0.003346281382335725,0.3095171836098727,2.294450882099986
high,84.0,86.0,2272,25,2247,-0.006238343102054289,0.3459383804692606,2.564441214418629
high,86.0,88.0,2165,21,2144,-0.0015784145948676276,0.35145724914116316,2.6053525878834423
high,88.0,90.0,2084,17,2067,-0.005814512387187776,0.3626602906285106,2.6884007344291487
high,90.0,92.0,2127,13,2114,-0.003223695341223465,0.3629934690425154,2.690870586012166
high,92.0,94.0,2227,22,2205,-0.00943798337274826,0.36212947931382633,2.684465830153395
high,94.0,96.0,2103,16,2087,-0.0046592368535329776,0.36299056601037494,2.690849065834909
high,96.0,98.0,2099,18,2081,1.7839536915698062e-05,0.35931396202085164,2.6635944004605734
high,98.0,100.0,1976,14,1962,0.005905501323344886,0.38568670110018277,2.8590955152556545
high,100.0,102.0,1802,10,1792,-0.012699233017199552,0.38393874356526925,2.846137906049341
high,102.0,104.0,2001,10,1991,-0.003840382787851482,0.398487484518387,2.953987722734803
high,104.0,106.0,1828,12,1816,0.011935904354770877,0.36834468696197775,2.7305391644491412
high,106.0,108.0,1844,10,1834,-0.014952255207921539,0.40773686183255764,3.0225533567647496
high,108.0,110.0,1683,13,1670,-0.0001725040549298562,0.41701382098903705,3.091323454991732
high,110.0,112.0,1703,6,1697,-0.002839093668280057,0.4372720286939633,3.2414975487083497
high,112.0,114.0,1702,7,1695,-0.00893912596121682,0.4386035404912505,3.2513680456616396
high,114.0,116.0,1576,9,1567,-0.007493248385429974,0.44395494282228354,3.2910379911415877
high,116.0,118.0,1642,7,1635,0.0023624466628375806,0.4482258146552798,3.322697964039589
high,118.0,120.0,1676,12,1664,-0.003122551719799249,0.48756579313810056,3.614325224532739
high,120.0,122.0,1670,7,1663,-0.01235408360686474,0.4957731275666386,3.6751661946514917
high,122.0,124.0,1569,7,1562,0.005136819153156225,0.5087085896319659,3.771056774941763
high,124.0,126.0,1614,6,1608,-0.004179162884927923,0.5015061959679512,3.717665430710422
high,126.0,128.0,1505,8,1497,-0.014682113489017823,0.541956549916335,4.017523904529791
high,128.0,130.0,1566,9,1557,0.01063045772942317,0.5149842104138094,3.8175779517975688
high,130.0,132.0,1536,9,1527,-0.014380237772834592,0.6109506354846643,4.528977060847817
high,132.0,134.0,1421,3,1418,-0.01234677687328567,0.6075215080290484,4.503556939019335
high,134.0,136.0,1496,9,1487,-0.0033841309604707437,0.5612281355517326,4.160384168844994
high,136.0,138.0,1440,10,1430,-0.006807322081667788,0.576891280301179,4.276495060872639
high,138.0,140.0,1446,9,1437,-0.0013496213936416979,0.6005261133316124,4.451700078127242
high,140.0,142.0,1417,6,1411,-0.0030439145072356233,0.6424882506443761,4.762765402026759
high,142.0,144.0,1415,6,1409,-0.009790459642752491,0.6180022344565974,4.581250564026757
high,144.0,146.0,1374,9,1365,-0.01042720509992301,0.6324293985746112,4.688199131633592
high,146.0,148.0,1332,2,1330,-0.007121801242244263,0.6776347111655401,5.023306113870149
high,148.0,150.0,1306,2,1304,-0.012190523467494607,0.7288839161603873,5.403216470496951
high,150.0,152.0,1251,1,1250,-0.00851972265976908,0.7108492241123487,5.26952529834484
high,152.0,154.0,1230,2,1228,0.009535519348249366,0.7548357438550104,5.595597369197192
high,154.0,156.0,1204,7,1197,-0.011699306119798525,0.7390689488123896,5.478718117546244
high,156.0,158.0,1174,5,1169,-0.01157500091024577,0.7197646638550537,5.335615453157513
high,158.0,160.0,1102,3,1099,-0.0031834672992623325,0.7330072504418808,5.433782747525662
high,160.0,162.0,1122,1,1121,-0.007035988879343424,0.8632917791646131,6.399581958947277
high,162.0,164.0,1173,3,1170,-0.0040520526745346785,0.8576480514367502,6.357745005300629
high,164.0,166.0,1175,8,1167,-0.023917346482128288,0.8756328260825352,6.491066139749834
high,166.0,168.0,1139,4,1135,0.009123498326476742,0.8387691559837984,6.217795753307898
high,168.0,170.0,1097,3,1094,-0.013462619044174673,0.8211595654248516,6.087255858494425
high,170.0,172.0,1136,7,1129,-0.018677904355184793,0.8436714357597688,6.254136353287166
high,172.0,174.0,1121,2,1119,0.007193820516794958,0.8772833643336577,6.503301579805404
high,174.0,176.0,1134,3,1131,-0.016476921350386142,0.9091429311877341,6.739476548894673
high,176.0,178.0,1109,2,1107,-0.03110103091214178,0.9160754566795566,6.790867360365552
high,178.0,180.0,1006,4,1002,0.00283587513647765,0.8498483458977617,6.299925788140107
high,180.0,182.0,1042,2,1040,-0.020464828450320827,0.9240394264730827,6.849904268444962
high,182.0,184.0,1103,1,1102,0.008526541424011214,0.8967771772952773,6.64780921528989
high,184.0,186.0,970,2,968,-0.0011204562947568775,1.0156427460352995,7.5289596763596744
high,186.0,188.0,1016,4,1012,-0.026556523030654144,0.9295221499292583,6.890547697425592
high,188.0,190.0,936,1,935,-0.010181119056053234,1.0416517822810967,7.721764662049769
high,190.0,192.0,1015,0,1015,-0.007402381681025361,0.9589637293222584,7.108798125465901
high,192.0,194.0,948,2,946,-0.01876334001889246,1.1019510376726105,8.168763042267061
high,194.0,196.0,960,1,959,-0.01726377618498809,1.062391583369494,7.875508807518058
high,196.0,198.0,977,4,973,-0.02043652914415439,1.0776754515125209,7.988808122062316
high,198.0,200.0,985,1,984,-0.00918851320363423,1.1293900545586437,8.372168474443226
high,200.0,202.0,922,2,920,-0.03214252365378023,1.0920651112079516,8.095478669384544
high,202.0,204.0,912,0,912,-0.016532426608804496,1.116246531980524,8.274735541571625
high,204.0,206.0,1008,2,1006,-0.032476860900088056,1.0214802208181095,7.5722328769246445
high,206.0,208.0,937,1,936,0.01741103205538952,1.1201559373102787,8.303715963281096
high,208.0,210.0,963,4,959,-0.009595878732251428,1.1245767905440314,8.336487748302904
high,210.0,212.0,964,0,964,-0.017726421128500203,1.1571413563772008,8.57788887482419
high,212.0,214.0,999,0,999,0.008267874636614714,1.2621794650626406,9.356536374509353
high,214.0,216.0,1018,0,1018,-0.022270055027300284,1.229604221654006,9.115056095121146
high,216.0,218.0,1096,3,1093,-0.019876563699751326,1.1822099191166116,8.763722130411441
high,218.0,220.0,1112,0,1112,-0.005669234626656472,1.196303106849919,8.868194931078449
high,220.0,222.0,1101,0,1101,-0.04195343123165074,1.2351480291599257,9.156152340162528
high,222.0,224.0,1047,1,1046,0.021942149796526422,1.1696221498222634,8.670408996632439
high,224.0,226.0,1113,1,1112,0.00229776024007311,1.1688765387277043,8.664881781588472
high,226.0,228.0,1131,2,1129,0.026286953178188632,1.2202519253678643,9.045727522751978
high,228.0,230.0,1115,0,1115,-0.04973156375086507,1.2776669673699477,9.471345229113421
high,230.0,232.0,1155,0,1155,-0.019057539943108992,1.2902582455679301,9.564684374395064
high,232.0,234.0,1185,0,1185,0.02276543942933884,1.1006498784750338,8.159117549135425
high,234.0,236.0,1160,2,1158,0.007501005040629671,1.1167190158179192,8.278238064258234
high,236.0,238.0,1117,2,1115,-0.00894367419587816,1.1954924447644597,8.86218549303894
high,238.0,240.0,1176,1,1175,0.0061133815265144165,1.1109951470411534,8.23580702501607
high,240.0,242.0,1156,0,1156,0.014450969130062497,1.1491207735151496,8.518432294067804
high,242.0,244.0,1135,1,1134,-0.022381196132112535,1.243375726519215,9.21714426068694
high,244.0,246.0,1125,1,1124,0.0205852296506972,1.2590553923459726,9.333377623460695
high,246.0,248.0,1121,0,1121,0.00880063181699775,1.222902905165455,9.065379235991518
high,248.0,250.0,1205,0,1205,0.0051629083952473565,1.1824727769632677,8.765670695628703
high,250.0,252.0,1232,3,1229,0.009109875027411007,1.0846466150806293,8.040485357592704
high,252.0,254.0,1384,3,1381,-0.0034412289460012957,0.968403708730416,7.178776692818573
high,254.0,256.0,1978,20,1958,0.020998934319124807,0.734114372351792,5.441989842243834
high,256.0,258.0,1551,4,1547,-0.0067986083832618505,0.8896259107162567,6.59479687613961
high,258.0,260.0,1323,2,1321,0.02084981911754724,0.9962574281028171,7.385256314526183
high,260.0,262.0,1272,2,1270,-0.02878122556115681,0.9389621078987274,6.9605261058532655
high,262.0,264.0,1234,1,1233,0.00831799649015963,1.085053156913263,8.043499052198019
high,264.0,266.0,1192,0,1192,0.016367004794891393,1.0404827454297108,7.7130985918704456
high,266.0,268.0,1093,1,1092,-0.049771799314633824,1.1453958701447355,8.490819585382924
high,268.0,270.0,1111,1,1110,0.032291585258125366,1.1036079029019312,8.181045384212016
high,270.0,272.0,1267,0,1267,-0.022783590231908235,1.0771312180101287,7.984773719109084
high,272.0,274.0,1362,0,1362,-0.018551032414417357,1.0748877021560261,7.96814253608262
high,274.0,276.0,2176,6,2170,0.0046018866726216245,0.7742913034697221,5.739821432621049
high,276.0,278.0,2403,7,2396,0.029204019255486102,0.7582290649943939,5.620752058803442
high,278.0,280.0,2455,7,2448,-0.01115866831136536,0.7748880545712051,5.7442451485363435
high,280.0,282.0,2571,2,2569,-0.015081909862329823,0.7898239335092256,5.854964819103889
high,282.0,284.0,3365,9,3356,-0.00048521582818139564,0.7325585924259652,5.43045684565368
high,284.0,286.0,3600,22,3578,0.021056832778631573,0.616121688205812,4.567310074669685
high,286.0,288.0,2696,6,2690,-0.018931375407301054,0.7569455160500445,5.61123711047898
high,288.0,290.0,5379,26,5353,-0.010572961558322547,0.5288094951306181,3.9200647874032724
high,290.0,292.0,4257,11,4246,0.03221131803477739,0.6596983567942036,4.890343918915431
high,292.0,294.0,6713,12,6701,-0.04076387184586494,0.5384175678329566,3.9912894303457067
high,294.0,296.0,5144,11,5133,0.05714638891173607,0.5780960972060774,4.285426368588651
high,296.0,298.0,6079,4,6075,-0.05035328647050008,0.5612707246160458,4.160699881578747
high,298.0,300.0,2900,3,2897,0.000734811095262522,0.5311527900074209,3.937435632325011
high,300.0,304.0,1198,8,1190,0.01700467516595694,0.484300945441297,3.590122908556334
