P_left,P_right,P_med,L_med,n,base_bin_count,bin_width,min_bin_samples,station_code,station_name,scheme_code,scheme_name,power_col_for_prediction,power_threshold_axis,power_switch_threshold,fan_threshold_b
0.0,0.6000000000000001,0.58908856,3.3352515999999985,131,6,0.1,20,step1-插值损耗模型-仅正功率,JMZSFD,STATION_SEG,站端功率分段模型,CT_eff,CT_eff,9.4,10.0
0.6000000000000001,0.7000000000000001,0.6405911,3.3864588999999996,397,1,0.1,20,step1-插值损耗模型-仅正功率,JMZSFD,STATION_SEG,站端功率分段模型,CT_eff,CT_eff,9.4,10.0
0.7000000000000001,0.8,0.7317494,3.4645738300000017,163,1,0.1,20,step1-插值损耗模型-仅正功率,JMZSFD,STATION_SEG,站端功率分段模型,CT_eff,CT_eff,9.4,10.0
0.8,0.9,0.8606144,3.5604215999999997,55,1,0.1,20,step1-插值损耗模型-仅正功率,JMZSFD,STATION_SEG,站端功率分段模型,CT_eff,CT_eff,9.4,10.0
0.9,1.0,0.93899,3.52963384,35,1,0.1,20,step1-插值损耗模型-仅正功率,JMZSFD,STATION_SEG,站端功率分段模型,CT_eff,CT_eff,9.4,10.0
1.0,1.2000000000000002,1.1821337,3.1158233000000006,55,2,0.1,20,step1-插值损耗模型-仅正功率,JMZSFD,STATION_SEG,站端功率分段模型,CT_eff,CT_eff,9.4,10.0
1.2000000000000002,1.3,1.2560109000000002,3.0082412000000005,270,1,0.1,20,step1-插值损耗模型-仅正功率,JMZSFD,STATION_SEG,站端功率分段模型,CT_eff,CT_eff,9.4,10.0
1.3,1.4000000000000001,1.3523648,3.108285499999999,407,1,0.1,20,step1-插值损耗模型-仅正功率,JMZSFD,STATION_SEG,站端功率分段模型,CT_eff,CT_eff,9.4,10.0
1.4000000000000001,1.5,1.45168105,3.0718158000000004,466,1,0.1,20,step1-插值损耗模型-仅正功率,JMZSFD,STATION_SEG,站端功率分段模型,CT_eff,CT_eff,9.4,10.0
1.5,1.6,1.5466307000000001,3.1144029500000006,484,1,0.1,20,step1-插值损耗模型-仅正功率,JMZSFD,STATION_SEG,站端功率分段模型,CT_eff,CT_eff,9.4,10.0
1.6,1.7000000000000002,1.6509438,3.1379211000000016,545,1,0.1,20,step1-插值损耗模型-仅正功率,JMZSFD,STATION_SEG,站端功率分段模型,CT_eff,CT_eff,9.4,10.0
1.7000000000000002,1.8,1.74755055,3.1939109500000002,498,1,0.1,20,step1-插值损耗模型-仅正功率,JMZSFD,STATION_SEG,站端功率分段模型,CT_eff,CT_eff,9.4,10.0
1.8,1.9000000000000001,1.82203865,3.1822707,258,1,0.1,20,step1-插值损耗模型-仅正功率,JMZSFD,STATION_SEG,站端功率分段模型,CT_eff,CT_eff,9.4,10.0
1.9000000000000001,2.0,1.9671211,3.2677069000000003,315,1,0.1,20,step1-插值损耗模型-仅正功率,JMZSFD,STATION_SEG,站端功率分段模型,CT_eff,CT_eff,9.4,10.0
2.0,2.1,2.0526950499999996,3.2475163499999997,470,1,0.1,20,step1-插值损耗模型-仅正功率,JMZSFD,STATION_SEG,站端功率分段模型,CT_eff,CT_eff,9.4,10.0
2.1,2.2,2.1441088,3.2630140000000005,393,1,0.1,20,step1-插值损耗模型-仅正功率,JMZSFD,STATION_SEG,站端功率分段模型,CT_eff,CT_eff,9.4,10.0
2.2,2.3000000000000003,2.245834,3.283406199999998,407,1,0.1,20,step1-插值损耗模型-仅正功率,JMZSFD,STATION_SEG,站端功率分段模型,CT_eff,CT_eff,9.4,10.0
2.3000000000000003,2.4000000000000004,2.3538198,3.3360195999999993,349,1,0.1,20,step1-插值损耗模型-仅正功率,JMZSFD,STATION_SEG,站端功率分段模型,CT_eff,CT_eff,9.4,10.0
2.4000000000000004,2.5,2.4480548,3.3843574000000003,267,1,0.1,20,step1-插值损耗模型-仅正功率,JMZSFD,STATION_SEG,站端功率分段模型,CT_eff,CT_eff,9.4,10.0
2.5,2.6,2.5478649,3.33449735,184,1,0.1,20,step1-插值损耗模型-仅正功率,JMZSFD,STATION_SEG,站端功率分段模型,CT_eff,CT_eff,9.4,10.0
2.6,2.7,2.6434958,3.27089,169,1,0.1,20,step1-插值损耗模型-仅正功率,JMZSFD,STATION_SEG,站端功率分段模型,CT_eff,CT_eff,9.4,10.0
2.7,2.8000000000000003,2.74684715,3.1142722499999995,154,1,0.1,20,step1-插值损耗模型-仅正功率,JMZSFD,STATION_SEG,站端功率分段模型,CT_eff,CT_eff,9.4,10.0
2.8000000000000003,2.9000000000000004,2.8439097,2.871589699999999,159,1,0.1,20,step1-插值损耗模型-仅正功率,JMZSFD,STATION_SEG,站端功率分段模型,CT_eff,CT_eff,9.4,10.0
2.9000000000000004,3.0,2.9477499,2.799403,151,1,0.1,20,step1-插值损耗模型-仅正功率,JMZSFD,STATION_SEG,站端功率分段模型,CT_eff,CT_eff,9.4,10.0
3.0,3.1,3.0610973,2.718234849999999,184,1,0.1,20,step1-插值损耗模型-仅正功率,JMZSFD,STATION_SEG,站端功率分段模型,CT_eff,CT_eff,9.4,10.0
3.1,3.2,3.1469097,2.782471000000001,217,1,0.1,20,step1-插值损耗模型-仅正功率,JMZSFD,STATION_SEG,站端功率分段模型,CT_eff,CT_eff,9.4,10.0
3.2,3.3000000000000003,3.2491615,2.7421906999999988,267,1,0.1,20,step1-插值损耗模型-仅正功率,JMZSFD,STATION_SEG,站端功率分段模型,CT_eff,CT_eff,9.4,10.0
3.3000000000000003,3.4000000000000004,3.3506844,2.7549254000000007,247,1,0.1,20,step1-插值损耗模型-仅正功率,JMZSFD,STATION_SEG,站端功率分段模型,CT_eff,CT_eff,9.4,10.0
3.4000000000000004,3.5,3.447006,2.7213674,310,1,0.1,20,step1-插值损耗模型-仅正功率,JMZSFD,STATION_SEG,站端功率分段模型,CT_eff,CT_eff,9.4,10.0
3.5,3.6,3.550992,2.7704587,304,1,0.1,20,step1-插值损耗模型-仅正功率,JMZSFD,STATION_SEG,站端功率分段模型,CT_eff,CT_eff,9.4,10.0
3.6,3.7,3.65008865,2.7648547999999993,336,1,0.1,20,step1-插值损耗模型-仅正功率,JMZSFD,STATION_SEG,站端功率分段模型,CT_eff,CT_eff,9.4,10.0
3.7,3.8000000000000003,3.7502308,2.7991132999999997,365,1,0.1,20,step1-插值损耗模型-仅正功率,JMZSFD,STATION_SEG,站端功率分段模型,CT_eff,CT_eff,9.4,10.0
3.8000000000000003,3.9000000000000004,3.8508422500000004,2.6990694000000013,306,1,0.1,20,step1-插值损耗模型-仅正功率,JMZSFD,STATION_SEG,站端功率分段模型,CT_eff,CT_eff,9.4,10.0
3.9000000000000004,4.0,3.951557,2.745530799999999,323,1,0.1,20,step1-插值损耗模型-仅正功率,JMZSFD,STATION_SEG,站端功率分段模型,CT_eff,CT_eff,9.4,10.0
4.0,4.1000000000000005,4.051503,2.6720714,301,1,0.1,20,step1-插值损耗模型-仅正功率,JMZSFD,STATION_SEG,站端功率分段模型,CT_eff,CT_eff,9.4,10.0
4.1000000000000005,4.2,4.152754,2.6780000000000017,333,1,0.1,20,step1-插值损耗模型-仅正功率,JMZSFD,STATION_SEG,站端功率分段模型,CT_eff,CT_eff,9.4,10.0
4.2,4.3,4.2472925,2.6870829999999994,321,1,0.1,20,step1-插值损耗模型-仅正功率,JMZSFD,STATION_SEG,站端功率分段模型,CT_eff,CT_eff,9.4,10.0
4.3,4.4,4.3486876,2.6708415000000008,303,1,0.1,20,step1-插值损耗模型-仅正功率,JMZSFD,STATION_SEG,站端功率分段模型,CT_eff,CT_eff,9.4,10.0
4.4,4.5,4.451583,2.674558,323,1,0.1,20,step1-插值损耗模型-仅正功率,JMZSFD,STATION_SEG,站端功率分段模型,CT_eff,CT_eff,9.4,10.0
4.5,4.6000000000000005,4.5489354,2.6669480000000005,301,1,0.1,20,step1-插值损耗模型-仅正功率,JMZSFD,STATION_SEG,站端功率分段模型,CT_eff,CT_eff,9.4,10.0
4.6000000000000005,4.7,4.655749650000001,2.6020700499999987,314,1,0.1,20,step1-插值损耗模型-仅正功率,JMZSFD,STATION_SEG,站端功率分段模型,CT_eff,CT_eff,9.4,10.0
4.7,4.800000000000001,4.747515,2.608378,313,1,0.1,20,step1-插值损耗模型-仅正功率,JMZSFD,STATION_SEG,站端功率分段模型,CT_eff,CT_eff,9.4,10.0
4.800000000000001,4.9,4.85117335,2.5908232499999997,316,1,0.1,20,step1-插值损耗模型-仅正功率,JMZSFD,STATION_SEG,站端功率分段模型,CT_eff,CT_eff,9.4,10.0
4.9,5.0,4.9487082000000004,2.6269983999999997,300,1,0.1,20,step1-插值损耗模型-仅正功率,JMZSFD,STATION_SEG,站端功率分段模型,CT_eff,CT_eff,9.4,10.0
5.0,5.1000000000000005,5.0512426,2.5805082500000016,334,1,0.1,20,step1-插值损耗模型-仅正功率,JMZSFD,STATION_SEG,站端功率分段模型,CT_eff,CT_eff,9.4,10.0
5.1000000000000005,5.2,5.1508136,2.561523000000001,305,1,0.1,20,step1-插值损耗模型-仅正功率,JMZSFD,STATION_SEG,站端功率分段模型,CT_eff,CT_eff,9.4,10.0
5.2,5.300000000000001,5.2492695,2.6354587,295,1,0.1,20,step1-插值损耗模型-仅正功率,JMZSFD,STATION_SEG,站端功率分段模型,CT_eff,CT_eff,9.4,10.0
5.300000000000001,5.4,5.351615300000001,2.4948357499999996,296,1,0.1,20,step1-插值损耗模型-仅正功率,JMZSFD,STATION_SEG,站端功率分段模型,CT_eff,CT_eff,9.4,10.0
5.4,5.5,5.453198,2.5557250000000007,271,1,0.1,20,step1-插值损耗模型-仅正功率,JMZSFD,STATION_SEG,站端功率分段模型,CT_eff,CT_eff,9.4,10.0
5.5,5.6000000000000005,5.548029,2.4949660000000007,289,1,0.1,20,step1-插值损耗模型-仅正功率,JMZSFD,STATION_SEG,站端功率分段模型,CT_eff,CT_eff,9.4,10.0
5.6000000000000005,5.7,5.65215675,2.5738212999999996,282,1,0.1,20,step1-插值损耗模型-仅正功率,JMZSFD,STATION_SEG,站端功率分段模型,CT_eff,CT_eff,9.4,10.0
5.7,5.800000000000001,5.7458425,2.5546549999999995,301,1,0.1,20,step1-插值损耗模型-仅正功率,JMZSFD,STATION_SEG,站端功率分段模型,CT_eff,CT_eff,9.4,10.0
5.800000000000001,5.9,5.855293,2.5030434500000003,280,1,0.1,20,step1-插值损耗模型-仅正功率,JMZSFD,STATION_SEG,站端功率分段模型,CT_eff,CT_eff,9.4,10.0
5.9,6.0,5.9486604,2.516382599999999,289,1,0.1,20,step1-插值损耗模型-仅正功率,JMZSFD,STATION_SEG,站端功率分段模型,CT_eff,CT_eff,9.4,10.0
6.0,6.1000000000000005,6.0509434,2.4567837000000035,289,1,0.1,20,step1-插值损耗模型-仅正功率,JMZSFD,STATION_SEG,站端功率分段模型,CT_eff,CT_eff,9.4,10.0
6.1000000000000005,6.2,6.1500255,2.4116193500000023,282,1,0.1,20,step1-插值损耗模型-仅正功率,JMZSFD,STATION_SEG,站端功率分段模型,CT_eff,CT_eff,9.4,10.0
6.2,6.300000000000001,6.2565574999999995,2.457589999999999,318,1,0.1,20,step1-插值损耗模型-仅正功率,JMZSFD,STATION_SEG,站端功率分段模型,CT_eff,CT_eff,9.4,10.0
6.300000000000001,6.4,6.3516785,2.4415471500000003,310,1,0.1,20,step1-插值损耗模型-仅正功率,JMZSFD,STATION_SEG,站端功率分段模型,CT_eff,CT_eff,9.4,10.0
6.4,6.5,6.4502885,2.426528150000002,258,1,0.1,20,step1-插值损耗模型-仅正功率,JMZSFD,STATION_SEG,站端功率分段模型,CT_eff,CT_eff,9.4,10.0
6.5,6.6000000000000005,6.5471387,2.4227923000000002,257,1,0.1,20,step1-插值损耗模型-仅正功率,JMZSFD,STATION_SEG,站端功率分段模型,CT_eff,CT_eff,9.4,10.0
6.6000000000000005,6.7,6.6484223,2.4160699500000007,276,1,0.1,20,step1-插值损耗模型-仅正功率,JMZSFD,STATION_SEG,站端功率分段模型,CT_eff,CT_eff,9.4,10.0
6.7,6.800000000000001,6.747301,2.3847856000000007,255,1,0.1,20,step1-插值损耗模型-仅正功率,JMZSFD,STATION_SEG,站端功率分段模型,CT_eff,CT_eff,9.4,10.0
6.800000000000001,6.9,6.849227,2.3763127000000006,273,1,0.1,20,step1-插值损耗模型-仅正功率,JMZSFD,STATION_SEG,站端功率分段模型,CT_eff,CT_eff,9.4,10.0
6.9,7.0,6.9431677,2.347129500000001,255,1,0.1,20,step1-插值损耗模型-仅正功率,JMZSFD,STATION_SEG,站端功率分段模型,CT_eff,CT_eff,9.4,10.0
7.0,7.1000000000000005,7.0464125,2.2638719999999974,263,1,0.1,20,step1-插值损耗模型-仅正功率,JMZSFD,STATION_SEG,站端功率分段模型,CT_eff,CT_eff,9.4,10.0
7.1000000000000005,7.2,7.1499014,2.216796399999998,239,1,0.1,20,step1-插值损耗模型-仅正功率,JMZSFD,STATION_SEG,站端功率分段模型,CT_eff,CT_eff,9.4,10.0
7.2,7.300000000000001,7.251718,2.2476265999999985,203,1,0.1,20,step1-插值损耗模型-仅正功率,JMZSFD,STATION_SEG,站端功率分段模型,CT_eff,CT_eff,9.4,10.0
7.300000000000001,7.4,7.3532419,2.1129554999999995,222,1,0.1,20,step1-插值损耗模型-仅正功率,JMZSFD,STATION_SEG,站端功率分段模型,CT_eff,CT_eff,9.4,10.0
7.4,7.5,7.451475350000001,2.0982657500000026,200,1,0.1,20,step1-插值损耗模型-仅正功率,JMZSFD,STATION_SEG,站端功率分段模型,CT_eff,CT_eff,9.4,10.0
7.5,7.6000000000000005,7.5494356499999995,2.0533504999999987,172,1,0.1,20,step1-插值损耗模型-仅正功率,JMZSFD,STATION_SEG,站端功率分段模型,CT_eff,CT_eff,9.4,10.0
7.6000000000000005,7.7,7.6457872,2.021101999999998,120,1,0.1,20,step1-插值损耗模型-仅正功率,JMZSFD,STATION_SEG,站端功率分段模型,CT_eff,CT_eff,9.4,10.0
7.7,7.800000000000001,7.7431226,1.9053795999999972,111,1,0.1,20,step1-插值损耗模型-仅正功率,JMZSFD,STATION_SEG,站端功率分段模型,CT_eff,CT_eff,9.4,10.0
7.800000000000001,7.9,7.8502018499999995,1.8860230999999992,118,1,0.1,20,step1-插值损耗模型-仅正功率,JMZSFD,STATION_SEG,站端功率分段模型,CT_eff,CT_eff,9.4,10.0
7.9,8.0,7.9435915,1.7903983500000011,100,1,0.1,20,step1-插值损耗模型-仅正功率,JMZSFD,STATION_SEG,站端功率分段模型,CT_eff,CT_eff,9.4,10.0
8.0,8.1,8.0399535,1.7375434999999984,98,1,0.1,20,step1-插值损耗模型-仅正功率,JMZSFD,STATION_SEG,站端功率分段模型,CT_eff,CT_eff,9.4,10.0
8.1,8.200000000000001,8.1479775,1.6325949999999994,72,1,0.1,20,step1-插值损耗模型-仅正功率,JMZSFD,STATION_SEG,站端功率分段模型,CT_eff,CT_eff,9.4,10.0
8.200000000000001,8.3,8.247284,1.569056999999999,39,1,0.1,20,step1-插值损耗模型-仅正功率,JMZSFD,STATION_SEG,站端功率分段模型,CT_eff,CT_eff,9.4,10.0
8.3,8.4,8.333319,1.4228899999999989,39,1,0.1,20,step1-插值损耗模型-仅正功率,JMZSFD,STATION_SEG,站端功率分段模型,CT_eff,CT_eff,9.4,10.0
8.4,8.6,8.486906,1.336134999999997,35,2,0.1,20,step1-插值损耗模型-仅正功率,JMZSFD,STATION_SEG,站端功率分段模型,CT_eff,CT_eff,9.4,10.0
8.6,9.4,8.692669,1.1102929999999969,37,8,0.1,20,step1-插值损耗模型-仅正功率,JMZSFD,STATION_SEG,站端功率分段模型,CT_eff,CT_eff,9.4,10.0
0.0,0.1,0.0525,0.0525,3369,1,0.1,20,step1-插值损耗模型-仅正功率,JMZSFD,FAN_SEG,风机总功率分段模型,FAN_eff,FAN_eff,10.0,10.0
0.1,0.2,0.14598000000000003,0.14598000000000003,2373,1,0.1,20,step1-插值损耗模型-仅正功率,JMZSFD,FAN_SEG,风机总功率分段模型,FAN_eff,FAN_eff,10.0,10.0
0.2,0.30000000000000004,0.24585,0.24585,1886,1,0.1,20,step1-插值损耗模型-仅正功率,JMZSFD,FAN_SEG,风机总功率分段模型,FAN_eff,FAN_eff,10.0,10.0
0.30000000000000004,0.4,0.3495599999999999,0.3495599999999999,1503,1,0.1,20,step1-插值损耗模型-仅正功率,JMZSFD,FAN_SEG,风机总功率分段模型,FAN_eff,FAN_eff,10.0,10.0
0.4,0.5,0.448165,0.448165,1336,1,0.1,20,step1-插值损耗模型-仅正功率,JMZSFD,FAN_SEG,风机总功率分段模型,FAN_eff,FAN_eff,10.0,10.0
0.5,0.6000000000000001,0.54804,0.54804,1100,1,0.1,20,step1-插值损耗模型-仅正功率,JMZSFD,FAN_SEG,风机总功率分段模型,FAN_eff,FAN_eff,10.0,10.0
0.6000000000000001,0.7000000000000001,0.6496299999999999,0.6496299999999999,1007,1,0.1,20,step1-插值损耗模型-仅正功率,JMZSFD,FAN_SEG,风机总功率分段模型,FAN_eff,FAN_eff,10.0,10.0
0.7000000000000001,0.8,0.7465299999999998,0.7465299999999998,939,1,0.1,20,step1-插值损耗模型-仅正功率,JMZSFD,FAN_SEG,风机总功率分段模型,FAN_eff,FAN_eff,10.0,10.0
0.8,0.9,0.8489599999999999,0.8489599999999999,866,1,0.1,20,step1-插值损耗模型-仅正功率,JMZSFD,FAN_SEG,风机总功率分段模型,FAN_eff,FAN_eff,10.0,10.0
0.9,1.0,0.9488249999999998,0.9488249999999998,790,1,0.1,20,step1-插值损耗模型-仅正功率,JMZSFD,FAN_SEG,风机总功率分段模型,FAN_eff,FAN_eff,10.0,10.0
1.0,1.1,1.0499999999999998,1.0499999999999998,745,1,0.1,20,step1-插值损耗模型-仅正功率,JMZSFD,FAN_SEG,风机总功率分段模型,FAN_eff,FAN_eff,10.0,10.0
1.1,1.2000000000000002,1.14773,1.14773,733,1,0.1,20,step1-插值损耗模型-仅正功率,JMZSFD,FAN_SEG,风机总功率分段模型,FAN_eff,FAN_eff,10.0,10.0
1.2000000000000002,1.3,1.2506400000000002,1.2506400000000002,739,1,0.1,20,step1-插值损耗模型-仅正功率,JMZSFD,FAN_SEG,风机总功率分段模型,FAN_eff,FAN_eff,10.0,10.0
1.3,1.4000000000000001,1.34857,1.34857,692,1,0.1,20,step1-插值损耗模型-仅正功率,JMZSFD,FAN_SEG,风机总功率分段模型,FAN_eff,FAN_eff,10.0,10.0
1.4000000000000001,1.5,1.45208,1.45208,701,1,0.1,20,step1-插值损耗模型-仅正功率,JMZSFD,FAN_SEG,风机总功率分段模型,FAN_eff,FAN_eff,10.0,10.0
1.5,1.6,1.54683,1.54683,685,1,0.1,20,step1-插值损耗模型-仅正功率,JMZSFD,FAN_SEG,风机总功率分段模型,FAN_eff,FAN_eff,10.0,10.0
1.6,1.7000000000000002,1.65139,1.65139,657,1,0.1,20,step1-插值损耗模型-仅正功率,JMZSFD,FAN_SEG,风机总功率分段模型,FAN_eff,FAN_eff,10.0,10.0
1.7000000000000002,1.8,1.7521200000000001,1.7521200000000001,579,1,0.1,20,step1-插值损耗模型-仅正功率,JMZSFD,FAN_SEG,风机总功率分段模型,FAN_eff,FAN_eff,10.0,10.0
1.8,1.9000000000000001,1.8477400000000002,1.8477400000000002,577,1,0.1,20,step1-插值损耗模型-仅正功率,JMZSFD,FAN_SEG,风机总功率分段模型,FAN_eff,FAN_eff,10.0,10.0
1.9000000000000001,2.0,1.9484549999999996,1.9484549999999996,560,1,0.1,20,step1-插值损耗模型-仅正功率,JMZSFD,FAN_SEG,风机总功率分段模型,FAN_eff,FAN_eff,10.0,10.0
2.0,2.1,2.0462,2.0462,600,1,0.1,20,step1-插值损耗模型-仅正功率,JMZSFD,FAN_SEG,风机总功率分段模型,FAN_eff,FAN_eff,10.0,10.0
2.1,2.2,2.1499500000000005,2.1499500000000005,603,1,0.1,20,step1-插值损耗模型-仅正功率,JMZSFD,FAN_SEG,风机总功率分段模型,FAN_eff,FAN_eff,10.0,10.0
2.2,2.3000000000000003,2.25131,2.25131,550,1,0.1,20,step1-插值损耗模型-仅正功率,JMZSFD,FAN_SEG,风机总功率分段模型,FAN_eff,FAN_eff,10.0,10.0
2.3000000000000003,2.4000000000000004,2.34882,2.34882,553,1,0.1,20,step1-插值损耗模型-仅正功率,JMZSFD,FAN_SEG,风机总功率分段模型,FAN_eff,FAN_eff,10.0,10.0
2.4000000000000004,2.5,2.4508400000000004,2.4508400000000004,524,1,0.1,20,step1-插值损耗模型-仅正功率,JMZSFD,FAN_SEG,风机总功率分段模型,FAN_eff,FAN_eff,10.0,10.0
2.5,2.6,2.545815000000001,2.545815000000001,556,1,0.1,20,step1-插值损耗模型-仅正功率,JMZSFD,FAN_SEG,风机总功率分段模型,FAN_eff,FAN_eff,10.0,10.0
2.6,2.7,2.6531700000000003,2.6531700000000003,549,1,0.1,20,step1-插值损耗模型-仅正功率,JMZSFD,FAN_SEG,风机总功率分段模型,FAN_eff,FAN_eff,10.0,10.0
2.7,2.8000000000000003,2.74622,2.74622,529,1,0.1,20,step1-插值损耗模型-仅正功率,JMZSFD,FAN_SEG,风机总功率分段模型,FAN_eff,FAN_eff,10.0,10.0
2.8000000000000003,2.9000000000000004,2.8759699999999997,2.8759699999999997,293,1,0.1,20,step1-插值损耗模型-仅正功率,JMZSFD,FAN_SEG,风机总功率分段模型,FAN_eff,FAN_eff,10.0,10.0
2.9000000000000004,3.0,2.9489549999999998,2.9489549999999998,544,1,0.1,20,step1-插值损耗模型-仅正功率,JMZSFD,FAN_SEG,风机总功率分段模型,FAN_eff,FAN_eff,10.0,10.0
3.0,3.1,3.0266299999999995,3.0266299999999995,280,1,0.1,20,step1-插值损耗模型-仅正功率,JMZSFD,FAN_SEG,风机总功率分段模型,FAN_eff,FAN_eff,10.0,10.0
3.1,3.2,3.1487100000000003,3.1487100000000003,527,1,0.1,20,step1-插值损耗模型-仅正功率,JMZSFD,FAN_SEG,风机总功率分段模型,FAN_eff,FAN_eff,10.0,10.0
3.2,3.3000000000000003,3.24814,3.24814,466,1,0.1,20,step1-插值损耗模型-仅正功率,JMZSFD,FAN_SEG,风机总功率分段模型,FAN_eff,FAN_eff,10.0,10.0
3.3000000000000003,3.4000000000000004,3.34976,3.34976,469,1,0.1,20,step1-插值损耗模型-仅正功率,JMZSFD,FAN_SEG,风机总功率分段模型,FAN_eff,FAN_eff,10.0,10.0
3.4000000000000004,3.5,3.45003,3.45003,459,1,0.1,20,step1-插值损耗模型-仅正功率,JMZSFD,FAN_SEG,风机总功率分段模型,FAN_eff,FAN_eff,10.0,10.0
3.5,3.6,3.5494899999999987,3.5494899999999987,419,1,0.1,20,step1-插值损耗模型-仅正功率,JMZSFD,FAN_SEG,风机总功率分段模型,FAN_eff,FAN_eff,10.0,10.0
3.6,3.7,3.6463800000000006,3.6463800000000006,407,1,0.1,20,step1-插值损耗模型-仅正功率,JMZSFD,FAN_SEG,风机总功率分段模型,FAN_eff,FAN_eff,10.0,10.0
3.7,3.8000000000000003,3.7458350000000005,3.7458350000000005,352,1,0.1,20,step1-插值损耗模型-仅正功率,JMZSFD,FAN_SEG,风机总功率分段模型,FAN_eff,FAN_eff,10.0,10.0
3.8000000000000003,3.9000000000000004,3.8418799999999997,3.8418799999999997,295,1,0.1,20,step1-插值损耗模型-仅正功率,JMZSFD,FAN_SEG,风机总功率分段模型,FAN_eff,FAN_eff,10.0,10.0
3.9000000000000004,4.0,3.9502800000000002,3.9502800000000002,296,1,0.1,20,step1-插值损耗模型-仅正功率,JMZSFD,FAN_SEG,风机总功率分段模型,FAN_eff,FAN_eff,10.0,10.0
4.0,4.1000000000000005,4.04952,4.012645,398,1,0.1,20,step1-插值损耗模型-仅正功率,JMZSFD,FAN_SEG,风机总功率分段模型,FAN_eff,FAN_eff,10.0,10.0
4.1000000000000005,4.2,4.150039999999999,3.5433407999999984,419,1,0.1,20,step1-插值损耗模型-仅正功率,JMZSFD,FAN_SEG,风机总功率分段模型,FAN_eff,FAN_eff,10.0,10.0
4.2,4.3,4.253335,3.5714422999999993,410,1,0.1,20,step1-插值损耗模型-仅正功率,JMZSFD,FAN_SEG,风机总功率分段模型,FAN_eff,FAN_eff,10.0,10.0
4.3,4.4,4.351920000000001,3.1057940000000004,393,1,0.1,20,step1-插值损耗模型-仅正功率,JMZSFD,FAN_SEG,风机总功率分段模型,FAN_eff,FAN_eff,10.0,10.0
4.4,4.5,4.45007,3.0978208,414,1,0.1,20,step1-插值损耗模型-仅正功率,JMZSFD,FAN_SEG,风机总功率分段模型,FAN_eff,FAN_eff,10.0,10.0
4.5,4.6000000000000005,4.549529999999999,3.0901159000000016,425,1,0.1,20,step1-插值损耗模型-仅正功率,JMZSFD,FAN_SEG,风机总功率分段模型,FAN_eff,FAN_eff,10.0,10.0
4.6000000000000005,4.7,4.648365,3.1065308499999995,386,1,0.1,20,step1-插值损耗模型-仅正功率,JMZSFD,FAN_SEG,风机总功率分段模型,FAN_eff,FAN_eff,10.0,10.0
4.7,4.800000000000001,4.748859999999999,3.1214808000000005,401,1,0.1,20,step1-插值损耗模型-仅正功率,JMZSFD,FAN_SEG,风机总功率分段模型,FAN_eff,FAN_eff,10.0,10.0
4.800000000000001,4.9,4.852159999999998,3.1478666999999985,339,1,0.1,20,step1-插值损耗模型-仅正功率,JMZSFD,FAN_SEG,风机总功率分段模型,FAN_eff,FAN_eff,10.0,10.0
4.9,5.0,4.949059999999999,3.1787975000000004,391,1,0.1,20,step1-插值损耗模型-仅正功率,JMZSFD,FAN_SEG,风机总功率分段模型,FAN_eff,FAN_eff,10.0,10.0
5.0,5.1000000000000005,5.047014999999999,3.2002069,386,1,0.1,20,step1-插值损耗模型-仅正功率,JMZSFD,FAN_SEG,风机总功率分段模型,FAN_eff,FAN_eff,10.0,10.0
5.1000000000000005,5.2,5.1487300000000005,3.1976318,408,1,0.1,20,step1-插值损耗模型-仅正功率,JMZSFD,FAN_SEG,风机总功率分段模型,FAN_eff,FAN_eff,10.0,10.0
5.2,5.300000000000001,5.24996,3.2303508999999995,394,1,0.1,20,step1-插值损耗模型-仅正功率,JMZSFD,FAN_SEG,风机总功率分段模型,FAN_eff,FAN_eff,10.0,10.0
5.300000000000001,5.4,5.351610000000001,3.2476221999999995,429,1,0.1,20,step1-插值损耗模型-仅正功率,JMZSFD,FAN_SEG,风机总功率分段模型,FAN_eff,FAN_eff,10.0,10.0
5.4,5.5,5.4492850000000015,3.2678836,416,1,0.1,20,step1-插值损耗模型-仅正功率,JMZSFD,FAN_SEG,风机总功率分段模型,FAN_eff,FAN_eff,10.0,10.0
5.5,5.6000000000000005,5.548095,3.2500875999999987,388,1,0.1,20,step1-插值损耗模型-仅正功率,JMZSFD,FAN_SEG,风机总功率分段模型,FAN_eff,FAN_eff,10.0,10.0
5.6000000000000005,5.7,5.650310000000001,3.3025206499999995,366,1,0.1,20,step1-插值损耗模型-仅正功率,JMZSFD,FAN_SEG,风机总功率分段模型,FAN_eff,FAN_eff,10.0,10.0
5.7,5.800000000000001,5.747449999999999,3.1130208999999995,402,1,0.1,20,step1-插值损耗模型-仅正功率,JMZSFD,FAN_SEG,风机总功率分段模型,FAN_eff,FAN_eff,10.0,10.0
5.800000000000001,5.9,5.85186,3.049546399999999,347,1,0.1,20,step1-插值损耗模型-仅正功率,JMZSFD,FAN_SEG,风机总功率分段模型,FAN_eff,FAN_eff,10.0,10.0
5.9,6.0,5.948244999999999,3.0345046500000006,386,1,0.1,20,step1-插值损耗模型-仅正功率,JMZSFD,FAN_SEG,风机总功率分段模型,FAN_eff,FAN_eff,10.0,10.0
6.0,6.1000000000000005,6.0522,2.8126941499999996,356,1,0.1,20,step1-插值损耗模型-仅正功率,JMZSFD,FAN_SEG,风机总功率分段模型,FAN_eff,FAN_eff,10.0,10.0
6.1000000000000005,6.2,6.14759,2.8060369999999994,377,1,0.1,20,step1-插值损耗模型-仅正功率,JMZSFD,FAN_SEG,风机总功率分段模型,FAN_eff,FAN_eff,10.0,10.0
6.2,6.300000000000001,6.250874999999999,2.8136087000000005,370,1,0.1,20,step1-插值损耗模型-仅正功率,JMZSFD,FAN_SEG,风机总功率分段模型,FAN_eff,FAN_eff,10.0,10.0
6.300000000000001,6.4,6.34816,2.6492345999999998,345,1,0.1,20,step1-插值损耗模型-仅正功率,JMZSFD,FAN_SEG,风机总功率分段模型,FAN_eff,FAN_eff,10.0,10.0
6.4,6.5,6.449799999999999,2.7684954,353,1,0.1,20,step1-插值损耗模型-仅正功率,JMZSFD,FAN_SEG,风机总功率分段模型,FAN_eff,FAN_eff,10.0,10.0
6.5,6.6000000000000005,6.547515,2.693430750000001,354,1,0.1,20,step1-插值损耗模型-仅正功率,JMZSFD,FAN_SEG,风机总功率分段模型,FAN_eff,FAN_eff,10.0,10.0
6.6000000000000005,6.7,6.652120000000001,2.745530799999999,411,1,0.1,20,step1-插值损耗模型-仅正功率,JMZSFD,FAN_SEG,风机总功率分段模型,FAN_eff,FAN_eff,10.0,10.0
6.7,6.800000000000001,6.753034999999999,2.7679100500000002,360,1,0.1,20,step1-插值损耗模型-仅正功率,JMZSFD,FAN_SEG,风机总功率分段模型,FAN_eff,FAN_eff,10.0,10.0
6.800000000000001,6.9,6.84675,2.661108999999999,359,1,0.1,20,step1-插值损耗模型-仅正功率,JMZSFD,FAN_SEG,风机总功率分段模型,FAN_eff,FAN_eff,10.0,10.0
6.9,7.0,6.949615,2.6863337499999993,338,1,0.1,20,step1-插值损耗模型-仅正功率,JMZSFD,FAN_SEG,风机总功率分段模型,FAN_eff,FAN_eff,10.0,10.0
7.0,7.1000000000000005,7.049889999999999,2.6813019999999996,351,1,0.1,20,step1-插值损耗模型-仅正功率,JMZSFD,FAN_SEG,风机总功率分段模型,FAN_eff,FAN_eff,10.0,10.0
7.1000000000000005,7.2,7.149320000000002,2.6605489999999996,349,1,0.1,20,step1-插值损耗模型-仅正功率,JMZSFD,FAN_SEG,风机总功率分段模型,FAN_eff,FAN_eff,10.0,10.0
7.2,7.300000000000001,7.252419999999999,2.668724299999999,342,1,0.1,20,step1-插值损耗模型-仅正功率,JMZSFD,FAN_SEG,风机总功率分段模型,FAN_eff,FAN_eff,10.0,10.0
7.300000000000001,7.4,7.348700000000001,2.5766603000000003,356,1,0.1,20,step1-插值损耗模型-仅正功率,JMZSFD,FAN_SEG,风机总功率分段模型,FAN_eff,FAN_eff,10.0,10.0
7.4,7.5,7.446859999999999,2.5913483999999998,330,1,0.1,20,step1-插值损耗模型-仅正功率,JMZSFD,FAN_SEG,风机总功率分段模型,FAN_eff,FAN_eff,10.0,10.0
7.5,7.6000000000000005,7.547155000000001,2.616267849999999,342,1,0.1,20,step1-插值损耗模型-仅正功率,JMZSFD,FAN_SEG,风机总功率分段模型,FAN_eff,FAN_eff,10.0,10.0
7.6000000000000005,7.7,7.647889999999999,2.6262983999999987,361,1,0.1,20,step1-插值损耗模型-仅正功率,JMZSFD,FAN_SEG,风机总功率分段模型,FAN_eff,FAN_eff,10.0,10.0
7.7,7.800000000000001,7.750299999999998,2.6578583999999985,291,1,0.1,20,step1-插值损耗模型-仅正功率,JMZSFD,FAN_SEG,风机总功率分段模型,FAN_eff,FAN_eff,10.0,10.0
7.800000000000001,7.9,7.847620000000003,2.5068167000000003,336,1,0.1,20,step1-插值损耗模型-仅正功率,JMZSFD,FAN_SEG,风机总功率分段模型,FAN_eff,FAN_eff,10.0,10.0
7.9,8.0,7.950729999999999,2.5387015499999994,326,1,0.1,20,step1-插值损耗模型-仅正功率,JMZSFD,FAN_SEG,风机总功率分段模型,FAN_eff,FAN_eff,10.0,10.0
8.0,8.1,8.047799999999999,2.504877699999998,317,1,0.1,20,step1-插值损耗模型-仅正功率,JMZSFD,FAN_SEG,风机总功率分段模型,FAN_eff,FAN_eff,10.0,10.0
8.1,8.200000000000001,8.15069,2.6014065,334,1,0.1,20,step1-插值损耗模型-仅正功率,JMZSFD,FAN_SEG,风机总功率分段模型,FAN_eff,FAN_eff,10.0,10.0
8.200000000000001,8.3,8.25228,2.488169000000001,347,1,0.1,20,step1-插值损耗模型-仅正功率,JMZSFD,FAN_SEG,风机总功率分段模型,FAN_eff,FAN_eff,10.0,10.0
8.3,8.4,8.34618,2.469288999999999,329,1,0.1,20,step1-插值损耗模型-仅正功率,JMZSFD,FAN_SEG,风机总功率分段模型,FAN_eff,FAN_eff,10.0,10.0
8.4,8.5,8.445,2.451449999999998,330,1,0.1,20,step1-插值损耗模型-仅正功率,JMZSFD,FAN_SEG,风机总功率分段模型,FAN_eff,FAN_eff,10.0,10.0
8.5,8.6,8.549769999999999,2.501288500000002,319,1,0.1,20,step1-插值损耗模型-仅正功率,JMZSFD,FAN_SEG,风机总功率分段模型,FAN_eff,FAN_eff,10.0,10.0
8.6,8.700000000000001,8.651544999999999,2.4634410000000004,312,1,0.1,20,step1-插值损耗模型-仅正功率,JMZSFD,FAN_SEG,风机总功率分段模型,FAN_eff,FAN_eff,10.0,10.0
8.700000000000001,8.8,8.74953,2.5076663000000003,323,1,0.1,20,step1-插值损耗模型-仅正功率,JMZSFD,FAN_SEG,风机总功率分段模型,FAN_eff,FAN_eff,10.0,10.0
8.8,8.9,8.850249999999999,2.4580514999999954,335,1,0.1,20,step1-插值损耗模型-仅正功率,JMZSFD,FAN_SEG,风机总功率分段模型,FAN_eff,FAN_eff,10.0,10.0
8.9,9.0,8.945429999999998,2.458986499999999,303,1,0.1,20,step1-插值损耗模型-仅正功率,JMZSFD,FAN_SEG,风机总功率分段模型,FAN_eff,FAN_eff,10.0,10.0
9.0,9.1,9.049589999999998,2.3606946499999983,318,1,0.1,20,step1-插值损耗模型-仅正功率,JMZSFD,FAN_SEG,风机总功率分段模型,FAN_eff,FAN_eff,10.0,10.0
9.1,9.200000000000001,9.149265,2.430854350000001,334,1,0.1,20,step1-插值损耗模型-仅正功率,JMZSFD,FAN_SEG,风机总功率分段模型,FAN_eff,FAN_eff,10.0,10.0
9.200000000000001,9.3,9.254315,2.395228499999999,314,1,0.1,20,step1-插值损耗模型-仅正功率,JMZSFD,FAN_SEG,风机总功率分段模型,FAN_eff,FAN_eff,10.0,10.0
9.3,9.4,9.353269999999998,2.4173843000000015,314,1,0.1,20,step1-插值损耗模型-仅正功率,JMZSFD,FAN_SEG,风机总功率分段模型,FAN_eff,FAN_eff,10.0,10.0
9.4,9.5,9.45507,2.4344253,301,1,0.1,20,step1-插值损耗模型-仅正功率,JMZSFD,FAN_SEG,风机总功率分段模型,FAN_eff,FAN_eff,10.0,10.0
9.5,9.600000000000001,9.551325,2.381721199999998,310,1,0.1,20,step1-插值损耗模型-仅正功率,JMZSFD,FAN_SEG,风机总功率分段模型,FAN_eff,FAN_eff,10.0,10.0
9.600000000000001,9.700000000000001,9.64956,2.3490961499999994,320,1,0.1,20,step1-插值损耗模型-仅正功率,JMZSFD,FAN_SEG,风机总功率分段模型,FAN_eff,FAN_eff,10.0,10.0
9.700000000000001,9.8,9.750419999999997,2.3506430000000025,329,1,0.1,20,step1-插值损耗模型-仅正功率,JMZSFD,FAN_SEG,风机总功率分段模型,FAN_eff,FAN_eff,10.0,10.0
9.8,9.9,9.850285000000005,2.294204950000002,320,1,0.1,20,step1-插值损耗模型-仅正功率,JMZSFD,FAN_SEG,风机总功率分段模型,FAN_eff,FAN_eff,10.0,10.0
9.9,10.0,9.951769999999996,2.3886223499999972,340,1,0.1,20,step1-插值损耗模型-仅正功率,JMZSFD,FAN_SEG,风机总功率分段模型,FAN_eff,FAN_eff,10.0,10.0
