P_left,P_right,P_med,L_med,n,base_bin_count,bin_width,min_bin_samples,region,bin_source,sigma_local,sigma_sample_n,var_local,station_code,station_name,scheme_code,scheme_name,power_col_for_prediction,power_threshold_axis,power_switch_threshold,fan_threshold_b,interp_order
0.0,0.6000000000000001,0.58908856,3.3352515999999985,131,6,0.1,20,low,low_lookup,0.4364443537491333,131,0.1904836739194986,step1-插值损耗模型-仅正功率,JMZSFD,STATION_SEG,站端功率分段模型,CT_eff,CT_eff,9.4,10.0,1
0.6000000000000001,0.7000000000000001,0.6405911,3.3864588999999996,397,1,0.1,20,low,low_lookup,0.41305686730574914,397,0.17061597562843925,step1-插值损耗模型-仅正功率,JMZSFD,STATION_SEG,站端功率分段模型,CT_eff,CT_eff,9.4,10.0,2
0.7000000000000001,0.8,0.7317494,3.4645738300000017,163,1,0.1,20,low,low_lookup,0.44066052866557304,163,0.1941817015238223,step1-插值损耗模型-仅正功率,JMZSFD,STATION_SEG,站端功率分段模型,CT_eff,CT_eff,9.4,10.0,3
0.8,0.9,0.8606144,3.5604215999999997,55,1,0.1,20,low,low_lookup,0.5133424030417448,55,0.26352042276067317,step1-插值损耗模型-仅正功率,JMZSFD,STATION_SEG,站端功率分段模型,CT_eff,CT_eff,9.4,10.0,4
0.9,1.0,0.93899,3.52963384,35,1,0.1,20,low,low_lookup,0.5344337432865996,35,0.2856194259633271,step1-插值损耗模型-仅正功率,JMZSFD,STATION_SEG,站端功率分段模型,CT_eff,CT_eff,9.4,10.0,5
1.0,1.2000000000000002,1.1821337,3.1158233000000006,55,2,0.1,20,low,low_lookup,0.570709667313633,55,0.3257095243652377,step1-插值损耗模型-仅正功率,JMZSFD,STATION_SEG,站端功率分段模型,CT_eff,CT_eff,9.4,10.0,6
1.2000000000000002,1.3,1.2560109000000002,3.0082412000000005,270,1,0.1,20,low,low_lookup,0.37588818498146015,270,0.14129192760865641,step1-插值损耗模型-仅正功率,JMZSFD,STATION_SEG,站端功率分段模型,CT_eff,CT_eff,9.4,10.0,7
1.3,1.4000000000000001,1.3523648,3.108285499999999,407,1,0.1,20,low,low_lookup,0.417416848600858,407,0.1742368254958716,step1-插值损耗模型-仅正功率,JMZSFD,STATION_SEG,站端功率分段模型,CT_eff,CT_eff,9.4,10.0,8
1.4000000000000001,1.5,1.45168105,3.0718158000000004,466,1,0.1,20,low,low_lookup,0.41253468383444114,466,0.1701848653663823,step1-插值损耗模型-仅正功率,JMZSFD,STATION_SEG,站端功率分段模型,CT_eff,CT_eff,9.4,10.0,9
1.5,1.6,1.5466307000000001,3.1144029500000006,484,1,0.1,20,low,low_lookup,0.4199245296906757,484,0.17633661063593514,step1-插值损耗模型-仅正功率,JMZSFD,STATION_SEG,站端功率分段模型,CT_eff,CT_eff,9.4,10.0,10
1.6,1.7000000000000002,1.6509438,3.1379211000000016,545,1,0.1,20,low,low_lookup,0.4207843174108996,545,0.17705944177895672,step1-插值损耗模型-仅正功率,JMZSFD,STATION_SEG,站端功率分段模型,CT_eff,CT_eff,9.4,10.0,11
1.7000000000000002,1.8,1.74755055,3.1939109500000002,498,1,0.1,20,low,low_lookup,0.45348966890683245,498,0.20565287980522853,step1-插值损耗模型-仅正功率,JMZSFD,STATION_SEG,站端功率分段模型,CT_eff,CT_eff,9.4,10.0,12
1.8,1.9000000000000001,1.82203865,3.1822707,258,1,0.1,20,low,low_lookup,1.0479920108078604,259,1.0982872547171025,step1-插值损耗模型-仅正功率,JMZSFD,STATION_SEG,站端功率分段模型,CT_eff,CT_eff,9.4,10.0,13
1.9000000000000001,2.0,1.9671211,3.2677069000000003,315,1,0.1,20,low,low_lookup,0.416735189363134,315,0.17366821805352714,step1-插值损耗模型-仅正功率,JMZSFD,STATION_SEG,站端功率分段模型,CT_eff,CT_eff,9.4,10.0,14
2.0,2.1,2.0526950499999996,3.2475163499999997,470,1,0.1,20,low,low_lookup,0.427724280378499,470,0.18294806002530484,step1-插值损耗模型-仅正功率,JMZSFD,STATION_SEG,站端功率分段模型,CT_eff,CT_eff,9.4,10.0,15
2.1,2.2,2.1441088,3.2630140000000005,393,1,0.1,20,low,low_lookup,0.4279207243919416,393,0.18311614636412407,step1-插值损耗模型-仅正功率,JMZSFD,STATION_SEG,站端功率分段模型,CT_eff,CT_eff,9.4,10.0,16
2.2,2.3000000000000003,2.245834,3.283406199999998,407,1,0.1,20,low,low_lookup,0.4289750459363688,407,0.18401959003610974,step1-插值损耗模型-仅正功率,JMZSFD,STATION_SEG,站端功率分段模型,CT_eff,CT_eff,9.4,10.0,17
2.3000000000000003,2.4000000000000004,2.3538198,3.3360195999999993,349,1,0.1,20,low,low_lookup,0.4580848120470374,349,0.20984169502816957,step1-插值损耗模型-仅正功率,JMZSFD,STATION_SEG,站端功率分段模型,CT_eff,CT_eff,9.4,10.0,18
2.4000000000000004,2.5,2.4480548,3.3843574000000003,267,1,0.1,20,low,low_lookup,0.4471425977325626,267,0.1999365027070243,step1-插值损耗模型-仅正功率,JMZSFD,STATION_SEG,站端功率分段模型,CT_eff,CT_eff,9.4,10.0,19
2.5,2.6,2.5478649,3.33449735,184,1,0.1,20,low,low_lookup,0.49004043292128424,184,0.24013962589767968,step1-插值损耗模型-仅正功率,JMZSFD,STATION_SEG,站端功率分段模型,CT_eff,CT_eff,9.4,10.0,20
2.6,2.7,2.6434958,3.27089,169,1,0.1,20,low,low_lookup,0.562014357625109,169,0.3158601381767639,step1-插值损耗模型-仅正功率,JMZSFD,STATION_SEG,站端功率分段模型,CT_eff,CT_eff,9.4,10.0,21
2.7,2.8000000000000003,2.74684715,3.1142722499999995,154,1,0.1,20,low,low_lookup,0.5591729764457394,154,0.3126744175871874,step1-插值损耗模型-仅正功率,JMZSFD,STATION_SEG,站端功率分段模型,CT_eff,CT_eff,9.4,10.0,22
2.8000000000000003,2.9000000000000004,2.8439097,2.871589699999999,159,1,0.1,20,low,low_lookup,0.5046495326112082,159,0.25467115076471086,step1-插值损耗模型-仅正功率,JMZSFD,STATION_SEG,站端功率分段模型,CT_eff,CT_eff,9.4,10.0,23
2.9000000000000004,3.0,2.9477499,2.799403,151,1,0.1,20,low,low_lookup,0.4321672259088448,151,0.18676851114974652,step1-插值损耗模型-仅正功率,JMZSFD,STATION_SEG,站端功率分段模型,CT_eff,CT_eff,9.4,10.0,24
3.0,3.1,3.0610973,2.718234849999999,184,1,0.1,20,low,low_lookup,0.42970768820646305,184,0.18464869730374286,step1-插值损耗模型-仅正功率,JMZSFD,STATION_SEG,站端功率分段模型,CT_eff,CT_eff,9.4,10.0,25
3.1,3.2,3.1469097,2.782471000000001,217,1,0.1,20,low,low_lookup,0.42212473931244543,217,0.1781892955396,step1-插值损耗模型-仅正功率,JMZSFD,STATION_SEG,站端功率分段模型,CT_eff,CT_eff,9.4,10.0,26
3.2,3.3000000000000003,3.2491615,2.7421906999999988,267,1,0.1,20,low,low_lookup,0.4499652920477565,267,0.2024687640476228,step1-插值损耗模型-仅正功率,JMZSFD,STATION_SEG,站端功率分段模型,CT_eff,CT_eff,9.4,10.0,27
3.3000000000000003,3.4000000000000004,3.3506844,2.7549254000000007,247,1,0.1,20,low,low_lookup,0.4960835338559329,247,0.2460988725629905,step1-插值损耗模型-仅正功率,JMZSFD,STATION_SEG,站端功率分段模型,CT_eff,CT_eff,9.4,10.0,28
3.4000000000000004,3.5,3.447006,2.7213674,310,1,0.1,20,low,low_lookup,0.4862239046858003,310,0.2364136854879062,step1-插值损耗模型-仅正功率,JMZSFD,STATION_SEG,站端功率分段模型,CT_eff,CT_eff,9.4,10.0,29
3.5,3.6,3.550992,2.7704587,304,1,0.1,20,low,low_lookup,0.4641817294350512,304,0.21546467794131507,step1-插值损耗模型-仅正功率,JMZSFD,STATION_SEG,站端功率分段模型,CT_eff,CT_eff,9.4,10.0,30
3.6,3.7,3.65008865,2.7648547999999993,336,1,0.1,20,low,low_lookup,0.4847737164125039,336,0.23500555612439075,step1-插值损耗模型-仅正功率,JMZSFD,STATION_SEG,站端功率分段模型,CT_eff,CT_eff,9.4,10.0,31
3.7,3.8000000000000003,3.7502308,2.7991132999999997,365,1,0.1,20,low,low_lookup,0.48215758791619523,365,0.23247593958516352,step1-插值损耗模型-仅正功率,JMZSFD,STATION_SEG,站端功率分段模型,CT_eff,CT_eff,9.4,10.0,32
3.8000000000000003,3.9000000000000004,3.8508422500000004,2.6990694000000013,306,1,0.1,20,low,low_lookup,0.5092791572790841,306,0.2593652600388941,step1-插值损耗模型-仅正功率,JMZSFD,STATION_SEG,站端功率分段模型,CT_eff,CT_eff,9.4,10.0,33
3.9000000000000004,4.0,3.951557,2.745530799999999,323,1,0.1,20,low,low_lookup,0.47493396790773496,323,0.22556227387258543,step1-插值损耗模型-仅正功率,JMZSFD,STATION_SEG,站端功率分段模型,CT_eff,CT_eff,9.4,10.0,34
4.0,4.1000000000000005,4.051503,2.6720714,301,1,0.1,20,low,low_lookup,0.46647088482272786,301,0.21759508638729863,step1-插值损耗模型-仅正功率,JMZSFD,STATION_SEG,站端功率分段模型,CT_eff,CT_eff,9.4,10.0,35
4.1000000000000005,4.2,4.152754,2.6780000000000017,333,1,0.1,20,low,low_lookup,0.4777773244765899,333,0.22827117178400866,step1-插值损耗模型-仅正功率,JMZSFD,STATION_SEG,站端功率分段模型,CT_eff,CT_eff,9.4,10.0,36
4.2,4.3,4.2472925,2.6870829999999994,321,1,0.1,20,low,low_lookup,0.49243698677393194,321,0.24249418594298963,step1-插值损耗模型-仅正功率,JMZSFD,STATION_SEG,站端功率分段模型,CT_eff,CT_eff,9.4,10.0,37
4.3,4.4,4.3486876,2.6708415000000008,303,1,0.1,20,low,low_lookup,0.4807357124141578,303,0.23110682519034784,step1-插值损耗模型-仅正功率,JMZSFD,STATION_SEG,站端功率分段模型,CT_eff,CT_eff,9.4,10.0,38
4.4,4.5,4.451583,2.674558,323,1,0.1,20,low,low_lookup,0.4637448699504024,323,0.21505930440531565,step1-插值损耗模型-仅正功率,JMZSFD,STATION_SEG,站端功率分段模型,CT_eff,CT_eff,9.4,10.0,39
4.5,4.6000000000000005,4.5489354,2.6669480000000005,301,1,0.1,20,low,low_lookup,0.5309309563594964,301,0.28188768042080947,step1-插值损耗模型-仅正功率,JMZSFD,STATION_SEG,站端功率分段模型,CT_eff,CT_eff,9.4,10.0,40
4.6000000000000005,4.7,4.655749650000001,2.6020700499999987,314,1,0.1,20,low,low_lookup,0.4778394658705333,314,0.22833055514343653,step1-插值损耗模型-仅正功率,JMZSFD,STATION_SEG,站端功率分段模型,CT_eff,CT_eff,9.4,10.0,41
4.7,4.800000000000001,4.747515,2.608378,313,1,0.1,20,low,low_lookup,0.4898776889923939,313,0.23998015017252863,step1-插值损耗模型-仅正功率,JMZSFD,STATION_SEG,站端功率分段模型,CT_eff,CT_eff,9.4,10.0,42
4.800000000000001,4.9,4.85117335,2.5908232499999997,316,1,0.1,20,low,low_lookup,0.5051220575883708,316,0.2551482930623094,step1-插值损耗模型-仅正功率,JMZSFD,STATION_SEG,站端功率分段模型,CT_eff,CT_eff,9.4,10.0,43
4.9,5.0,4.9487082000000004,2.6269983999999997,300,1,0.1,20,low,low_lookup,0.5117535675601179,300,0.2618917139105082,step1-插值损耗模型-仅正功率,JMZSFD,STATION_SEG,站端功率分段模型,CT_eff,CT_eff,9.4,10.0,44
5.0,5.1000000000000005,5.0512426,2.5805082500000016,334,1,0.1,20,low,low_lookup,0.5292672810871722,334,0.2801238548294078,step1-插值损耗模型-仅正功率,JMZSFD,STATION_SEG,站端功率分段模型,CT_eff,CT_eff,9.4,10.0,45
5.1000000000000005,5.2,5.1508136,2.561523000000001,305,1,0.1,20,low,low_lookup,0.5012061804051303,305,0.2512076352763,step1-插值损耗模型-仅正功率,JMZSFD,STATION_SEG,站端功率分段模型,CT_eff,CT_eff,9.4,10.0,46
5.2,5.300000000000001,5.2492695,2.6354587,295,1,0.1,20,low,low_lookup,0.48748316649750034,295,0.23763983761842963,step1-插值损耗模型-仅正功率,JMZSFD,STATION_SEG,站端功率分段模型,CT_eff,CT_eff,9.4,10.0,47
5.300000000000001,5.4,5.351615300000001,2.4948357499999996,296,1,0.1,20,low,low_lookup,0.5393861633623261,296,0.29093743322673,step1-插值损耗模型-仅正功率,JMZSFD,STATION_SEG,站端功率分段模型,CT_eff,CT_eff,9.4,10.0,48
5.4,5.5,5.453198,2.5557250000000007,271,1,0.1,20,low,low_lookup,0.5452533862762482,271,0.29730125524571555,step1-插值损耗模型-仅正功率,JMZSFD,STATION_SEG,站端功率分段模型,CT_eff,CT_eff,9.4,10.0,49
5.5,5.6000000000000005,5.548029,2.4949660000000007,289,1,0.1,20,low,low_lookup,0.5167408976408534,289,0.26702115529467496,step1-插值损耗模型-仅正功率,JMZSFD,STATION_SEG,站端功率分段模型,CT_eff,CT_eff,9.4,10.0,50
5.6000000000000005,5.7,5.65215675,2.5738212999999996,282,1,0.1,20,low,low_lookup,0.5363430298986499,282,0.28766384572086406,step1-插值损耗模型-仅正功率,JMZSFD,STATION_SEG,站端功率分段模型,CT_eff,CT_eff,9.4,10.0,51
5.7,5.800000000000001,5.7458425,2.5546549999999995,301,1,0.1,20,low,low_lookup,0.5276119884205974,302,0.2783744103251366,step1-插值损耗模型-仅正功率,JMZSFD,STATION_SEG,站端功率分段模型,CT_eff,CT_eff,9.4,10.0,52
5.800000000000001,5.9,5.855293,2.5030434500000003,280,1,0.1,20,low,low_lookup,0.4838170035231842,280,0.2340788928981528,step1-插值损耗模型-仅正功率,JMZSFD,STATION_SEG,站端功率分段模型,CT_eff,CT_eff,9.4,10.0,53
5.9,6.0,5.9486604,2.516382599999999,289,1,0.1,20,low,low_lookup,0.49743083622225315,289,0.24743743682477004,step1-插值损耗模型-仅正功率,JMZSFD,STATION_SEG,站端功率分段模型,CT_eff,CT_eff,9.4,10.0,54
6.0,6.1000000000000005,6.0509434,2.4567837000000035,289,1,0.1,20,low,low_lookup,0.5031393455293648,290,0.25314920101971755,step1-插值损耗模型-仅正功率,JMZSFD,STATION_SEG,站端功率分段模型,CT_eff,CT_eff,9.4,10.0,55
6.1000000000000005,6.2,6.1500255,2.4116193500000023,282,1,0.1,20,low,low_lookup,0.5470096639142689,285,0.2992195724156014,step1-插值损耗模型-仅正功率,JMZSFD,STATION_SEG,站端功率分段模型,CT_eff,CT_eff,9.4,10.0,56
6.2,6.300000000000001,6.2565574999999995,2.457589999999999,318,1,0.1,20,low,low_lookup,0.5302973331720345,321,0.2812152615693718,step1-插值损耗模型-仅正功率,JMZSFD,STATION_SEG,站端功率分段模型,CT_eff,CT_eff,9.4,10.0,57
6.300000000000001,6.4,6.3516785,2.4415471500000003,310,1,0.1,20,low,low_lookup,0.5354741801487248,312,0.286732597605949,step1-插值损耗模型-仅正功率,JMZSFD,STATION_SEG,站端功率分段模型,CT_eff,CT_eff,9.4,10.0,58
6.4,6.5,6.4502885,2.426528150000002,258,1,0.1,20,low,low_lookup,0.4933096509109928,262,0.2433544116819256,step1-插值损耗模型-仅正功率,JMZSFD,STATION_SEG,站端功率分段模型,CT_eff,CT_eff,9.4,10.0,59
6.5,6.6000000000000005,6.5471387,2.4227923000000002,257,1,0.1,20,low,low_lookup,0.5469444855100407,270,0.29914827022984314,step1-插值损耗模型-仅正功率,JMZSFD,STATION_SEG,站端功率分段模型,CT_eff,CT_eff,9.4,10.0,60
6.6000000000000005,6.7,6.6484223,2.4160699500000007,276,1,0.1,20,low,low_lookup,0.5282935749331183,291,0.27909410131561435,step1-插值损耗模型-仅正功率,JMZSFD,STATION_SEG,站端功率分段模型,CT_eff,CT_eff,9.4,10.0,61
6.7,6.800000000000001,6.747301,2.3847856000000007,255,1,0.1,20,low,low_lookup,0.525891538392637,271,0.27656191015297443,step1-插值损耗模型-仅正功率,JMZSFD,STATION_SEG,站端功率分段模型,CT_eff,CT_eff,9.4,10.0,62
6.800000000000001,6.9,6.849227,2.3763127000000006,273,1,0.1,20,low,low_lookup,0.5158271258143738,292,0.26607762372591787,step1-插值损耗模型-仅正功率,JMZSFD,STATION_SEG,站端功率分段模型,CT_eff,CT_eff,9.4,10.0,63
6.9,7.0,6.9431677,2.347129500000001,255,1,0.1,20,low,low_lookup,0.5130039477421717,276,0.26317305039905287,step1-插值损耗模型-仅正功率,JMZSFD,STATION_SEG,站端功率分段模型,CT_eff,CT_eff,9.4,10.0,64
7.0,7.1000000000000005,7.0464125,2.2638719999999974,263,1,0.1,20,low,low_lookup,0.5655372046503442,325,0.3198323298437253,step1-插值损耗模型-仅正功率,JMZSFD,STATION_SEG,站端功率分段模型,CT_eff,CT_eff,9.4,10.0,65
7.1000000000000005,7.2,7.1499014,2.216796399999998,239,1,0.1,20,low,low_lookup,0.5491367169042904,293,0.3015511338524228,step1-插值损耗模型-仅正功率,JMZSFD,STATION_SEG,站端功率分段模型,CT_eff,CT_eff,9.4,10.0,66
7.2,7.300000000000001,7.251718,2.2476265999999985,203,1,0.1,20,low,low_lookup,0.4749848570082564,253,0.22561061438715377,step1-插值损耗模型-仅正功率,JMZSFD,STATION_SEG,站端功率分段模型,CT_eff,CT_eff,9.4,10.0,67
7.300000000000001,7.4,7.3532419,2.1129554999999995,222,1,0.1,20,low,low_lookup,0.5144465254345707,286,0.2646552275317024,step1-插值损耗模型-仅正功率,JMZSFD,STATION_SEG,站端功率分段模型,CT_eff,CT_eff,9.4,10.0,68
7.4,7.5,7.451475350000001,2.0982657500000026,200,1,0.1,20,low,low_lookup,0.5405806340588085,301,0.29222742191942347,step1-插值损耗模型-仅正功率,JMZSFD,STATION_SEG,站端功率分段模型,CT_eff,CT_eff,9.4,10.0,69
7.5,7.6000000000000005,7.5494356499999995,2.0533504999999987,172,1,0.1,20,low,low_lookup,0.5780556112101554,283,0.3341482896515463,step1-插值损耗模型-仅正功率,JMZSFD,STATION_SEG,站端功率分段模型,CT_eff,CT_eff,9.4,10.0,70
0.0,8.0,7.641914,2.7937100000000017,1185,4,2.0,20,high,high_lookup,0.508027385350355,21403,0.25809182426591804,step1-插值损耗模型-仅正功率,JMZSFD,STATION_SEG,站端功率分段模型,CT_eff,CT_eff,9.4,10.0,71
7.6000000000000005,7.7,7.6457872,2.021101999999998,120,1,0.1,20,low,low_lookup,0.6134222477689806,244,0.3762868540579486,step1-插值损耗模型-仅正功率,JMZSFD,STATION_SEG,站端功率分段模型,CT_eff,CT_eff,9.4,10.0,72
7.7,7.800000000000001,7.7431226,1.9053795999999972,111,1,0.1,20,low,low_lookup,0.5130219693142415,268,0.26319154099906256,step1-插值损耗模型-仅正功率,JMZSFD,STATION_SEG,站端功率分段模型,CT_eff,CT_eff,9.4,10.0,73
7.800000000000001,7.9,7.8502018499999995,1.8860230999999992,118,1,0.1,20,low,low_lookup,0.49138013720395657,278,0.24145443923857918,step1-插值损耗模型-仅正功率,JMZSFD,STATION_SEG,站端功率分段模型,CT_eff,CT_eff,9.4,10.0,74
7.9,8.0,7.9435915,1.7903983500000011,100,1,0.1,20,low,low_lookup,0.5058055052229152,292,0.25583920911380853,step1-插值损耗模型-仅正功率,JMZSFD,STATION_SEG,站端功率分段模型,CT_eff,CT_eff,9.4,10.0,75
8.0,8.1,8.0399535,1.7375434999999984,98,1,0.1,20,low,low_lookup,0.5167936614985635,299,0.2670756885650919,step1-插值损耗模型-仅正功率,JMZSFD,STATION_SEG,站端功率分段模型,CT_eff,CT_eff,9.4,10.0,76
8.1,8.200000000000001,8.1479775,1.6325949999999994,72,1,0.1,20,low,low_lookup,0.5294924448906376,267,0.2803622491962649,step1-插值损耗模型-仅正功率,JMZSFD,STATION_SEG,站端功率分段模型,CT_eff,CT_eff,9.4,10.0,77
8.200000000000001,8.3,8.247284,1.569056999999999,39,1,0.1,20,low,low_lookup,0.516092925936618,286,0.26635190820181953,step1-插值损耗模型-仅正功率,JMZSFD,STATION_SEG,站端功率分段模型,CT_eff,CT_eff,9.4,10.0,78
8.3,8.4,8.333319,1.4228899999999989,39,1,0.1,20,low,low_lookup,0.5421586747249909,275,0.2939360285795585,step1-插值损耗模型-仅正功率,JMZSFD,STATION_SEG,站端功率分段模型,CT_eff,CT_eff,9.4,10.0,79
8.4,8.6,8.486906,1.336134999999997,35,2,0.1,20,low,low_lookup,0.5083900246767807,525,0.2584604171908577,step1-插值损耗模型-仅正功率,JMZSFD,STATION_SEG,站端功率分段模型,CT_eff,CT_eff,9.4,10.0,80
8.6,9.4,8.692669,1.1102929999999969,37,8,0.1,20,low,low_lookup,0.6680022059520493,2026,0.44622694715680405,step1-插值损耗模型-仅正功率,JMZSFD,STATION_SEG,站端功率分段模型,CT_eff,CT_eff,9.4,10.0,81
8.0,10.0,9.0461725,2.1793655000000003,4944,1,2.0,20,high,high_lookup,0.6566440707103418,5264,0.43118143559904837,step1-插值损耗模型-仅正功率,JMZSFD,STATION_SEG,站端功率分段模型,CT_eff,CT_eff,9.4,10.0,82
10.0,12.0,10.977753,2.032520999999999,5025,1,2.0,20,high,high_lookup,0.5048658291794685,5025,0.2548895054730723,step1-插值损耗模型-仅正功率,JMZSFD,STATION_SEG,站端功率分段模型,CT_eff,CT_eff,9.4,10.0,83
12.0,14.0,13.0028345,1.923986000000001,4684,1,2.0,20,high,high_lookup,0.505245644076071,4684,0.2552731608578438,step1-插值损耗模型-仅正功率,JMZSFD,STATION_SEG,站端功率分段模型,CT_eff,CT_eff,9.4,10.0,84
14.0,16.0,14.95981,1.839788000000004,4163,1,2.0,20,high,high_lookup,0.4866582165365609,4163,0.23683621972254618,step1-插值损耗模型-仅正功率,JMZSFD,STATION_SEG,站端功率分段模型,CT_eff,CT_eff,9.4,10.0,85
16.0,18.0,17.012974,1.7934220000000067,4121,1,2.0,20,high,high_lookup,0.4967714828472693,4121,0.24678190617027476,step1-插值损耗模型-仅正功率,JMZSFD,STATION_SEG,站端功率分段模型,CT_eff,CT_eff,9.4,10.0,86
18.0,20.0,19.005482,1.7339499999999894,4123,1,2.0,20,high,high_lookup,0.4891328488577422,4123,0.2392509438316909,step1-插值损耗模型-仅正功率,JMZSFD,STATION_SEG,站端功率分段模型,CT_eff,CT_eff,9.4,10.0,87
20.0,22.0,20.977764999999998,1.718169000000005,3812,1,2.0,20,high,high_lookup,0.47318410321496435,3812,0.22390319553535004,step1-插值损耗模型-仅正功率,JMZSFD,STATION_SEG,站端功率分段模型,CT_eff,CT_eff,9.4,10.0,88
22.0,24.0,23.019894,1.6971360000000093,3950,1,2.0,20,high,high_lookup,0.4655823938553908,3950,0.21676696546811625,step1-插值损耗模型-仅正功率,JMZSFD,STATION_SEG,站端功率分段模型,CT_eff,CT_eff,9.4,10.0,89
24.0,26.0,25.004784,1.660502999999995,4071,1,2.0,20,high,high_lookup,0.46019610466003547,4071,0.21178045474427032,step1-插值损耗模型-仅正功率,JMZSFD,STATION_SEG,站端功率分段模型,CT_eff,CT_eff,9.4,10.0,90
26.0,28.0,26.96436,1.656365500000005,3914,1,2.0,20,high,high_lookup,0.45813848400259427,3914,0.20989087052419533,step1-插值损耗模型-仅正功率,JMZSFD,STATION_SEG,站端功率分段模型,CT_eff,CT_eff,9.4,10.0,91
28.0,30.0,29.165014,1.6145440000000004,4602,1,2.0,20,high,high_lookup,0.4212078397920125,4602,0.17741604430225366,step1-插值损耗模型-仅正功率,JMZSFD,STATION_SEG,站端功率分段模型,CT_eff,CT_eff,9.4,10.0,92
30.0,32.0,30.978136,1.6335930000000012,3545,1,2.0,20,high,high_lookup,0.45331712828341825,3545,0.20549641879512506,step1-插值损耗模型-仅正功率,JMZSFD,STATION_SEG,站端功率分段模型,CT_eff,CT_eff,9.4,10.0,93
32.0,34.0,32.998413,1.6571799999999968,3325,1,2.0,20,high,high_lookup,0.48058033655735444,3325,0.23095745988558006,step1-插值损耗模型-仅正功率,JMZSFD,STATION_SEG,站端功率分段模型,CT_eff,CT_eff,9.4,10.0,94
34.0,36.0,34.964443,1.661405000000002,3117,1,2.0,20,high,high_lookup,0.48131170578239396,3117,0.23166095812315776,step1-插值损耗模型-仅正功率,JMZSFD,STATION_SEG,站端功率分段模型,CT_eff,CT_eff,9.4,10.0,95
36.0,38.0,37.028632,1.6559249999999999,3096,1,2.0,20,high,high_lookup,0.47770569015417813,3096,0.22820272640567965,step1-插值损耗模型-仅正功率,JMZSFD,STATION_SEG,站端功率分段模型,CT_eff,CT_eff,9.4,10.0,96
38.0,40.0,38.984911,1.6617890000000024,3174,1,2.0,20,high,high_lookup,0.4816511922994741,3174,0.231987871043505,step1-插值损耗模型-仅正功率,JMZSFD,STATION_SEG,站端功率分段模型,CT_eff,CT_eff,9.4,10.0,97
40.0,42.0,41.002445,1.6655399999999858,3137,1,2.0,20,high,high_lookup,0.4916288075408877,3137,0.24169888440407522,step1-插值损耗模型-仅正功率,JMZSFD,STATION_SEG,站端功率分段模型,CT_eff,CT_eff,9.4,10.0,98
42.0,44.0,42.986397,1.6707335000000043,3072,1,2.0,20,high,high_lookup,0.48153038097178913,3072,0.2318715077988364,step1-插值损耗模型-仅正功率,JMZSFD,STATION_SEG,站端功率分段模型,CT_eff,CT_eff,9.4,10.0,99
44.0,46.0,45.002981500000004,1.7128660000000018,3306,1,2.0,20,high,high_lookup,0.4749037562977961,3306,0.2255335777457565,step1-插值损耗模型-仅正功率,JMZSFD,STATION_SEG,站端功率分段模型,CT_eff,CT_eff,9.4,10.0,100
46.0,48.0,47.015556,1.7185559999999853,3223,1,2.0,20,high,high_lookup,0.4683940558670081,3223,0.2193929915715459,step1-插值损耗模型-仅正功率,JMZSFD,STATION_SEG,站端功率分段模型,CT_eff,CT_eff,9.4,10.0,101
48.0,50.0,48.990725999999995,1.7211365000000072,3180,1,2.0,20,high,high_lookup,0.46476251533805196,3180,0.216004195663353,step1-插值损耗模型-仅正功率,JMZSFD,STATION_SEG,站端功率分段模型,CT_eff,CT_eff,9.4,10.0,102
50.0,52.0,50.975494,1.7344769999999983,3005,1,2.0,20,high,high_lookup,0.48592171960618347,3005,0.2361199175850304,step1-插值损耗模型-仅正功率,JMZSFD,STATION_SEG,站端功率分段模型,CT_eff,CT_eff,9.4,10.0,103
52.0,54.0,52.94599,1.7702694999999942,2774,1,2.0,20,high,high_lookup,0.4886665143870086,2774,0.23879496228314848,step1-插值损耗模型-仅正功率,JMZSFD,STATION_SEG,站端功率分段模型,CT_eff,CT_eff,9.4,10.0,104
54.0,56.0,55.01217,1.7868100000000098,2913,1,2.0,20,high,high_lookup,0.492486551199484,2913,0.24254300311236196,step1-插值损耗模型-仅正功率,JMZSFD,STATION_SEG,站端功率分段模型,CT_eff,CT_eff,9.4,10.0,105
56.0,58.0,56.974182,1.829439999999991,2695,1,2.0,20,high,high_lookup,0.4820423599285763,2695,0.23236483676551112,step1-插值损耗模型-仅正功率,JMZSFD,STATION_SEG,站端功率分段模型,CT_eff,CT_eff,9.4,10.0,106
58.0,60.0,59.097042,1.852466999999983,2955,1,2.0,20,high,high_lookup,0.482801460601225,2955,0.23309725035867618,step1-插值损耗模型-仅正功率,JMZSFD,STATION_SEG,站端功率分段模型,CT_eff,CT_eff,9.4,10.0,107
60.0,62.0,60.580878999999996,1.733115999999999,5116,1,2.0,20,high,high_lookup,0.37007312756296706,5116,0.1369541197442361,step1-插值损耗模型-仅正功率,JMZSFD,STATION_SEG,站端功率分段模型,CT_eff,CT_eff,9.4,10.0,108
62.0,64.0,63.002857500000005,1.9084669999999946,2618,1,2.0,20,high,high_lookup,0.5087894912456892,2618,0.2588667464020472,step1-插值损耗模型-仅正功率,JMZSFD,STATION_SEG,站端功率分段模型,CT_eff,CT_eff,9.4,10.0,109
64.0,66.0,65.002985,1.9394100000000094,2644,1,2.0,20,high,high_lookup,0.5173284417532434,2644,0.267628716646839,step1-插值损耗模型-仅正功率,JMZSFD,STATION_SEG,站端功率分段模型,CT_eff,CT_eff,9.4,10.0,110
66.0,68.0,67.01795000000001,1.9579575000000062,2448,1,2.0,20,high,high_lookup,0.5406024798269492,2448,0.292251041195047,step1-插值损耗模型-仅正功率,JMZSFD,STATION_SEG,站端功率分段模型,CT_eff,CT_eff,9.4,10.0,111
68.0,70.0,69.00499,1.973479999999995,2593,1,2.0,20,high,high_lookup,0.5424616476320042,2593,0.2942646391516287,step1-插值损耗模型-仅正功率,JMZSFD,STATION_SEG,站端功率分段模型,CT_eff,CT_eff,9.4,10.0,112
70.0,72.0,71.02815,2.0067399999999793,2557,1,2.0,20,high,high_lookup,0.5768368460933322,2557,0.3327407470109026,step1-插值损耗模型-仅正功率,JMZSFD,STATION_SEG,站端功率分段模型,CT_eff,CT_eff,9.4,10.0,113
72.0,74.0,72.979825,2.062507999999987,2460,1,2.0,20,high,high_lookup,0.5632676632376645,2460,0.3172704604492191,step1-插值损耗模型-仅正功率,JMZSFD,STATION_SEG,站端功率分段模型,CT_eff,CT_eff,9.4,10.0,114
74.0,76.0,74.9854325,2.0794249999999863,2492,1,2.0,20,high,high_lookup,0.5880678506222331,2492,0.34582379693545306,step1-插值损耗模型-仅正功率,JMZSFD,STATION_SEG,站端功率分段模型,CT_eff,CT_eff,9.4,10.0,115
76.0,78.0,77.024376,2.1170399999999887,2531,1,2.0,20,high,high_lookup,0.5678300824233398,2531,0.3224310025048968,step1-插值损耗模型-仅正功率,JMZSFD,STATION_SEG,站端功率分段模型,CT_eff,CT_eff,9.4,10.0,116
78.0,80.0,78.992256,2.142914000000019,2353,1,2.0,20,high,high_lookup,0.5850028959187433,2353,0.342228388233316,step1-插值损耗模型-仅正功率,JMZSFD,STATION_SEG,站端功率分段模型,CT_eff,CT_eff,9.4,10.0,117
80.0,82.0,80.96518499999999,2.209040000000023,2420,1,2.0,20,high,high_lookup,0.5753805538489045,2420,0.3310627817474721,step1-插值损耗模型-仅正功率,JMZSFD,STATION_SEG,站端功率分段模型,CT_eff,CT_eff,9.4,10.0,118
82.0,84.0,82.969525,2.228257499999998,2282,1,2.0,20,high,high_lookup,0.6226547765397198,2282,0.3876989707477284,step1-插值损耗模型-仅正功率,JMZSFD,STATION_SEG,站端功率分段模型,CT_eff,CT_eff,9.4,10.0,119
84.0,86.0,84.94459,2.292242499999972,2182,1,2.0,20,high,high_lookup,0.6084189468753071,2182,0.37017361491685774,step1-插值损耗模型-仅正功率,JMZSFD,STATION_SEG,站端功率分段模型,CT_eff,CT_eff,9.4,10.0,120
86.0,88.0,86.99228,2.3475674999999896,2140,1,2.0,20,high,high_lookup,0.6645225041075934,2140,0.4415901584654265,step1-插值损耗模型-仅正功率,JMZSFD,STATION_SEG,站端功率分段模型,CT_eff,CT_eff,9.4,10.0,121
88.0,90.0,89.01333,2.3746220000000022,2134,1,2.0,20,high,high_lookup,0.6494947018563529,2134,0.4218433677394728,step1-插值损耗模型-仅正功率,JMZSFD,STATION_SEG,站端功率分段模型,CT_eff,CT_eff,9.4,10.0,122
90.0,92.0,91.03712300000001,2.40650500000001,2286,1,2.0,20,high,high_lookup,0.6620922975813218,2286,0.4383662105165136,step1-插值损耗模型-仅正功率,JMZSFD,STATION_SEG,站端功率分段模型,CT_eff,CT_eff,9.4,10.0,123
92.0,94.0,92.99475,2.4494399999999814,2113,1,2.0,20,high,high_lookup,0.6683718540652477,2113,0.4467209353066168,step1-插值损耗模型-仅正功率,JMZSFD,STATION_SEG,站端功率分段模型,CT_eff,CT_eff,9.4,10.0,124
94.0,96.0,94.999363,2.533245000000008,2094,1,2.0,20,high,high_lookup,0.6585661943415247,2094,0.43370943232947895,step1-插值损耗模型-仅正功率,JMZSFD,STATION_SEG,站端功率分段模型,CT_eff,CT_eff,9.4,10.0,125
96.0,98.0,96.959236,2.5336599999999407,1905,1,2.0,20,high,high_lookup,0.6889087429564229,1905,0.47459525612179876,step1-插值损耗模型-仅正功率,JMZSFD,STATION_SEG,站端功率分段模型,CT_eff,CT_eff,9.4,10.0,126
98.0,100.0,99.0212175,2.6310599999999766,1972,1,2.0,20,high,high_lookup,0.676998767382142,1972,0.4583273310369397,step1-插值损耗模型-仅正功率,JMZSFD,STATION_SEG,站端功率分段模型,CT_eff,CT_eff,9.4,10.0,127
100.0,102.0,101.01124,2.641670000000005,1961,1,2.0,20,high,high_lookup,0.6949870919307268,1961,0.48300705795032856,step1-插值损耗模型-仅正功率,JMZSFD,STATION_SEG,站端功率分段模型,CT_eff,CT_eff,9.4,10.0,128
102.0,104.0,102.980156,2.7432899999999734,1819,1,2.0,20,high,high_lookup,0.7294655496398118,1819,0.5321199881113128,step1-插值损耗模型-仅正功率,JMZSFD,STATION_SEG,站端功率分段模型,CT_eff,CT_eff,9.4,10.0,129
104.0,106.0,104.967647,2.74349500000001,1856,1,2.0,20,high,high_lookup,0.7309622963659771,1856,0.5343058787086226,step1-插值损耗模型-仅正功率,JMZSFD,STATION_SEG,站端功率分段模型,CT_eff,CT_eff,9.4,10.0,130
106.0,108.0,107.004395,2.852700000000013,1753,1,2.0,20,high,high_lookup,0.7867708208105648,1753,0.61900832447893,step1-插值损耗模型-仅正功率,JMZSFD,STATION_SEG,站端功率分段模型,CT_eff,CT_eff,9.4,10.0,131
108.0,110.0,109.00183,2.9029899999999884,1711,1,2.0,20,high,high_lookup,0.7758884508838536,1711,0.6020028882149461,step1-插值损耗模型-仅正功率,JMZSFD,STATION_SEG,站端功率分段模型,CT_eff,CT_eff,9.4,10.0,132
110.0,112.0,110.96887,2.928944999999999,1681,1,2.0,20,high,high_lookup,0.7970192843493621,1681,0.6352397396247693,step1-插值损耗模型-仅正功率,JMZSFD,STATION_SEG,站端功率分段模型,CT_eff,CT_eff,9.4,10.0,133
112.0,114.0,113.00931499999999,3.011342000000006,1624,1,2.0,20,high,high_lookup,0.8216970981313044,1624,0.6751861210774065,step1-插值损耗模型-仅正功率,JMZSFD,STATION_SEG,站端功率分段模型,CT_eff,CT_eff,9.4,10.0,134
114.0,116.0,115.0122145,3.1032920000000175,1720,1,2.0,20,high,high_lookup,0.8682077023681003,1720,0.7537846144512959,step1-插值损耗模型-仅正功率,JMZSFD,STATION_SEG,站端功率分段模型,CT_eff,CT_eff,9.4,10.0,135
116.0,118.0,117.015366,3.1150300000000186,1713,1,2.0,20,high,high_lookup,0.8630711445626469,1713,0.7448918005766774,step1-插值损耗模型-仅正功率,JMZSFD,STATION_SEG,站端功率分段模型,CT_eff,CT_eff,9.4,10.0,136
118.0,120.0,118.9946405,3.1939624999999765,1652,1,2.0,20,high,high_lookup,0.9226904161329341,1652,0.8513576040235671,step1-插值损耗模型-仅正功率,JMZSFD,STATION_SEG,站端功率分段模型,CT_eff,CT_eff,9.4,10.0,137
120.0,122.0,121.00702,3.2793099999999953,1567,1,2.0,20,high,high_lookup,0.9171628696599783,1567,0.8411877294829263,step1-插值损耗模型-仅正功率,JMZSFD,STATION_SEG,站端功率分段模型,CT_eff,CT_eff,9.4,10.0,138
122.0,124.0,122.9866575,3.297370000000008,1634,1,2.0,20,high,high_lookup,0.9544029902292819,1634,0.9108850677585947,step1-插值损耗模型-仅正功率,JMZSFD,STATION_SEG,站端功率分段模型,CT_eff,CT_eff,9.4,10.0,139
124.0,126.0,125.0061475,3.402520000000031,1632,1,2.0,20,high,high_lookup,0.9855992620542268,1632,0.9714059053618364,step1-插值损耗模型-仅正功率,JMZSFD,STATION_SEG,站端功率分段模型,CT_eff,CT_eff,9.4,10.0,140
126.0,128.0,127.00843,3.499160000000046,1539,1,2.0,20,high,high_lookup,1.042035980594731,1539,1.0858389848540226,step1-插值损耗模型-仅正功率,JMZSFD,STATION_SEG,站端功率分段模型,CT_eff,CT_eff,9.4,10.0,141
128.0,130.0,129.01122,3.4885299999999972,1467,1,2.0,20,high,high_lookup,1.0273312655287599,1467,1.0554095291329233,step1-插值损耗模型-仅正功率,JMZSFD,STATION_SEG,站端功率分段模型,CT_eff,CT_eff,9.4,10.0,142
130.0,132.0,131.00598,3.5990400000000307,1551,1,2.0,20,high,high_lookup,1.1212018894779354,1551,1.2570936769688925,step1-插值损耗模型-仅正功率,JMZSFD,STATION_SEG,站端功率分段模型,CT_eff,CT_eff,9.4,10.0,143
132.0,134.0,133.00749,3.64943999999997,1485,1,2.0,20,high,high_lookup,1.0563494820046884,1485,1.1158742281315734,step1-插值损耗模型-仅正功率,JMZSFD,STATION_SEG,站端功率分段模型,CT_eff,CT_eff,9.4,10.0,144
134.0,136.0,135.0054,3.7099699999999416,1471,1,2.0,20,high,high_lookup,1.1283925350330586,1471,1.2732697131183324,step1-插值损耗模型-仅正功率,JMZSFD,STATION_SEG,站端功率分段模型,CT_eff,CT_eff,9.4,10.0,145
136.0,138.0,136.97629,3.7990599999999404,1447,1,2.0,20,high,high_lookup,1.1015709070631117,1447,1.2134584632878467,step1-插值损耗模型-仅正功率,JMZSFD,STATION_SEG,站端功率分段模型,CT_eff,CT_eff,9.4,10.0,146
138.0,140.0,139.00621,3.8465499999999793,1495,1,2.0,20,high,high_lookup,1.1545438851954606,1495,1.3329715828422288,step1-插值损耗模型-仅正功率,JMZSFD,STATION_SEG,站端功率分段模型,CT_eff,CT_eff,9.4,10.0,147
140.0,142.0,141.012475,3.9943099999999703,1428,1,2.0,20,high,high_lookup,1.21676288539517,1428,1.4805119192751794,step1-插值损耗模型-仅正功率,JMZSFD,STATION_SEG,站端功率分段模型,CT_eff,CT_eff,9.4,10.0,148
142.0,144.0,142.946895,4.059210000000007,1378,1,2.0,20,high,high_lookup,1.233154857623205,1378,1.520670902879707,step1-插值损耗模型-仅正功率,JMZSFD,STATION_SEG,站端功率分段模型,CT_eff,CT_eff,9.4,10.0,149
144.0,146.0,144.98584,4.085109999999972,1294,1,2.0,20,high,high_lookup,1.2604601332403955,1294,1.5887597474883957,step1-插值损耗模型-仅正功率,JMZSFD,STATION_SEG,站端功率分段模型,CT_eff,CT_eff,9.4,10.0,150
146.0,148.0,146.98846,4.230919999999969,1291,1,2.0,20,high,high_lookup,1.3621570482943328,1291,1.8554718242179293,step1-插值损耗模型-仅正功率,JMZSFD,STATION_SEG,站端功率分段模型,CT_eff,CT_eff,9.4,10.0,151
148.0,150.0,148.98341,4.283470000000051,1247,1,2.0,20,high,high_lookup,1.2978087146945354,1247,1.684307459937082,step1-插值损耗模型-仅正功率,JMZSFD,STATION_SEG,站端功率分段模型,CT_eff,CT_eff,9.4,10.0,152
150.0,152.0,151.0087,4.267189999999999,1211,1,2.0,20,high,high_lookup,1.3428005990685337,1211,1.803113448858813,step1-插值损耗模型-仅正功率,JMZSFD,STATION_SEG,站端功率分段模型,CT_eff,CT_eff,9.4,10.0,153
152.0,154.0,152.95714,4.435669999999988,1239,1,2.0,20,high,high_lookup,1.378192401300414,1239,1.8994142950022017,step1-插值损耗模型-仅正功率,JMZSFD,STATION_SEG,站端功率分段模型,CT_eff,CT_eff,9.4,10.0,154
154.0,156.0,155.007925,4.520330000000001,1196,1,2.0,20,high,high_lookup,1.3816555228991452,1196,1.9089719839577102,step1-插值损耗模型-仅正功率,JMZSFD,STATION_SEG,站端功率分段模型,CT_eff,CT_eff,9.4,10.0,155
156.0,158.0,157.01196,4.651389999999992,1115,1,2.0,20,high,high_lookup,1.4041892392613107,1115,1.9717474196572584,step1-插值损耗模型-仅正功率,JMZSFD,STATION_SEG,站端功率分段模型,CT_eff,CT_eff,9.4,10.0,156
158.0,160.0,159.029595,4.678155000000018,1200,1,2.0,20,high,high_lookup,1.479839831090526,1200,2.189925925682037,step1-插值损耗模型-仅正功率,JMZSFD,STATION_SEG,站端功率分段模型,CT_eff,CT_eff,9.4,10.0,157
160.0,162.0,161.032915,4.696479999999994,1184,1,2.0,20,high,high_lookup,1.483944214471907,1184,2.2020904316646455,step1-插值损耗模型-仅正功率,JMZSFD,STATION_SEG,站端功率分段模型,CT_eff,CT_eff,9.4,10.0,158
162.0,164.0,163.02589,4.8440250000000304,1192,1,2.0,20,high,high_lookup,1.5025276230978197,1192,2.2575892581719836,step1-插值损耗模型-仅正功率,JMZSFD,STATION_SEG,站端功率分段模型,CT_eff,CT_eff,9.4,10.0,159
164.0,166.0,164.98907,4.872084999999984,1184,1,2.0,20,high,high_lookup,1.5622645362414547,1184,2.4406704811977273,step1-插值损耗模型-仅正功率,JMZSFD,STATION_SEG,站端功率分段模型,CT_eff,CT_eff,9.4,10.0,160
166.0,168.0,167.01216,5.101279999999932,1172,1,2.0,20,high,high_lookup,1.5302339763197441,1172,2.3416160222833353,step1-插值损耗模型-仅正功率,JMZSFD,STATION_SEG,站端功率分段模型,CT_eff,CT_eff,9.4,10.0,161
168.0,170.0,169.0475,5.124645000000015,1168,1,2.0,20,high,high_lookup,1.5959845464623776,1168,2.5471666725467212,step1-插值损耗模型-仅正功率,JMZSFD,STATION_SEG,站端功率分段模型,CT_eff,CT_eff,9.4,10.0,162
170.0,172.0,171.00986,5.153929999999974,1135,1,2.0,20,high,high_lookup,1.5604912341893287,1135,2.435132891981734,step1-插值损耗模型-仅正功率,JMZSFD,STATION_SEG,站端功率分段模型,CT_eff,CT_eff,9.4,10.0,163
172.0,174.0,173.023855,5.263910000000038,1112,1,2.0,20,high,high_lookup,1.6015823245297496,1112,2.565065942246116,step1-插值损耗模型-仅正功率,JMZSFD,STATION_SEG,站端功率分段模型,CT_eff,CT_eff,9.4,10.0,164
174.0,176.0,174.97113,5.48839000000001,1095,1,2.0,20,high,high_lookup,1.6394756053837454,1095,2.6878802606483982,step1-插值损耗模型-仅正功率,JMZSFD,STATION_SEG,站端功率分段模型,CT_eff,CT_eff,9.4,10.0,165
176.0,178.0,177.03458,5.470229999999987,1121,1,2.0,20,high,high_lookup,1.5762790662518709,1121,2.48465569470387,step1-插值损耗模型-仅正功率,JMZSFD,STATION_SEG,站端功率分段模型,CT_eff,CT_eff,9.4,10.0,166
178.0,180.0,178.96118,5.566874999999982,988,1,2.0,20,high,high_lookup,1.7326936472655325,988,3.0022272752743335,step1-插值损耗模型-仅正功率,JMZSFD,STATION_SEG,站端功率分段模型,CT_eff,CT_eff,9.4,10.0,167
180.0,182.0,181.05635,5.702845000000025,1078,1,2.0,20,high,high_lookup,1.7615450181180885,1078,3.1030408508566567,step1-插值损耗模型-仅正功率,JMZSFD,STATION_SEG,站端功率分段模型,CT_eff,CT_eff,9.4,10.0,168
182.0,184.0,182.981765,5.72918999999996,988,1,2.0,20,high,high_lookup,1.7918754165911959,988,3.210817508583872,step1-插值损耗模型-仅正功率,JMZSFD,STATION_SEG,站端功率分段模型,CT_eff,CT_eff,9.4,10.0,169
184.0,186.0,184.99266,5.917265,1032,1,2.0,20,high,high_lookup,1.7140464252772627,1032,2.937955148005763,step1-插值损耗模型-仅正功率,JMZSFD,STATION_SEG,站端功率分段模型,CT_eff,CT_eff,9.4,10.0,170
186.0,188.0,186.985515,5.866265000000013,1004,1,2.0,20,high,high_lookup,1.8764592658088544,1004,3.5210993762399045,step1-插值损耗模型-仅正功率,JMZSFD,STATION_SEG,站端功率分段模型,CT_eff,CT_eff,9.4,10.0,171
188.0,190.0,189.04459,6.038420000000002,989,1,2.0,20,high,high_lookup,1.7320252034743646,989,2.9999113054704143,step1-插值损耗模型-仅正功率,JMZSFD,STATION_SEG,站端功率分段模型,CT_eff,CT_eff,9.4,10.0,172
190.0,192.0,190.94911000000002,6.185109999999966,998,1,2.0,20,high,high_lookup,1.868093949721032,998,3.4897750049843257,step1-插值损耗模型-仅正功率,JMZSFD,STATION_SEG,站端功率分段模型,CT_eff,CT_eff,9.4,10.0,173
192.0,194.0,193.03178,6.352999999999952,1005,1,2.0,20,high,high_lookup,1.8712131888064563,1005,3.5014387979632264,step1-插值损耗模型-仅正功率,JMZSFD,STATION_SEG,站端功率分段模型,CT_eff,CT_eff,9.4,10.0,174
194.0,196.0,194.96475,6.255060000000071,961,1,2.0,20,high,high_lookup,1.9569160419903169,961,3.8295203953990478,step1-插值损耗模型-仅正功率,JMZSFD,STATION_SEG,站端功率分段模型,CT_eff,CT_eff,9.4,10.0,175
196.0,198.0,197.023485,6.588459999999941,1012,1,2.0,20,high,high_lookup,2.0095659611890975,1012,4.038355352369861,step1-插值损耗模型-仅正功率,JMZSFD,STATION_SEG,站端功率分段模型,CT_eff,CT_eff,9.4,10.0,176
198.0,200.0,199.01268,6.558285000000026,1084,1,2.0,20,high,high_lookup,1.9583453264726858,1084,3.83511641771741,step1-插值损耗模型-仅正功率,JMZSFD,STATION_SEG,站端功率分段模型,CT_eff,CT_eff,9.4,10.0,177
200.0,202.0,200.9813,6.761550000000057,961,1,2.0,20,high,high_lookup,2.0242987693334302,961,4.09778550752484,step1-插值损耗模型-仅正功率,JMZSFD,STATION_SEG,站端功率分段模型,CT_eff,CT_eff,9.4,10.0,178
202.0,204.0,203.05,6.9770599999999945,1041,1,2.0,20,high,high_lookup,2.123988672510963,1041,4.511327880954884,step1-插值损耗模型-仅正功率,JMZSFD,STATION_SEG,站端功率分段模型,CT_eff,CT_eff,9.4,10.0,179
204.0,206.0,205.04393,6.9667600000000505,1023,1,2.0,20,high,high_lookup,2.070762525626866,1023,4.288057437540556,step1-插值损耗模型-仅正功率,JMZSFD,STATION_SEG,站端功率分段模型,CT_eff,CT_eff,9.4,10.0,180
206.0,208.0,206.99327,7.12215999999998,1023,1,2.0,20,high,high_lookup,2.232869453251109,1023,4.985705995261907,step1-插值损耗模型-仅正功率,JMZSFD,STATION_SEG,站端功率分段模型,CT_eff,CT_eff,9.4,10.0,181
208.0,210.0,209.0489,7.210680000000025,1167,1,2.0,20,high,high_lookup,2.0632950228624165,1167,4.25718635136882,step1-插值损耗模型-仅正功率,JMZSFD,STATION_SEG,站端功率分段模型,CT_eff,CT_eff,9.4,10.0,182
210.0,212.0,210.9684,7.370990000000035,1158,1,2.0,20,high,high_lookup,2.1496246707488353,1158,4.620886225092039,step1-插值损耗模型-仅正功率,JMZSFD,STATION_SEG,站端功率分段模型,CT_eff,CT_eff,9.4,10.0,183
212.0,214.0,213.009065,7.410870000000003,1182,1,2.0,20,high,high_lookup,2.1018190720469416,1182,4.417643411620267,step1-插值损耗模型-仅正功率,JMZSFD,STATION_SEG,站端功率分段模型,CT_eff,CT_eff,9.4,10.0,184
214.0,216.0,214.99576,7.558849999999978,1147,1,2.0,20,high,high_lookup,2.0841779843900645,1147,4.343797870616232,step1-插值损耗模型-仅正功率,JMZSFD,STATION_SEG,站端功率分段模型,CT_eff,CT_eff,9.4,10.0,185
216.0,218.0,216.99785,7.81201999999999,1178,1,2.0,20,high,high_lookup,2.1860324905936315,1178,4.778738049930995,step1-插值损耗模型-仅正功率,JMZSFD,STATION_SEG,站端功率分段模型,CT_eff,CT_eff,9.4,10.0,186
218.0,220.0,218.99899,7.772390000000016,1152,1,2.0,20,high,high_lookup,2.1238203956238864,1152,4.510613072868002,step1-插值损耗模型-仅正功率,JMZSFD,STATION_SEG,站端功率分段模型,CT_eff,CT_eff,9.4,10.0,187
220.0,222.0,221.00739,7.911729999999977,1189,1,2.0,20,high,high_lookup,2.1249610354761623,1189,4.515459402291924,step1-插值损耗模型-仅正功率,JMZSFD,STATION_SEG,站端功率分段模型,CT_eff,CT_eff,9.4,10.0,188
222.0,224.0,223.05328,7.992170000000101,1221,1,2.0,20,high,high_lookup,2.1795097304026156,1221,4.750262664919682,step1-插值损耗模型-仅正功率,JMZSFD,STATION_SEG,站端功率分段模型,CT_eff,CT_eff,9.4,10.0,189
224.0,226.0,225.067365,8.107404999999957,1298,1,2.0,20,high,high_lookup,2.1040028588615876,1298,4.426828030097734,step1-插值损耗模型-仅正功率,JMZSFD,STATION_SEG,站端功率分段模型,CT_eff,CT_eff,9.4,10.0,190
226.0,228.0,227.00848,8.327140000000014,1161,1,2.0,20,high,high_lookup,2.101821797194859,1161,4.417654867163428,step1-插值损耗模型-仅正功率,JMZSFD,STATION_SEG,站端功率分段模型,CT_eff,CT_eff,9.4,10.0,191
228.0,230.0,229.01099,8.425529999999952,1211,1,2.0,20,high,high_lookup,2.134395630807979,1211,4.555644708812189,step1-插值损耗模型-仅正功率,JMZSFD,STATION_SEG,站端功率分段模型,CT_eff,CT_eff,9.4,10.0,192
230.0,232.0,231.040055,8.637839999999954,1276,1,2.0,20,high,high_lookup,2.1673662187201415,1276,4.6974763260492445,step1-插值损耗模型-仅正功率,JMZSFD,STATION_SEG,站端功率分段模型,CT_eff,CT_eff,9.4,10.0,193
232.0,234.0,232.96160500000002,8.672225000000012,1196,1,2.0,20,high,high_lookup,2.1631750081682415,1196,4.679326115963671,step1-插值损耗模型-仅正功率,JMZSFD,STATION_SEG,站端功率分段模型,CT_eff,CT_eff,9.4,10.0,194
234.0,236.0,235.0075,8.738010000000017,1188,1,2.0,20,high,high_lookup,2.1537774738756084,1188,4.638757406973997,step1-插值损耗模型-仅正功率,JMZSFD,STATION_SEG,站端功率分段模型,CT_eff,CT_eff,9.4,10.0,195
236.0,238.0,237.0469,8.964185,1220,1,2.0,20,high,high_lookup,2.1576698513021677,1220,4.655539187218318,step1-插值损耗模型-仅正功率,JMZSFD,STATION_SEG,站端功率分段模型,CT_eff,CT_eff,9.4,10.0,196
238.0,240.0,239.00342,9.108839999999987,1177,1,2.0,20,high,high_lookup,2.110674431030298,1177,4.4549465538050725,step1-插值损耗模型-仅正功率,JMZSFD,STATION_SEG,站端功率分段模型,CT_eff,CT_eff,9.4,10.0,197
240.0,242.0,241.02118,9.232949999999988,1345,1,2.0,20,high,high_lookup,2.075802203884058,1345,4.3089547896499125,step1-插值损耗模型-仅正功率,JMZSFD,STATION_SEG,站端功率分段模型,CT_eff,CT_eff,9.4,10.0,198
242.0,244.0,243.050015,9.462985000000046,1436,1,2.0,20,high,high_lookup,2.0205576199169943,1436,4.082653095404629,step1-插值损耗模型-仅正功率,JMZSFD,STATION_SEG,站端功率分段模型,CT_eff,CT_eff,9.4,10.0,199
244.0,246.0,245.00664,9.640950000000032,2035,1,2.0,20,high,high_lookup,1.6073819139931813,2035,2.583676617432383,step1-插值损耗模型-仅正功率,JMZSFD,STATION_SEG,站端功率分段模型,CT_eff,CT_eff,9.4,10.0,200
246.0,248.0,246.9422,9.663359999999983,1641,1,2.0,20,high,high_lookup,1.741699840865133,1641,3.0335183356696294,step1-插值损耗模型-仅正功率,JMZSFD,STATION_SEG,站端功率分段模型,CT_eff,CT_eff,9.4,10.0,201
248.0,250.0,248.90948,9.733709999999917,1415,1,2.0,20,high,high_lookup,1.9624407507068025,1415,3.8511737000346784,step1-插值损耗模型-仅正功率,JMZSFD,STATION_SEG,站端功率分段模型,CT_eff,CT_eff,9.4,10.0,202
250.0,252.0,251.015105,9.991415000000018,1388,1,2.0,20,high,high_lookup,1.9356206267346299,1388,3.746627210640561,step1-插值损耗模型-仅正功率,JMZSFD,STATION_SEG,站端功率分段模型,CT_eff,CT_eff,9.4,10.0,203
252.0,254.0,252.94091,9.967865000000018,1330,1,2.0,20,high,high_lookup,1.992377307611764,1330,3.9695673358863015,step1-插值损耗模型-仅正功率,JMZSFD,STATION_SEG,站端功率分段模型,CT_eff,CT_eff,9.4,10.0,204
254.0,256.0,254.96148499999998,10.111769999999979,1238,1,2.0,20,high,high_lookup,1.9971662660606815,1238,3.988673094290765,step1-插值损耗模型-仅正功率,JMZSFD,STATION_SEG,站端功率分段模型,CT_eff,CT_eff,9.4,10.0,205
256.0,258.0,257.04395,10.266660000000115,1179,1,2.0,20,high,high_lookup,2.0414980669491163,1179,4.167714357356979,step1-插值损耗模型-仅正功率,JMZSFD,STATION_SEG,站端功率分段模型,CT_eff,CT_eff,9.4,10.0,206
258.0,260.0,259.014785,10.40354499999998,1176,1,2.0,20,high,high_lookup,1.98562765734301,1176,3.9427171936054903,step1-插值损耗模型-仅正功率,JMZSFD,STATION_SEG,站端功率分段模型,CT_eff,CT_eff,9.4,10.0,207
260.0,262.0,261.02866,10.63176999999996,1393,1,2.0,20,high,high_lookup,1.90522887341265,1393,3.629897060085235,step1-插值损耗模型-仅正功率,JMZSFD,STATION_SEG,站端功率分段模型,CT_eff,CT_eff,9.4,10.0,208
262.0,264.0,263.15427,10.98159000000004,1745,1,2.0,20,high,high_lookup,1.782409705477543,1745,3.1769843581805413,step1-插值损耗模型-仅正功率,JMZSFD,STATION_SEG,站端功率分段模型,CT_eff,CT_eff,9.4,10.0,209
264.0,266.0,264.9773,11.104989999999987,2703,1,2.0,20,high,high_lookup,1.4358371732910222,2703,2.061628388204353,step1-插值损耗模型-仅正功率,JMZSFD,STATION_SEG,站端功率分段模型,CT_eff,CT_eff,9.4,10.0,210
266.0,268.0,267.108885,11.08552499999999,2368,1,2.0,20,high,high_lookup,1.6388823489040232,2368,2.6859353535491683,step1-插值损耗模型-仅正功率,JMZSFD,STATION_SEG,站端功率分段模型,CT_eff,CT_eff,9.4,10.0,211
268.0,270.0,269.01566,11.089890000000082,2485,1,2.0,20,high,high_lookup,1.590880277216711,2485,2.5309000564371193,step1-插值损耗模型-仅正功率,JMZSFD,STATION_SEG,站端功率分段模型,CT_eff,CT_eff,9.4,10.0,212
270.0,272.0,271.04773,11.256210000000067,3317,1,2.0,20,high,high_lookup,1.440487999214424,3317,2.0750056758807744,step1-插值损耗模型-仅正功率,JMZSFD,STATION_SEG,站端功率分段模型,CT_eff,CT_eff,9.4,10.0,213
272.0,274.0,273.07196,11.238510000000076,4037,1,2.0,20,high,high_lookup,1.257001078764612,4037,1.5800517120153983,step1-插值损耗模型-仅正功率,JMZSFD,STATION_SEG,站端功率分段模型,CT_eff,CT_eff,9.4,10.0,214
274.0,276.0,274.95825,11.49815000000001,2833,1,2.0,20,high,high_lookup,1.4160039303555854,2833,2.0050671307824652,step1-插值损耗模型-仅正功率,JMZSFD,STATION_SEG,站端功率分段模型,CT_eff,CT_eff,9.4,10.0,215
276.0,278.0,277.2313,11.751239999999939,5205,1,2.0,20,high,high_lookup,1.0791922165564007,5205,1.1646558402759173,step1-插值损耗模型-仅正功率,JMZSFD,STATION_SEG,站端功率分段模型,CT_eff,CT_eff,9.4,10.0,216
278.0,280.0,278.92447,11.804879999999912,4867,1,2.0,20,high,high_lookup,1.1746004238956158,4867,1.3796861558157603,step1-插值损耗模型-仅正功率,JMZSFD,STATION_SEG,站端功率分段模型,CT_eff,CT_eff,9.4,10.0,217
280.0,282.0,281.16148499999997,12.093890000000016,7336,1,2.0,20,high,high_lookup,1.0191231400378573,7336,1.0386119745606222,step1-插值损耗模型-仅正功率,JMZSFD,STATION_SEG,站端功率分段模型,CT_eff,CT_eff,9.4,10.0,218
282.0,284.0,282.78314,11.992324999999994,5202,1,2.0,20,high,high_lookup,1.0973559804029736,5202,1.2041901477261712,step1-插值损耗模型-仅正功率,JMZSFD,STATION_SEG,站端功率分段模型,CT_eff,CT_eff,9.4,10.0,219
284.0,286.0,285.09051,12.14578000000003,6010,1,2.0,20,high,high_lookup,0.923329241800591,6010,0.8525368887640542,step1-插值损耗模型-仅正功率,JMZSFD,STATION_SEG,站端功率分段模型,CT_eff,CT_eff,9.4,10.0,220
286.0,288.0,286.90817,12.143770000000018,2950,1,2.0,20,high,high_lookup,0.9477269041813303,2950,0.8981862849091284,step1-插值损耗模型-仅正功率,JMZSFD,STATION_SEG,站端功率分段模型,CT_eff,CT_eff,9.4,10.0,221
288.0,292.0,288.37604,11.993829999999946,701,2,2.0,20,high,high_lookup,0.6947657656511271,701,0.4826994691207969,step1-插值损耗模型-仅正功率,JMZSFD,STATION_SEG,站端功率分段模型,CT_eff,CT_eff,9.4,10.0,222
0.0,0.1,0.0525,0.0525,3369,1,0.1,20,low,low_lookup,0.01161007244344466,3369,0.00013479378214203307,step1-插值损耗模型-仅正功率,JMZSFD,FAN_SEG,风机总功率分段模型,FAN_eff,FAN_eff,10.0,10.0,1
0.1,0.2,0.14598000000000003,0.14598000000000003,2373,1,0.1,20,low,low_lookup,2.840903109883252e-18,2373,8.070730479744333e-36,step1-插值损耗模型-仅正功率,JMZSFD,FAN_SEG,风机总功率分段模型,FAN_eff,FAN_eff,10.0,10.0,2
0.2,0.30000000000000004,0.24585,0.24585,1886,1,0.1,20,low,low_lookup,0.0,1886,0.0,step1-插值损耗模型-仅正功率,JMZSFD,FAN_SEG,风机总功率分段模型,FAN_eff,FAN_eff,10.0,10.0,3
0.30000000000000004,0.4,0.3495599999999999,0.3495599999999999,1503,1,0.1,20,low,low_lookup,0.0,1503,0.0,step1-插值损耗模型-仅正功率,JMZSFD,FAN_SEG,风机总功率分段模型,FAN_eff,FAN_eff,10.0,10.0,4
0.4,0.5,0.448165,0.448165,1336,1,0.1,20,low,low_lookup,0.0,1336,0.0,step1-插值损耗模型-仅正功率,JMZSFD,FAN_SEG,风机总功率分段模型,FAN_eff,FAN_eff,10.0,10.0,5
0.5,0.6000000000000001,0.54804,0.54804,1100,1,0.1,20,low,low_lookup,0.0,1100,0.0,step1-插值损耗模型-仅正功率,JMZSFD,FAN_SEG,风机总功率分段模型,FAN_eff,FAN_eff,10.0,10.0,6
0.6000000000000001,0.7000000000000001,0.6496299999999999,0.6496299999999999,1007,1,0.1,20,low,low_lookup,0.0,1007,0.0,step1-插值损耗模型-仅正功率,JMZSFD,FAN_SEG,风机总功率分段模型,FAN_eff,FAN_eff,10.0,10.0,7
0.7000000000000001,0.8,0.7465299999999998,0.7465299999999998,939,1,0.1,20,low,low_lookup,0.0,939,0.0,step1-插值损耗模型-仅正功率,JMZSFD,FAN_SEG,风机总功率分段模型,FAN_eff,FAN_eff,10.0,10.0,8
0.8,0.9,0.8489599999999999,0.8489599999999999,866,1,0.1,20,low,low_lookup,0.0,866,0.0,step1-插值损耗模型-仅正功率,JMZSFD,FAN_SEG,风机总功率分段模型,FAN_eff,FAN_eff,10.0,10.0,9
0.9,1.0,0.9488249999999998,0.9488249999999998,790,1,0.1,20,low,low_lookup,0.0,790,0.0,step1-插值损耗模型-仅正功率,JMZSFD,FAN_SEG,风机总功率分段模型,FAN_eff,FAN_eff,10.0,10.0,10
1.0,1.1,1.0499999999999998,1.0499999999999998,745,1,0.1,20,low,low_lookup,0.0,745,0.0,step1-插值损耗模型-仅正功率,JMZSFD,FAN_SEG,风机总功率分段模型,FAN_eff,FAN_eff,10.0,10.0,11
1.1,1.2000000000000002,1.14773,1.14773,733,1,0.1,20,low,low_lookup,0.0,733,0.0,step1-插值损耗模型-仅正功率,JMZSFD,FAN_SEG,风机总功率分段模型,FAN_eff,FAN_eff,10.0,10.0,12
1.2000000000000002,1.3,1.2506400000000002,1.2506400000000002,739,1,0.1,20,low,low_lookup,0.0,739,0.0,step1-插值损耗模型-仅正功率,JMZSFD,FAN_SEG,风机总功率分段模型,FAN_eff,FAN_eff,10.0,10.0,13
1.3,1.4000000000000001,1.34857,1.34857,692,1,0.1,20,low,low_lookup,0.0,692,0.0,step1-插值损耗模型-仅正功率,JMZSFD,FAN_SEG,风机总功率分段模型,FAN_eff,FAN_eff,10.0,10.0,14
1.4000000000000001,1.5,1.45208,1.45208,701,1,0.1,20,low,low_lookup,0.0,701,0.0,step1-插值损耗模型-仅正功率,JMZSFD,FAN_SEG,风机总功率分段模型,FAN_eff,FAN_eff,10.0,10.0,15
1.5,1.6,1.54683,1.54683,685,1,0.1,20,low,low_lookup,0.0,685,0.0,step1-插值损耗模型-仅正功率,JMZSFD,FAN_SEG,风机总功率分段模型,FAN_eff,FAN_eff,10.0,10.0,16
1.6,1.7000000000000002,1.65139,1.65139,657,1,0.1,20,low,low_lookup,0.0,657,0.0,step1-插值损耗模型-仅正功率,JMZSFD,FAN_SEG,风机总功率分段模型,FAN_eff,FAN_eff,10.0,10.0,17
1.7000000000000002,1.8,1.7521200000000001,1.7521200000000001,579,1,0.1,20,low,low_lookup,0.0,579,0.0,step1-插值损耗模型-仅正功率,JMZSFD,FAN_SEG,风机总功率分段模型,FAN_eff,FAN_eff,10.0,10.0,18
1.8,1.9000000000000001,1.8477400000000002,1.8477400000000002,577,1,0.1,20,low,low_lookup,0.0,577,0.0,step1-插值损耗模型-仅正功率,JMZSFD,FAN_SEG,风机总功率分段模型,FAN_eff,FAN_eff,10.0,10.0,19
1.9000000000000001,2.0,1.9484549999999996,1.9484549999999996,560,1,0.1,20,low,low_lookup,0.0,560,0.0,step1-插值损耗模型-仅正功率,JMZSFD,FAN_SEG,风机总功率分段模型,FAN_eff,FAN_eff,10.0,10.0,20
2.0,2.1,2.0462,2.0462,600,1,0.1,20,low,low_lookup,0.0,600,0.0,step1-插值损耗模型-仅正功率,JMZSFD,FAN_SEG,风机总功率分段模型,FAN_eff,FAN_eff,10.0,10.0,21
2.1,2.2,2.1499500000000005,2.1499500000000005,603,1,0.1,20,low,low_lookup,0.0,603,0.0,step1-插值损耗模型-仅正功率,JMZSFD,FAN_SEG,风机总功率分段模型,FAN_eff,FAN_eff,10.0,10.0,22
2.2,2.3000000000000003,2.25131,2.25131,550,1,0.1,20,low,low_lookup,0.0,550,0.0,step1-插值损耗模型-仅正功率,JMZSFD,FAN_SEG,风机总功率分段模型,FAN_eff,FAN_eff,10.0,10.0,23
2.3000000000000003,2.4000000000000004,2.34882,2.34882,553,1,0.1,20,low,low_lookup,0.0,553,0.0,step1-插值损耗模型-仅正功率,JMZSFD,FAN_SEG,风机总功率分段模型,FAN_eff,FAN_eff,10.0,10.0,24
2.4000000000000004,2.5,2.4508400000000004,2.4508400000000004,524,1,0.1,20,low,low_lookup,0.0,524,0.0,step1-插值损耗模型-仅正功率,JMZSFD,FAN_SEG,风机总功率分段模型,FAN_eff,FAN_eff,10.0,10.0,25
2.5,2.6,2.545815000000001,2.545815000000001,556,1,0.1,20,low,low_lookup,0.0,556,0.0,step1-插值损耗模型-仅正功率,JMZSFD,FAN_SEG,风机总功率分段模型,FAN_eff,FAN_eff,10.0,10.0,26
2.6,2.7,2.6531700000000003,2.6531700000000003,549,1,0.1,20,low,low_lookup,0.0,549,0.0,step1-插值损耗模型-仅正功率,JMZSFD,FAN_SEG,风机总功率分段模型,FAN_eff,FAN_eff,10.0,10.0,27
2.7,2.8000000000000003,2.74622,2.74622,529,1,0.1,20,low,low_lookup,0.0,529,0.0,step1-插值损耗模型-仅正功率,JMZSFD,FAN_SEG,风机总功率分段模型,FAN_eff,FAN_eff,10.0,10.0,28
2.8000000000000003,2.9000000000000004,2.8759699999999997,2.8759699999999997,293,1,0.1,20,low,low_lookup,0.0,293,0.0,step1-插值损耗模型-仅正功率,JMZSFD,FAN_SEG,风机总功率分段模型,FAN_eff,FAN_eff,10.0,10.0,29
2.9000000000000004,3.0,2.9489549999999998,2.9489549999999998,544,1,0.1,20,low,low_lookup,0.0,544,0.0,step1-插值损耗模型-仅正功率,JMZSFD,FAN_SEG,风机总功率分段模型,FAN_eff,FAN_eff,10.0,10.0,30
3.0,3.1,3.0266299999999995,3.0266299999999995,280,1,0.1,20,low,low_lookup,0.0,280,0.0,step1-插值损耗模型-仅正功率,JMZSFD,FAN_SEG,风机总功率分段模型,FAN_eff,FAN_eff,10.0,10.0,31
3.1,3.2,3.1487100000000003,3.1487100000000003,527,1,0.1,20,low,low_lookup,0.0,527,0.0,step1-插值损耗模型-仅正功率,JMZSFD,FAN_SEG,风机总功率分段模型,FAN_eff,FAN_eff,10.0,10.0,32
3.2,3.3000000000000003,3.24814,3.24814,466,1,0.1,20,low,low_lookup,0.0,466,0.0,step1-插值损耗模型-仅正功率,JMZSFD,FAN_SEG,风机总功率分段模型,FAN_eff,FAN_eff,10.0,10.0,33
3.3000000000000003,3.4000000000000004,3.34976,3.34976,469,1,0.1,20,low,low_lookup,0.0,469,0.0,step1-插值损耗模型-仅正功率,JMZSFD,FAN_SEG,风机总功率分段模型,FAN_eff,FAN_eff,10.0,10.0,34
3.4000000000000004,3.5,3.45003,3.45003,459,1,0.1,20,low,low_lookup,0.0,459,0.0,step1-插值损耗模型-仅正功率,JMZSFD,FAN_SEG,风机总功率分段模型,FAN_eff,FAN_eff,10.0,10.0,35
3.5,3.6,3.5494899999999987,3.5494899999999987,419,1,0.1,20,low,low_lookup,0.0,419,0.0,step1-插值损耗模型-仅正功率,JMZSFD,FAN_SEG,风机总功率分段模型,FAN_eff,FAN_eff,10.0,10.0,36
3.6,3.7,3.6463800000000006,3.6463800000000006,407,1,0.1,20,low,low_lookup,0.0,407,0.0,step1-插值损耗模型-仅正功率,JMZSFD,FAN_SEG,风机总功率分段模型,FAN_eff,FAN_eff,10.0,10.0,37
3.7,3.8000000000000003,3.7458350000000005,3.7458350000000005,352,1,0.1,20,low,low_lookup,0.0,352,0.0,step1-插值损耗模型-仅正功率,JMZSFD,FAN_SEG,风机总功率分段模型,FAN_eff,FAN_eff,10.0,10.0,38
3.8000000000000003,3.9000000000000004,3.8418799999999997,3.8418799999999997,295,1,0.1,20,low,low_lookup,0.0,295,0.0,step1-插值损耗模型-仅正功率,JMZSFD,FAN_SEG,风机总功率分段模型,FAN_eff,FAN_eff,10.0,10.0,39
3.9000000000000004,4.0,3.9502800000000002,3.9502800000000002,296,1,0.1,20,low,low_lookup,0.005935265905714837,296,3.522738137154096e-05,step1-插值损耗模型-仅正功率,JMZSFD,FAN_SEG,风机总功率分段模型,FAN_eff,FAN_eff,10.0,10.0,40
4.0,4.1000000000000005,4.04952,4.012645,398,1,0.1,20,low,low_lookup,0.5994531548722357,398,0.3593440848862766,step1-插值损耗模型-仅正功率,JMZSFD,FAN_SEG,风机总功率分段模型,FAN_eff,FAN_eff,10.0,10.0,41
4.1000000000000005,4.2,4.150039999999999,3.5433407999999984,419,1,0.1,20,low,low_lookup,0.6957793372481548,419,0.4841088861414815,step1-插值损耗模型-仅正功率,JMZSFD,FAN_SEG,风机总功率分段模型,FAN_eff,FAN_eff,10.0,10.0,42
4.2,4.3,4.253335,3.5714422999999993,410,1,0.1,20,low,low_lookup,0.7174454648976594,410,0.5147279951022186,step1-插值损耗模型-仅正功率,JMZSFD,FAN_SEG,风机总功率分段模型,FAN_eff,FAN_eff,10.0,10.0,43
4.3,4.4,4.351920000000001,3.1057940000000004,393,1,0.1,20,low,low_lookup,0.7175813209436358,393,0.5149229521672133,step1-插值损耗模型-仅正功率,JMZSFD,FAN_SEG,风机总功率分段模型,FAN_eff,FAN_eff,10.0,10.0,44
4.4,4.5,4.45007,3.0978208,414,1,0.1,20,low,low_lookup,0.6914331903318178,414,0.4780798566924358,step1-插值损耗模型-仅正功率,JMZSFD,FAN_SEG,风机总功率分段模型,FAN_eff,FAN_eff,10.0,10.0,45
4.5,4.6000000000000005,4.549529999999999,3.0901159000000016,425,1,0.1,20,low,low_lookup,0.6793354163066291,425,0.46149660784850105,step1-插值损耗模型-仅正功率,JMZSFD,FAN_SEG,风机总功率分段模型,FAN_eff,FAN_eff,10.0,10.0,46
4.6000000000000005,4.7,4.648365,3.1065308499999995,386,1,0.1,20,low,low_lookup,0.6564960456075934,386,0.4309870578984074,step1-插值损耗模型-仅正功率,JMZSFD,FAN_SEG,风机总功率分段模型,FAN_eff,FAN_eff,10.0,10.0,47
4.7,4.800000000000001,4.748859999999999,3.1214808000000005,401,1,0.1,20,low,low_lookup,0.6403311021980211,401,0.4100239204421326,step1-插值损耗模型-仅正功率,JMZSFD,FAN_SEG,风机总功率分段模型,FAN_eff,FAN_eff,10.0,10.0,48
4.800000000000001,4.9,4.852159999999998,3.1478666999999985,339,1,0.1,20,low,low_lookup,0.4036995730372728,339,0.16297334527047633,step1-插值损耗模型-仅正功率,JMZSFD,FAN_SEG,风机总功率分段模型,FAN_eff,FAN_eff,10.0,10.0,49
4.9,5.0,4.949059999999999,3.1787975000000004,391,1,0.1,20,low,low_lookup,0.4349318848510858,391,0.18916574446011816,step1-插值损耗模型-仅正功率,JMZSFD,FAN_SEG,风机总功率分段模型,FAN_eff,FAN_eff,10.0,10.0,50
5.0,5.1000000000000005,5.047014999999999,3.2002069,386,1,0.1,20,low,low_lookup,0.5200410518001791,386,0.2704426955574366,step1-插值损耗模型-仅正功率,JMZSFD,FAN_SEG,风机总功率分段模型,FAN_eff,FAN_eff,10.0,10.0,51
5.1000000000000005,5.2,5.1487300000000005,3.1976318,408,1,0.1,20,low,low_lookup,0.49734793764360674,408,0.24735497107834895,step1-插值损耗模型-仅正功率,JMZSFD,FAN_SEG,风机总功率分段模型,FAN_eff,FAN_eff,10.0,10.0,52
5.2,5.300000000000001,5.24996,3.2303508999999995,394,1,0.1,20,low,low_lookup,0.5006240319165458,394,0.25062442133237867,step1-插值损耗模型-仅正功率,JMZSFD,FAN_SEG,风机总功率分段模型,FAN_eff,FAN_eff,10.0,10.0,53
5.300000000000001,5.4,5.351610000000001,3.2476221999999995,429,1,0.1,20,low,low_lookup,0.6177563548014116,429,0.3816229138975275,step1-插值损耗模型-仅正功率,JMZSFD,FAN_SEG,风机总功率分段模型,FAN_eff,FAN_eff,10.0,10.0,54
5.4,5.5,5.4492850000000015,3.2678836,416,1,0.1,20,low,low_lookup,0.6016485639992544,416,0.3619809945623649,step1-插值损耗模型-仅正功率,JMZSFD,FAN_SEG,风机总功率分段模型,FAN_eff,FAN_eff,10.0,10.0,55
5.5,5.6000000000000005,5.548095,3.2500875999999987,388,1,0.1,20,low,low_lookup,0.6025178248080593,388,0.3630277292114352,step1-插值损耗模型-仅正功率,JMZSFD,FAN_SEG,风机总功率分段模型,FAN_eff,FAN_eff,10.0,10.0,56
5.6000000000000005,5.7,5.650310000000001,3.3025206499999995,366,1,0.1,20,low,low_lookup,0.6373208882553726,366,0.4061779146066171,step1-插值损耗模型-仅正功率,JMZSFD,FAN_SEG,风机总功率分段模型,FAN_eff,FAN_eff,10.0,10.0,57
5.7,5.800000000000001,5.747449999999999,3.1130208999999995,402,1,0.1,20,low,low_lookup,0.6488146670824269,402,0.4209604722212804,step1-插值损耗模型-仅正功率,JMZSFD,FAN_SEG,风机总功率分段模型,FAN_eff,FAN_eff,10.0,10.0,58
5.800000000000001,5.9,5.85186,3.049546399999999,347,1,0.1,20,low,low_lookup,0.6370209122279799,347,0.4057956426157676,step1-插值损耗模型-仅正功率,JMZSFD,FAN_SEG,风机总功率分段模型,FAN_eff,FAN_eff,10.0,10.0,59
5.9,6.0,5.948244999999999,3.0345046500000006,386,1,0.1,20,low,low_lookup,0.688239125016868,386,0.4736730932039841,step1-插值损耗模型-仅正功率,JMZSFD,FAN_SEG,风机总功率分段模型,FAN_eff,FAN_eff,10.0,10.0,60
6.0,6.1000000000000005,6.0522,2.8126941499999996,356,1,0.1,20,low,low_lookup,0.6796981395716462,356,0.461989560937157,step1-插值损耗模型-仅正功率,JMZSFD,FAN_SEG,风机总功率分段模型,FAN_eff,FAN_eff,10.0,10.0,61
6.1000000000000005,6.2,6.14759,2.8060369999999994,377,1,0.1,20,low,low_lookup,0.707868756581751,377,0.5010781765445942,step1-插值损耗模型-仅正功率,JMZSFD,FAN_SEG,风机总功率分段模型,FAN_eff,FAN_eff,10.0,10.0,62
6.2,6.300000000000001,6.250874999999999,2.8136087000000005,370,1,0.1,20,low,low_lookup,0.6735305682781795,370,0.4536434264051274,step1-插值损耗模型-仅正功率,JMZSFD,FAN_SEG,风机总功率分段模型,FAN_eff,FAN_eff,10.0,10.0,63
6.300000000000001,6.4,6.34816,2.6492345999999998,345,1,0.1,20,low,low_lookup,0.6180794419707812,345,0.38202219658691233,step1-插值损耗模型-仅正功率,JMZSFD,FAN_SEG,风机总功率分段模型,FAN_eff,FAN_eff,10.0,10.0,64
6.4,6.5,6.449799999999999,2.7684954,353,1,0.1,20,low,low_lookup,0.6678547628125834,353,0.446029984211452,step1-插值损耗模型-仅正功率,JMZSFD,FAN_SEG,风机总功率分段模型,FAN_eff,FAN_eff,10.0,10.0,65
6.5,6.6000000000000005,6.547515,2.693430750000001,354,1,0.1,20,low,low_lookup,0.6583977846040444,354,0.43348764277151364,step1-插值损耗模型-仅正功率,JMZSFD,FAN_SEG,风机总功率分段模型,FAN_eff,FAN_eff,10.0,10.0,66
6.6000000000000005,6.7,6.652120000000001,2.745530799999999,411,1,0.1,20,low,low_lookup,0.6136393627108102,411,0.3765532674681293,step1-插值损耗模型-仅正功率,JMZSFD,FAN_SEG,风机总功率分段模型,FAN_eff,FAN_eff,10.0,10.0,67
6.7,6.800000000000001,6.753034999999999,2.7679100500000002,360,1,0.1,20,low,low_lookup,0.5458264541982117,360,0.2979265181025925,step1-插值损耗模型-仅正功率,JMZSFD,FAN_SEG,风机总功率分段模型,FAN_eff,FAN_eff,10.0,10.0,68
6.800000000000001,6.9,6.84675,2.661108999999999,359,1,0.1,20,low,low_lookup,0.5987908933321622,359,0.35855053393752884,step1-插值损耗模型-仅正功率,JMZSFD,FAN_SEG,风机总功率分段模型,FAN_eff,FAN_eff,10.0,10.0,69
6.9,7.0,6.949615,2.6863337499999993,338,1,0.1,20,low,low_lookup,0.532533202484637,338,0.28359161174854336,step1-插值损耗模型-仅正功率,JMZSFD,FAN_SEG,风机总功率分段模型,FAN_eff,FAN_eff,10.0,10.0,70
7.0,7.1000000000000005,7.049889999999999,2.6813019999999996,351,1,0.1,20,low,low_lookup,0.559894176481489,351,0.31348148885788474,step1-插值损耗模型-仅正功率,JMZSFD,FAN_SEG,风机总功率分段模型,FAN_eff,FAN_eff,10.0,10.0,71
7.1000000000000005,7.2,7.149320000000002,2.6605489999999996,349,1,0.1,20,low,low_lookup,0.546364629954332,349,0.29851430886513414,step1-插值损耗模型-仅正功率,JMZSFD,FAN_SEG,风机总功率分段模型,FAN_eff,FAN_eff,10.0,10.0,72
7.2,7.300000000000001,7.252419999999999,2.668724299999999,342,1,0.1,20,low,low_lookup,0.5590380565892483,342,0.3125235487150836,step1-插值损耗模型-仅正功率,JMZSFD,FAN_SEG,风机总功率分段模型,FAN_eff,FAN_eff,10.0,10.0,73
7.300000000000001,7.4,7.348700000000001,2.5766603000000003,356,1,0.1,20,low,low_lookup,0.540784461322397,356,0.2924478336077551,step1-插值损耗模型-仅正功率,JMZSFD,FAN_SEG,风机总功率分段模型,FAN_eff,FAN_eff,10.0,10.0,74
7.4,7.5,7.446859999999999,2.5913483999999998,330,1,0.1,20,low,low_lookup,0.5717042706599479,330,0.32684577309082297,step1-插值损耗模型-仅正功率,JMZSFD,FAN_SEG,风机总功率分段模型,FAN_eff,FAN_eff,10.0,10.0,75
7.5,7.6000000000000005,7.547155000000001,2.616267849999999,342,1,0.1,20,low,low_lookup,0.5339171091382198,342,0.2850674794305137,step1-插值损耗模型-仅正功率,JMZSFD,FAN_SEG,风机总功率分段模型,FAN_eff,FAN_eff,10.0,10.0,76
7.6000000000000005,7.7,7.647889999999999,2.6262983999999987,361,1,0.1,20,low,low_lookup,0.5296487307957257,361,0.28052777803352313,step1-插值损耗模型-仅正功率,JMZSFD,FAN_SEG,风机总功率分段模型,FAN_eff,FAN_eff,10.0,10.0,77
7.7,7.800000000000001,7.750299999999998,2.6578583999999985,291,1,0.1,20,low,low_lookup,0.5613631533135476,291,0.31512858989812953,step1-插值损耗模型-仅正功率,JMZSFD,FAN_SEG,风机总功率分段模型,FAN_eff,FAN_eff,10.0,10.0,78
7.800000000000001,7.9,7.847620000000003,2.5068167000000003,336,1,0.1,20,low,low_lookup,0.5545594694690491,336,0.30753620517779323,step1-插值损耗模型-仅正功率,JMZSFD,FAN_SEG,风机总功率分段模型,FAN_eff,FAN_eff,10.0,10.0,79
7.9,8.0,7.950729999999999,2.5387015499999994,326,1,0.1,20,low,low_lookup,0.5635188112943256,326,0.31755345068256974,step1-插值损耗模型-仅正功率,JMZSFD,FAN_SEG,风机总功率分段模型,FAN_eff,FAN_eff,10.0,10.0,80
8.0,8.1,8.047799999999999,2.504877699999998,317,1,0.1,20,low,low_lookup,0.5573281265926302,317,0.31061464069125083,step1-插值损耗模型-仅正功率,JMZSFD,FAN_SEG,风机总功率分段模型,FAN_eff,FAN_eff,10.0,10.0,81
8.1,8.200000000000001,8.15069,2.6014065,334,1,0.1,20,low,low_lookup,0.5891942671899145,334,0.3471498844894604,step1-插值损耗模型-仅正功率,JMZSFD,FAN_SEG,风机总功率分段模型,FAN_eff,FAN_eff,10.0,10.0,82
8.200000000000001,8.3,8.25228,2.488169000000001,347,1,0.1,20,low,low_lookup,0.5748785362766444,347,0.33048533147157716,step1-插值损耗模型-仅正功率,JMZSFD,FAN_SEG,风机总功率分段模型,FAN_eff,FAN_eff,10.0,10.0,83
8.3,8.4,8.34618,2.469288999999999,329,1,0.1,20,low,low_lookup,0.5426660544083902,329,0.29448644660716994,step1-插值损耗模型-仅正功率,JMZSFD,FAN_SEG,风机总功率分段模型,FAN_eff,FAN_eff,10.0,10.0,84
8.4,8.5,8.445,2.451449999999998,330,1,0.1,20,low,low_lookup,0.539424921091475,330,0.290979245494544,step1-插值损耗模型-仅正功率,JMZSFD,FAN_SEG,风机总功率分段模型,FAN_eff,FAN_eff,10.0,10.0,85
8.5,8.6,8.549769999999999,2.501288500000002,319,1,0.1,20,low,low_lookup,0.5941548706069958,319,0.3530200102660159,step1-插值损耗模型-仅正功率,JMZSFD,FAN_SEG,风机总功率分段模型,FAN_eff,FAN_eff,10.0,10.0,86
8.6,8.700000000000001,8.651544999999999,2.4634410000000004,312,1,0.1,20,low,low_lookup,0.5828262480566306,312,0.33968643542376914,step1-插值损耗模型-仅正功率,JMZSFD,FAN_SEG,风机总功率分段模型,FAN_eff,FAN_eff,10.0,10.0,87
8.700000000000001,8.8,8.74953,2.5076663000000003,323,1,0.1,20,low,low_lookup,0.6180126662982404,323,0.3819396557050602,step1-插值损耗模型-仅正功率,JMZSFD,FAN_SEG,风机总功率分段模型,FAN_eff,FAN_eff,10.0,10.0,88
8.8,8.9,8.850249999999999,2.4580514999999954,335,1,0.1,20,low,low_lookup,0.5779069089962877,335,0.33397639546564356,step1-插值损耗模型-仅正功率,JMZSFD,FAN_SEG,风机总功率分段模型,FAN_eff,FAN_eff,10.0,10.0,89
8.9,9.0,8.945429999999998,2.458986499999999,303,1,0.1,20,low,low_lookup,0.5281240801163374,303,0.2789150439987275,step1-插值损耗模型-仅正功率,JMZSFD,FAN_SEG,风机总功率分段模型,FAN_eff,FAN_eff,10.0,10.0,90
9.0,9.1,9.049589999999998,2.3606946499999983,318,1,0.1,20,low,low_lookup,0.5683734120278449,318,0.3230483355001743,step1-插值损耗模型-仅正功率,JMZSFD,FAN_SEG,风机总功率分段模型,FAN_eff,FAN_eff,10.0,10.0,91
9.1,9.200000000000001,9.149265,2.430854350000001,334,1,0.1,20,low,low_lookup,0.5974188588272005,334,0.3569092928823945,step1-插值损耗模型-仅正功率,JMZSFD,FAN_SEG,风机总功率分段模型,FAN_eff,FAN_eff,10.0,10.0,92
9.200000000000001,9.3,9.254315,2.395228499999999,314,1,0.1,20,low,low_lookup,0.5743786061882373,314,0.3299107832467422,step1-插值损耗模型-仅正功率,JMZSFD,FAN_SEG,风机总功率分段模型,FAN_eff,FAN_eff,10.0,10.0,93
9.3,9.4,9.353269999999998,2.4173843000000015,314,1,0.1,20,low,low_lookup,0.5904374072935551,314,0.34861633193153546,step1-插值损耗模型-仅正功率,JMZSFD,FAN_SEG,风机总功率分段模型,FAN_eff,FAN_eff,10.0,10.0,94
9.4,9.5,9.45507,2.4344253,301,1,0.1,20,low,low_lookup,0.5664622740610659,301,0.3208795079344341,step1-插值损耗模型-仅正功率,JMZSFD,FAN_SEG,风机总功率分段模型,FAN_eff,FAN_eff,10.0,10.0,95
9.5,9.600000000000001,9.551325,2.381721199999998,310,1,0.1,20,low,low_lookup,0.6113217121103762,310,0.37371423569756174,step1-插值损耗模型-仅正功率,JMZSFD,FAN_SEG,风机总功率分段模型,FAN_eff,FAN_eff,10.0,10.0,96
9.600000000000001,9.700000000000001,9.64956,2.3490961499999994,320,1,0.1,20,low,low_lookup,0.5908913195208074,320,0.34915255148504093,step1-插值损耗模型-仅正功率,JMZSFD,FAN_SEG,风机总功率分段模型,FAN_eff,FAN_eff,10.0,10.0,97
9.700000000000001,9.8,9.750419999999997,2.3506430000000025,329,1,0.1,20,low,low_lookup,0.5608407979488849,329,0.3145424006439419,step1-插值损耗模型-仅正功率,JMZSFD,FAN_SEG,风机总功率分段模型,FAN_eff,FAN_eff,10.0,10.0,98
9.8,9.9,9.850285000000005,2.294204950000002,320,1,0.1,20,low,low_lookup,0.5701932856814345,320,0.32512038303618995,step1-插值损耗模型-仅正功率,JMZSFD,FAN_SEG,风机总功率分段模型,FAN_eff,FAN_eff,10.0,10.0,99
9.9,10.0,9.951769999999996,2.3886223499999972,340,1,0.1,20,low,low_lookup,0.6012605103593541,340,0.361514201317591,step1-插值损耗模型-仅正功率,JMZSFD,FAN_SEG,风机总功率分段模型,FAN_eff,FAN_eff,10.0,10.0,100
10.0,12.0,10.942979999999999,2.187104999999997,5773,1,2.0,20,high,high_lookup,0.5650671832691585,5773,0.31930092160774076,step1-插值损耗模型-仅正功率,JMZSFD,FAN_SEG,风机总功率分段模型,FAN_eff,FAN_eff,10.0,10.0,101
12.0,14.0,12.98172,2.0458535000000015,5372,1,2.0,20,high,high_lookup,0.5404658567005902,5372,0.2921033422591029,step1-插值损耗模型-仅正功率,JMZSFD,FAN_SEG,风机总功率分段模型,FAN_eff,FAN_eff,10.0,10.0,102
14.0,16.0,15.008519999999999,1.9301324999999991,4866,1,2.0,20,high,high_lookup,0.5171916602726033,4866,0.26748721345553195,step1-插值损耗模型-仅正功率,JMZSFD,FAN_SEG,风机总功率分段模型,FAN_eff,FAN_eff,10.0,10.0,103
16.0,18.0,16.955339999999996,1.8550540000000009,4271,1,2.0,20,high,high_lookup,0.508651018907284,4271,0.2587258590354182,step1-插值损耗模型-仅正功率,JMZSFD,FAN_SEG,风机总功率分段模型,FAN_eff,FAN_eff,10.0,10.0,104
18.0,20.0,19.015355,1.779186499999998,4270,1,2.0,20,high,high_lookup,0.5110511390297906,4270,0.2611732667036464,step1-插值损耗模型-仅正功率,JMZSFD,FAN_SEG,风机总功率分段模型,FAN_eff,FAN_eff,10.0,10.0,105
20.0,22.0,20.980675000000005,1.744511499999998,4170,1,2.0,20,high,high_lookup,0.49827712249963174,4170,0.248280090806513,step1-插值损耗模型-仅正功率,JMZSFD,FAN_SEG,风机总功率分段模型,FAN_eff,FAN_eff,10.0,10.0,106
22.0,24.0,23.007665000000003,1.7166969999999946,3868,1,2.0,20,high,high_lookup,0.4908444722395892,3868,0.24092829592816087,step1-插值损耗模型-仅正功率,JMZSFD,FAN_SEG,风机总功率分段模型,FAN_eff,FAN_eff,10.0,10.0,107
24.0,26.0,24.994579999999992,1.683275000000009,4061,1,2.0,20,high,high_lookup,0.47609595056490184,4061,0.22666735414429745,step1-插值损耗模型-仅正功率,JMZSFD,FAN_SEG,风机总功率分段模型,FAN_eff,FAN_eff,10.0,10.0,108
26.0,28.0,27.003425000000007,1.6563245000000055,4122,1,2.0,20,high,high_lookup,0.4637841701652568,4122,0.21509575649587587,step1-插值损耗模型-仅正功率,JMZSFD,FAN_SEG,风机总功率分段模型,FAN_eff,FAN_eff,10.0,10.0,109
28.0,30.0,28.969990000000006,1.6653999999999982,3811,1,2.0,20,high,high_lookup,0.46511189850462564,3811,0.2163290781305772,step1-插值损耗模型-仅正功率,JMZSFD,FAN_SEG,风机总功率分段模型,FAN_eff,FAN_eff,10.0,10.0,110
30.0,32.0,31.045250000000003,1.610490500000001,4638,1,2.0,20,high,high_lookup,0.4217143165437881,4638,0.1778429647779943,step1-插值损耗模型-仅正功率,JMZSFD,FAN_SEG,风机总功率分段模型,FAN_eff,FAN_eff,10.0,10.0,111
32.0,34.0,32.96556500000001,1.6381700000000077,3474,1,2.0,20,high,high_lookup,0.45818491329004374,3474,0.2099334147666049,step1-插值损耗模型-仅正功率,JMZSFD,FAN_SEG,风机总功率分段模型,FAN_eff,FAN_eff,10.0,10.0,112
34.0,36.0,34.982094999999994,1.6632869999999933,3308,1,2.0,20,high,high_lookup,0.4888460347190867,3308,0.23897044566057454,step1-插值损耗模型-仅正功率,JMZSFD,FAN_SEG,风机总功率分段模型,FAN_eff,FAN_eff,10.0,10.0,113
36.0,38.0,36.984114999999996,1.6679435000000034,3082,1,2.0,20,high,high_lookup,0.48206085178865876,3082,0.23238266482720724,step1-插值损耗模型-仅正功率,JMZSFD,FAN_SEG,风机总功率分段模型,FAN_eff,FAN_eff,10.0,10.0,114
38.0,40.0,39.02203,1.6403995000000045,3172,1,2.0,20,high,high_lookup,0.4800982745756051,3172,0.23049435325047313,step1-插值损耗模型-仅正功率,JMZSFD,FAN_SEG,风机总功率分段模型,FAN_eff,FAN_eff,10.0,10.0,115
40.0,42.0,40.99993,1.667695000000002,3098,1,2.0,20,high,high_lookup,0.4845020952978028,3098,0.23474228034796119,step1-插值损耗模型-仅正功率,JMZSFD,FAN_SEG,风机总功率分段模型,FAN_eff,FAN_eff,10.0,10.0,116
42.0,44.0,42.98402499999999,1.6618080000000006,3144,1,2.0,20,high,high_lookup,0.48400665933262493,3144,0.23426244627832765,step1-插值损耗模型-仅正功率,JMZSFD,FAN_SEG,风机总功率分段模型,FAN_eff,FAN_eff,10.0,10.0,117
44.0,46.0,45.02125000000002,1.6922529999999867,3023,1,2.0,20,high,high_lookup,0.465350113945668,3023,0.2165507285492462,step1-插值损耗模型-仅正功率,JMZSFD,FAN_SEG,风机总功率分段模型,FAN_eff,FAN_eff,10.0,10.0,118
46.0,48.0,46.98596500000001,1.6977910000000023,3276,1,2.0,20,high,high_lookup,0.467913368705622,3276,0.21894292061344336,step1-插值损耗模型-仅正功率,JMZSFD,FAN_SEG,风机总功率分段模型,FAN_eff,FAN_eff,10.0,10.0,119
48.0,50.0,49.00744999999999,1.729486000000005,3212,1,2.0,20,high,high_lookup,0.4740962740292542,3212,0.2247672770484217,step1-插值损耗模型-仅正功率,JMZSFD,FAN_SEG,风机总功率分段模型,FAN_eff,FAN_eff,10.0,10.0,120
50.0,52.0,50.984065,1.725051999999998,3150,1,2.0,20,high,high_lookup,0.4686802472292854,3150,0.2196611741429041,step1-插值损耗模型-仅正功率,JMZSFD,FAN_SEG,风机总功率分段模型,FAN_eff,FAN_eff,10.0,10.0,121
52.0,54.0,52.966465,1.748537499999987,2966,1,2.0,20,high,high_lookup,0.4795192336194649,2966,0.22993869541099896,step1-插值损耗模型-仅正功率,JMZSFD,FAN_SEG,风机总功率分段模型,FAN_eff,FAN_eff,10.0,10.0,122
54.0,56.0,54.95697999999999,1.770286999999989,2713,1,2.0,20,high,high_lookup,0.4886986219988605,2713,0.23882634314358514,step1-插值损耗模型-仅正功率,JMZSFD,FAN_SEG,风机总功率分段模型,FAN_eff,FAN_eff,10.0,10.0,123
56.0,58.0,56.981839999999984,1.7946660000000065,2847,1,2.0,20,high,high_lookup,0.472800224715551,2847,0.22354005249107553,step1-插值损耗模型-仅正功率,JMZSFD,FAN_SEG,风机总功率分段模型,FAN_eff,FAN_eff,10.0,10.0,124
58.0,60.0,58.98877,1.8353140000000039,2675,1,2.0,20,high,high_lookup,0.4782830844242408,2675,0.22875470884636542,step1-插值损耗模型-仅正功率,JMZSFD,FAN_SEG,风机总功率分段模型,FAN_eff,FAN_eff,10.0,10.0,125
60.0,62.0,61.137000000000015,1.7885359999999793,3065,1,2.0,20,high,high_lookup,0.4651555164312713,3065,0.21636965446644268,step1-插值损耗模型-仅正功率,JMZSFD,FAN_SEG,风机总功率分段模型,FAN_eff,FAN_eff,10.0,10.0,126
62.0,64.0,62.290289999999985,1.7596599999999896,4959,1,2.0,20,high,high_lookup,0.38334835708092413,4959,0.14695596287664373,step1-插值损耗模型-仅正功率,JMZSFD,FAN_SEG,风机总功率分段模型,FAN_eff,FAN_eff,10.0,10.0,127
64.0,66.0,64.98701,1.90910700000002,2545,1,2.0,20,high,high_lookup,0.5116309465331023,2545,0.26176622545035816,step1-插值损耗模型-仅正功率,JMZSFD,FAN_SEG,风机总功率分段模型,FAN_eff,FAN_eff,10.0,10.0,128
66.0,68.0,66.98498000000001,1.9365749999999906,2611,1,2.0,20,high,high_lookup,0.5106662741229866,2611,0.2607800435266533,step1-插值损耗模型-仅正功率,JMZSFD,FAN_SEG,风机总功率分段模型,FAN_eff,FAN_eff,10.0,10.0,129
68.0,70.0,69.00703000000001,1.964282500000003,2406,1,2.0,20,high,high_lookup,0.5359111950148813,2406,0.2872008089422781,step1-插值损耗模型-仅正功率,JMZSFD,FAN_SEG,风机总功率分段模型,FAN_eff,FAN_eff,10.0,10.0,130
70.0,72.0,70.96381,1.9685600000000107,2553,1,2.0,20,high,high_lookup,0.5390020083132933,2553,0.29052316496576347,step1-插值损耗模型-仅正功率,JMZSFD,FAN_SEG,风机总功率分段模型,FAN_eff,FAN_eff,10.0,10.0,131
72.0,74.0,73.02222,2.0152854999999974,2540,1,2.0,20,high,high_lookup,0.544464214554238,2540,0.2964412809301633,step1-插值损耗模型-仅正功率,JMZSFD,FAN_SEG,风机总功率分段模型,FAN_eff,FAN_eff,10.0,10.0,132
74.0,76.0,75.01142,2.0487500000000125,2419,1,2.0,20,high,high_lookup,0.5729075687163254,2419,0.3282230822924511,step1-插值损耗模型-仅正功率,JMZSFD,FAN_SEG,风机总功率分段模型,FAN_eff,FAN_eff,10.0,10.0,133
76.0,78.0,77.00043500000001,2.0853949999999983,2448,1,2.0,20,high,high_lookup,0.5635059051197657,2448,0.3175389051048464,step1-插值损耗模型-仅正功率,JMZSFD,FAN_SEG,风机总功率分段模型,FAN_eff,FAN_eff,10.0,10.0,134
78.0,80.0,79.04323000000002,2.0995000000000346,2489,1,2.0,20,high,high_lookup,0.5577532416034419,2489,0.3110886785191474,step1-插值损耗模型-仅正功率,JMZSFD,FAN_SEG,风机总功率分段模型,FAN_eff,FAN_eff,10.0,10.0,135
80.0,82.0,80.995125,2.1645770000000297,2354,1,2.0,20,high,high_lookup,0.5836873270601691,2354,0.3406908957706448,step1-插值损耗模型-仅正功率,JMZSFD,FAN_SEG,风机总功率分段模型,FAN_eff,FAN_eff,10.0,10.0,136
82.0,84.0,83.00678000000002,2.196955999999986,2361,1,2.0,20,high,high_lookup,0.5666661209389746,2361,0.3211104926200246,step1-插值损耗模型-仅正功率,JMZSFD,FAN_SEG,风机总功率分段模型,FAN_eff,FAN_eff,10.0,10.0,137
84.0,86.0,85.01520999999998,2.2373600000000025,2244,1,2.0,20,high,high_lookup,0.5841715491488173,2244,0.3412563988349291,step1-插值损耗模型-仅正功率,JMZSFD,FAN_SEG,风机总功率分段模型,FAN_eff,FAN_eff,10.0,10.0,138
86.0,88.0,86.98178,2.2757800000000117,2143,1,2.0,20,high,high_lookup,0.6219419546016199,2143,0.3868117948936835,step1-插值损耗模型-仅正功率,JMZSFD,FAN_SEG,风机总功率分段模型,FAN_eff,FAN_eff,10.0,10.0,139
88.0,90.0,89.01734499999998,2.3307000000000286,2056,1,2.0,20,high,high_lookup,0.6220280257606497,2056,0.3869188648316915,step1-插值损耗模型-仅正功率,JMZSFD,FAN_SEG,风机总功率分段模型,FAN_eff,FAN_eff,10.0,10.0,140
90.0,92.0,90.99864,2.3748945000000106,2108,1,2.0,20,high,high_lookup,0.657723786668284,2108,0.4326005795492664,step1-插值损耗模型-仅正功率,JMZSFD,FAN_SEG,风机总功率分段模型,FAN_eff,FAN_eff,10.0,10.0,141
92.0,94.0,93.01626,2.39082999999998,2199,1,2.0,20,high,high_lookup,0.6418798010697966,2199,0.4120096790214016,step1-插值损耗模型-仅正功率,JMZSFD,FAN_SEG,风机总功率分段模型,FAN_eff,FAN_eff,10.0,10.0,142
94.0,96.0,94.93338499999997,2.4459799999999916,2082,1,2.0,20,high,high_lookup,0.6503070599471004,2082,0.4228992722170416,step1-插值损耗模型-仅正功率,JMZSFD,FAN_SEG,风机总功率分段模型,FAN_eff,FAN_eff,10.0,10.0,143
96.0,98.0,97.00199999999998,2.5107299999999952,2079,1,2.0,20,high,high_lookup,0.6437963785838778,2079,0.41447377707771577,step1-插值损耗模型-仅正功率,JMZSFD,FAN_SEG,风机总功率分段模型,FAN_eff,FAN_eff,10.0,10.0,144
98.0,100.0,98.99315999999997,2.575359999999989,1957,1,2.0,20,high,high_lookup,0.6554117070243602,1957,0.4295645057045858,step1-插值损耗模型-仅正功率,JMZSFD,FAN_SEG,风机总功率分段模型,FAN_eff,FAN_eff,10.0,10.0,145
100.0,102.0,100.98727500000001,2.5707579999999908,1788,1,2.0,20,high,high_lookup,0.6731155152735571,1788,0.4530844969019862,step1-插值损耗模型-仅正功率,JMZSFD,FAN_SEG,风机总功率分段模型,FAN_eff,FAN_eff,10.0,10.0,146
102.0,104.0,102.98824999999997,2.632499999999993,1985,1,2.0,20,high,high_lookup,0.6830492541242108,1985,0.4665562835596407,step1-插值损耗模型-仅正功率,JMZSFD,FAN_SEG,风机总功率分段模型,FAN_eff,FAN_eff,10.0,10.0,147
104.0,106.0,105.00457500000002,2.7321999999999846,1816,1,2.0,20,high,high_lookup,0.6741866237064994,1816,0.454527603584769,step1-插值损耗模型-仅正功率,JMZSFD,FAN_SEG,风机总功率分段模型,FAN_eff,FAN_eff,10.0,10.0,148
106.0,108.0,107.02622,2.7266899999999836,1832,1,2.0,20,high,high_lookup,0.7096615615089533,1832,0.503619531883326,step1-插值损耗模型-仅正功率,JMZSFD,FAN_SEG,风机总功率分段模型,FAN_eff,FAN_eff,10.0,10.0,149
108.0,110.0,108.97958,2.8204700000000003,1667,1,2.0,20,high,high_lookup,0.7456540383090015,1667,0.5559999448465218,step1-插值损耗模型-仅正功率,JMZSFD,FAN_SEG,风机总功率分段模型,FAN_eff,FAN_eff,10.0,10.0,150
110.0,112.0,110.988055,2.8822049999999777,1692,1,2.0,20,high,high_lookup,0.7674176068754756,1692,0.5889297833424819,step1-插值损耗模型-仅正功率,JMZSFD,FAN_SEG,风机总功率分段模型,FAN_eff,FAN_eff,10.0,10.0,151
112.0,114.0,112.99179,2.9177074999999846,1692,1,2.0,20,high,high_lookup,0.7664839883160918,1692,0.5874977043449428,step1-插值损耗模型-仅正功率,JMZSFD,FAN_SEG,风机总功率分段模型,FAN_eff,FAN_eff,10.0,10.0,152
114.0,116.0,114.95732499999997,2.9590220000000045,1566,1,2.0,20,high,high_lookup,0.8063356215143427,1566,0.6501771345229213,step1-插值损耗模型-仅正功率,JMZSFD,FAN_SEG,风机总功率分段模型,FAN_eff,FAN_eff,10.0,10.0,153
116.0,118.0,117.04109000000003,3.032935000000009,1633,1,2.0,20,high,high_lookup,0.8288373919448639,1633,0.686971422285964,step1-插值损耗模型-仅正功率,JMZSFD,FAN_SEG,风机总功率分段模型,FAN_eff,FAN_eff,10.0,10.0,154
118.0,120.0,118.99216000000003,3.1025700000000143,1659,1,2.0,20,high,high_lookup,0.8428842762807702,1659,0.7104539032013578,step1-插值损耗模型-仅正功率,JMZSFD,FAN_SEG,风机总功率分段模型,FAN_eff,FAN_eff,10.0,10.0,155
120.0,122.0,120.98792000000006,3.1399000000000257,1659,1,2.0,20,high,high_lookup,0.8628003155180066,1659,0.7444243844579718,step1-插值损耗模型-仅正功率,JMZSFD,FAN_SEG,风机总功率分段模型,FAN_eff,FAN_eff,10.0,10.0,156
122.0,124.0,122.96973999999999,3.254019999999997,1557,1,2.0,20,high,high_lookup,0.8780151012975712,1557,0.7709105181065843,step1-插值损耗模型-仅正功率,JMZSFD,FAN_SEG,风机总功率分段模型,FAN_eff,FAN_eff,10.0,10.0,157
124.0,126.0,125.03684000000004,3.278113000000012,1602,1,2.0,20,high,high_lookup,0.9123790130505671,1602,0.832435463455127,step1-插值损耗模型-仅正功率,JMZSFD,FAN_SEG,风机总功率分段模型,FAN_eff,FAN_eff,10.0,10.0,158
126.0,128.0,127.0041,3.295830000000038,1493,1,2.0,20,high,high_lookup,0.938962548246867,1493,0.88165066701025,step1-插值损耗模型-仅正功率,JMZSFD,FAN_SEG,风机总功率分段模型,FAN_eff,FAN_eff,10.0,10.0,159
128.0,130.0,128.97046,3.4406550000000067,1557,1,2.0,20,high,high_lookup,0.9423681607936174,1557,0.8880577504775451,step1-插值损耗模型-仅正功率,JMZSFD,FAN_SEG,风机总功率分段模型,FAN_eff,FAN_eff,10.0,10.0,160
130.0,132.0,130.98086999999998,3.486285000000038,1517,1,2.0,20,high,high_lookup,1.0140259832563165,1517,1.0282486947189395,step1-插值损耗模型-仅正功率,JMZSFD,FAN_SEG,风机总功率分段模型,FAN_eff,FAN_eff,10.0,10.0,161
132.0,134.0,132.964305,3.5164299999999997,1412,1,2.0,20,high,high_lookup,1.047104572424745,1412,1.096427985592808,step1-插值损耗模型-仅正功率,JMZSFD,FAN_SEG,风机总功率分段模型,FAN_eff,FAN_eff,10.0,10.0,162
134.0,136.0,134.996865,3.6083749999999952,1486,1,2.0,20,high,high_lookup,1.0128460281824245,1486,1.0258570768049127,step1-插值损耗模型-仅正功率,JMZSFD,FAN_SEG,风机总功率分段模型,FAN_eff,FAN_eff,10.0,10.0,163
136.0,138.0,136.983105,3.6432099999999963,1428,1,2.0,20,high,high_lookup,1.0601489573946012,1428,1.12391581186486,step1-插值损耗模型-仅正功率,JMZSFD,FAN_SEG,风机总功率分段模型,FAN_eff,FAN_eff,10.0,10.0,164
138.0,140.0,138.97486999999998,3.7105299999999772,1435,1,2.0,20,high,high_lookup,1.0575092535856219,1435,1.118325821419219,step1-插值损耗模型-仅正功率,JMZSFD,FAN_SEG,风机总功率分段模型,FAN_eff,FAN_eff,10.0,10.0,165
140.0,142.0,141.01596,3.7988050000000015,1408,1,2.0,20,high,high_lookup,1.1120170962142315,1408,1.2365820222727315,step1-插值损耗模型-仅正功率,JMZSFD,FAN_SEG,风机总功率分段模型,FAN_eff,FAN_eff,10.0,10.0,166
142.0,144.0,142.96463,3.8411749999999927,1408,1,2.0,20,high,high_lookup,1.0671391725329347,1408,1.1387860135542764,step1-插值损耗模型-仅正功率,JMZSFD,FAN_SEG,风机总功率分段模型,FAN_eff,FAN_eff,10.0,10.0,167
144.0,146.0,144.96925999999996,3.996610000000018,1362,1,2.0,20,high,high_lookup,1.1434516671555424,1362,1.3074817151207891,step1-插值损耗模型-仅正功率,JMZSFD,FAN_SEG,风机总功率分段模型,FAN_eff,FAN_eff,10.0,10.0,168
146.0,148.0,146.97276999999997,4.059210000000007,1320,1,2.0,20,high,high_lookup,1.1944273634994667,1320,1.426656726676287,step1-插值损耗模型-仅正功率,JMZSFD,FAN_SEG,风机总功率分段模型,FAN_eff,FAN_eff,10.0,10.0,169
148.0,150.0,148.916515,4.109599999999972,1296,1,2.0,20,high,high_lookup,1.297160075583158,1296,1.6826242616869043,step1-插值损耗模型-仅正功率,JMZSFD,FAN_SEG,风机总功率分段模型,FAN_eff,FAN_eff,10.0,10.0,170
150.0,152.0,150.99172000000004,4.190140000000042,1243,1,2.0,20,high,high_lookup,1.2316903493783873,1243,1.5170611167518537,step1-插值损耗模型-仅正功率,JMZSFD,FAN_SEG,风机总功率分段模型,FAN_eff,FAN_eff,10.0,10.0,171
152.0,154.0,153.00340000000003,4.288799999999981,1219,1,2.0,20,high,high_lookup,1.296015668026667,1219,1.679656611770608,step1-插值损耗模型-仅正功率,JMZSFD,FAN_SEG,风机总功率分段模型,FAN_eff,FAN_eff,10.0,10.0,172
154.0,156.0,155.01416999999998,4.279910000000029,1193,1,2.0,20,high,high_lookup,1.2833475953897238,1193,1.6469810505925861,step1-插值损耗模型-仅正功率,JMZSFD,FAN_SEG,风机总功率分段模型,FAN_eff,FAN_eff,10.0,10.0,173
156.0,158.0,157.02877999999998,4.370719999999949,1165,1,2.0,20,high,high_lookup,1.3075360817903066,1165,1.7096506051835472,step1-插值损耗模型-仅正功率,JMZSFD,FAN_SEG,风机总功率分段模型,FAN_eff,FAN_eff,10.0,10.0,174
158.0,160.0,158.96340500000002,4.506074999999981,1096,1,2.0,20,high,high_lookup,1.299196229042149,1096,1.6879108415573403,step1-插值损耗模型-仅正功率,JMZSFD,FAN_SEG,风机总功率分段模型,FAN_eff,FAN_eff,10.0,10.0,175
160.0,162.0,160.99019499999997,4.615104999999986,1114,1,2.0,20,high,high_lookup,1.4099005546660832,1114,1.9878195740477291,step1-插值损耗模型-仅正功率,JMZSFD,FAN_SEG,风机总功率分段模型,FAN_eff,FAN_eff,10.0,10.0,176
162.0,164.0,162.99263000000002,4.641074999999944,1164,1,2.0,20,high,high_lookup,1.3935476704516598,1164,1.9419751098212479,step1-插值损耗模型-仅正功率,JMZSFD,FAN_SEG,风机总功率分段模型,FAN_eff,FAN_eff,10.0,10.0,177
164.0,166.0,165.00449000000003,4.650919999999957,1163,1,2.0,20,high,high_lookup,1.4512661456912284,1163,2.1061734256294735,step1-插值损耗模型-仅正功率,JMZSFD,FAN_SEG,风机总功率分段模型,FAN_eff,FAN_eff,10.0,10.0,178
166.0,168.0,167.02636,4.777319999999989,1130,1,2.0,20,high,high_lookup,1.4054430992168943,1130,1.975270305136389,step1-插值损耗模型-仅正功率,JMZSFD,FAN_SEG,风机总功率分段模型,FAN_eff,FAN_eff,10.0,10.0,179
168.0,170.0,168.96781,4.888774999999981,1090,1,2.0,20,high,high_lookup,1.415932618918576,1090,2.004865181317617,step1-插值损耗模型-仅正功率,JMZSFD,FAN_SEG,风机总功率分段模型,FAN_eff,FAN_eff,10.0,10.0,180
170.0,172.0,171.01977000000005,4.945249999999987,1127,1,2.0,20,high,high_lookup,1.4690034786628345,1127,2.157971220323509,step1-插值损耗模型-仅正功率,JMZSFD,FAN_SEG,风机总功率分段模型,FAN_eff,FAN_eff,10.0,10.0,181
172.0,174.0,173.035875,5.0882099999999895,1116,1,2.0,20,high,high_lookup,1.5210778295575846,1116,2.3136777635716124,step1-插值损耗模型-仅正功率,JMZSFD,FAN_SEG,风机总功率分段模型,FAN_eff,FAN_eff,10.0,10.0,182
174.0,176.0,175.01399,5.134699999999924,1129,1,2.0,20,high,high_lookup,1.528329719836275,1129,2.335791732534827,step1-插值损耗模型-仅正功率,JMZSFD,FAN_SEG,风机总功率分段模型,FAN_eff,FAN_eff,10.0,10.0,183
176.0,178.0,177.00942999999995,5.245840000000015,1105,1,2.0,20,high,high_lookup,1.558449063276096,1105,2.428763482826141,step1-插值损耗模型-仅正功率,JMZSFD,FAN_SEG,风机总功率分段模型,FAN_eff,FAN_eff,10.0,10.0,184
178.0,180.0,179.0155299999999,5.387600000000049,1001,1,2.0,20,high,high_lookup,1.517901855263922,1001,2.3040260422136565,step1-插值损耗模型-仅正功率,JMZSFD,FAN_SEG,风机总功率分段模型,FAN_eff,FAN_eff,10.0,10.0,185
180.0,182.0,180.99213999999995,5.410755000000009,1038,1,2.0,20,high,high_lookup,1.567188581078795,1038,2.4560800486637673,step1-插值损耗模型-仅正功率,JMZSFD,FAN_SEG,风机总功率分段模型,FAN_eff,FAN_eff,10.0,10.0,186
182.0,184.0,182.99867999999995,5.4926800000000355,1099,1,2.0,20,high,high_lookup,1.6147682579424831,1099,2.6074765268586018,step1-插值损耗模型-仅正功率,JMZSFD,FAN_SEG,风机总功率分段模型,FAN_eff,FAN_eff,10.0,10.0,187
184.0,186.0,184.99580500000002,5.641849999999991,962,1,2.0,20,high,high_lookup,1.677671516572611,962,2.8145817175190446,step1-插值损耗模型-仅正功率,JMZSFD,FAN_SEG,风机总功率分段模型,FAN_eff,FAN_eff,10.0,10.0,188
186.0,188.0,186.99083,5.673370000000006,1009,1,2.0,20,high,high_lookup,1.6382688519253397,1009,2.6839248311887705,step1-插值损耗模型-仅正功率,JMZSFD,FAN_SEG,风机总功率分段模型,FAN_eff,FAN_eff,10.0,10.0,189
188.0,190.0,188.99707999999993,5.7484099999999785,932,1,2.0,20,high,high_lookup,1.7092271628930864,932,2.9214574943715492,step1-插值损耗模型-仅正功率,JMZSFD,FAN_SEG,风机总功率分段模型,FAN_eff,FAN_eff,10.0,10.0,190
190.0,192.0,190.99696999999998,5.875680000000017,1009,1,2.0,20,high,high_lookup,1.7070596891240626,1009,2.914052782232341,step1-插值损耗模型-仅正功率,JMZSFD,FAN_SEG,风机总功率分段模型,FAN_eff,FAN_eff,10.0,10.0,191
192.0,194.0,193.04618,5.966285000000042,938,1,2.0,20,high,high_lookup,1.7431838291831503,938,3.0386898623256307,step1-插值损耗模型-仅正功率,JMZSFD,FAN_SEG,风机总功率分段模型,FAN_eff,FAN_eff,10.0,10.0,192
194.0,196.0,194.97118000000003,6.016450000000077,957,1,2.0,20,high,high_lookup,1.747283320158636,957,3.0529990009045864,step1-插值损耗模型-仅正功率,JMZSFD,FAN_SEG,风机总功率分段模型,FAN_eff,FAN_eff,10.0,10.0,193
196.0,198.0,197.01266500000003,6.104244999999963,968,1,2.0,20,high,high_lookup,1.837165662400169,968,3.3751776711022523,step1-插值损耗模型-仅正功率,JMZSFD,FAN_SEG,风机总功率分段模型,FAN_eff,FAN_eff,10.0,10.0,194
198.0,200.0,199.02517999999992,6.303170000000023,977,1,2.0,20,high,high_lookup,1.82747845371413,977,3.3396774987893876,step1-插值损耗模型-仅正功率,JMZSFD,FAN_SEG,风机总功率分段模型,FAN_eff,FAN_eff,10.0,10.0,195
200.0,202.0,201.04964,6.391290000000055,915,1,2.0,20,high,high_lookup,1.8129077903483553,915,3.286634656305756,step1-插值损耗模型-仅正功率,JMZSFD,FAN_SEG,风机总功率分段模型,FAN_eff,FAN_eff,10.0,10.0,196
202.0,204.0,203.05567000000002,6.425545000000042,908,1,2.0,20,high,high_lookup,1.9002321086239793,908,3.6108820666455346,step1-插值损耗模型-仅正功率,JMZSFD,FAN_SEG,风机总功率分段模型,FAN_eff,FAN_eff,10.0,10.0,197
204.0,206.0,204.93844,6.463160000000016,1005,1,2.0,20,high,high_lookup,1.836600946789008,1005,3.3731030377462807,step1-插值损耗模型-仅正功率,JMZSFD,FAN_SEG,风机总功率分段模型,FAN_eff,FAN_eff,10.0,10.0,198
206.0,208.0,207.00729,6.789269999999959,935,1,2.0,20,high,high_lookup,1.8495491638248063,935,3.42083210940504,step1-插值损耗模型-仅正功率,JMZSFD,FAN_SEG,风机总功率分段模型,FAN_eff,FAN_eff,10.0,10.0,199
208.0,210.0,208.99118000000004,6.763780000000025,957,1,2.0,20,high,high_lookup,1.8873292277509117,957,3.5620116139228526,step1-插值损耗模型-仅正功率,JMZSFD,FAN_SEG,风机总功率分段模型,FAN_eff,FAN_eff,10.0,10.0,200
210.0,212.0,211.00065499999997,6.844880000000046,962,1,2.0,20,high,high_lookup,1.967447360854377,962,3.870849117732853,step1-插值损耗模型-仅正功率,JMZSFD,FAN_SEG,风机总功率分段模型,FAN_eff,FAN_eff,10.0,10.0,201
212.0,214.0,212.99561999999997,7.0150749999999675,994,1,2.0,20,high,high_lookup,2.027719034294942,994,4.111644482042012,step1-插值损耗模型-仅正功率,JMZSFD,FAN_SEG,风机总功率分段模型,FAN_eff,FAN_eff,10.0,10.0,202
214.0,216.0,214.99061999999998,6.990305000000021,1016,1,2.0,20,high,high_lookup,1.9860509514177342,1016,3.944398381627287,step1-插值损耗模型-仅正功率,JMZSFD,FAN_SEG,风机总功率分段模型,FAN_eff,FAN_eff,10.0,10.0,203
216.0,218.0,217.00245999999999,7.240014999999985,1090,1,2.0,20,high,high_lookup,1.9763546030573238,1090,3.905977517025872,step1-插值损耗模型-仅正功率,JMZSFD,FAN_SEG,风机总功率分段模型,FAN_eff,FAN_eff,10.0,10.0,204
218.0,220.0,219.05704999999998,7.338509999999957,1111,1,2.0,20,high,high_lookup,2.0417346914123273,1111,4.1686805501165916,step1-插值损耗模型-仅正功率,JMZSFD,FAN_SEG,风机总功率分段模型,FAN_eff,FAN_eff,10.0,10.0,205
220.0,222.0,221.06116999999998,7.465529999999973,1100,1,2.0,20,high,high_lookup,2.0829812432421373,1100,4.33881085969856,step1-插值损耗模型-仅正功率,JMZSFD,FAN_SEG,风机总功率分段模型,FAN_eff,FAN_eff,10.0,10.0,206
222.0,224.0,222.98958499999998,7.706445000000059,1046,1,2.0,20,high,high_lookup,1.9625476954480754,1046,3.8515934569085517,step1-插值损耗模型-仅正功率,JMZSFD,FAN_SEG,风机总功率分段模型,FAN_eff,FAN_eff,10.0,10.0,207
224.0,226.0,224.94255,7.749780000000044,1111,1,2.0,20,high,high_lookup,2.006158975006358,1111,4.024673832998561,step1-插值损耗模型-仅正功率,JMZSFD,FAN_SEG,风机总功率分段模型,FAN_eff,FAN_eff,10.0,10.0,208
226.0,228.0,226.97701,7.883964999999989,1128,1,2.0,20,high,high_lookup,2.030800982905095,1128,4.1241526321682995,step1-插值损耗模型-仅正功率,JMZSFD,FAN_SEG,风机总功率分段模型,FAN_eff,FAN_eff,10.0,10.0,209
228.0,230.0,228.9607,7.7793599999999685,1115,1,2.0,20,high,high_lookup,2.041176530584594,1115,4.166401629009361,step1-插值损耗模型-仅正功率,JMZSFD,FAN_SEG,风机总功率分段模型,FAN_eff,FAN_eff,10.0,10.0,210
230.0,232.0,230.95181000000002,7.964580000000069,1155,1,2.0,20,high,high_lookup,2.0164485014994677,1155,4.066064559199449,step1-插值损耗模型-仅正功率,JMZSFD,FAN_SEG,风机总功率分段模型,FAN_eff,FAN_eff,10.0,10.0,211
232.0,234.0,233.00786000000002,8.15637000000001,1185,1,2.0,20,high,high_lookup,2.019762519593963,1185,4.079440635556554,step1-插值损耗模型-仅正功率,JMZSFD,FAN_SEG,风机总功率分段模型,FAN_eff,FAN_eff,10.0,10.0,212
234.0,236.0,234.99942,8.293544999999995,1158,1,2.0,20,high,high_lookup,2.032802475057797,1158,4.1322859026011045,step1-插值损耗模型-仅正功率,JMZSFD,FAN_SEG,风机总功率分段模型,FAN_eff,FAN_eff,10.0,10.0,213
236.0,238.0,236.98671000000002,8.363159999999937,1115,1,2.0,20,high,high_lookup,2.133692456324379,1115,4.552643498175563,step1-插值损耗模型-仅正功率,JMZSFD,FAN_SEG,风机总功率分段模型,FAN_eff,FAN_eff,10.0,10.0,214
238.0,240.0,238.98556,8.567940000000107,1175,1,2.0,20,high,high_lookup,1.920393912897553,1175,3.687912780693974,step1-插值损耗模型-仅正功率,JMZSFD,FAN_SEG,风机总功率分段模型,FAN_eff,FAN_eff,10.0,10.0,215
240.0,242.0,241.01172999999994,8.693335000000005,1156,1,2.0,20,high,high_lookup,1.9837593668522835,1156,3.9353012255741726,step1-插值损耗模型-仅正功率,JMZSFD,FAN_SEG,风机总功率分段模型,FAN_eff,FAN_eff,10.0,10.0,216
242.0,244.0,243.03404,8.67274999999998,1134,1,2.0,20,high,high_lookup,2.0389969744044643,1134,4.157508661630559,step1-插值损耗模型-仅正功率,JMZSFD,FAN_SEG,风机总功率分段模型,FAN_eff,FAN_eff,10.0,10.0,217
244.0,246.0,245.035635,8.859125000000006,1124,1,2.0,20,high,high_lookup,2.0317585271360814,1124,4.128042712590179,step1-插值损耗模型-仅正功率,JMZSFD,FAN_SEG,风机总功率分段模型,FAN_eff,FAN_eff,10.0,10.0,218
246.0,248.0,246.97237999999987,9.017579999999981,1121,1,2.0,20,high,high_lookup,2.010275081495583,1121,4.041205903282074,step1-插值损耗模型-仅正功率,JMZSFD,FAN_SEG,风机总功率分段模型,FAN_eff,FAN_eff,10.0,10.0,219
248.0,250.0,248.98482999999993,9.101430000000107,1205,1,2.0,20,high,high_lookup,2.028019781072999,1205,4.112864232423376,step1-插值损耗模型-仅正功率,JMZSFD,FAN_SEG,风机总功率分段模型,FAN_eff,FAN_eff,10.0,10.0,220
250.0,252.0,251.03361000000004,9.238219999999927,1229,1,2.0,20,high,high_lookup,1.9133509719684232,1229,3.66091194193251,step1-插值损耗模型-仅正功率,JMZSFD,FAN_SEG,风机总功率分段模型,FAN_eff,FAN_eff,10.0,10.0,221
252.0,254.0,253.12122999999994,9.453410000000076,1381,1,2.0,20,high,high_lookup,1.799285676231382,1381,3.2374289446914215,step1-插值损耗模型-仅正功率,JMZSFD,FAN_SEG,风机总功率分段模型,FAN_eff,FAN_eff,10.0,10.0,222
254.0,256.0,254.91931,9.642914999999974,1958,1,2.0,20,high,high_lookup,1.5466494943590139,1958,2.392124658400993,step1-插值损耗模型-仅正功率,JMZSFD,FAN_SEG,风机总功率分段模型,FAN_eff,FAN_eff,10.0,10.0,223
256.0,258.0,257.00194,9.747419999999948,1547,1,2.0,20,high,high_lookup,1.682245498394585,1547,2.8299499168688453,step1-插值损耗模型-仅正功率,JMZSFD,FAN_SEG,风机总功率分段模型,FAN_eff,FAN_eff,10.0,10.0,224
258.0,260.0,258.8773999999999,9.886199999999974,1321,1,2.0,20,high,high_lookup,1.8320540278235715,1321,3.3564219608645716,step1-插值损耗模型-仅正功率,JMZSFD,FAN_SEG,风机总功率分段模型,FAN_eff,FAN_eff,10.0,10.0,225
260.0,262.0,261.039095,9.886354999999995,1270,1,2.0,20,high,high_lookup,1.6561328321449977,1270,2.742775957708611,step1-插值损耗模型-仅正功率,JMZSFD,FAN_SEG,风机总功率分段模型,FAN_eff,FAN_eff,10.0,10.0,226
262.0,264.0,262.91616999999997,10.11030999999997,1233,1,2.0,20,high,high_lookup,1.8464740675992743,1233,3.4094664823166094,step1-插值损耗模型-仅正功率,JMZSFD,FAN_SEG,风机总功率分段模型,FAN_eff,FAN_eff,10.0,10.0,227
264.0,266.0,264.984245,10.196479999999951,1192,1,2.0,20,high,high_lookup,1.825032349875783,1192,3.330743078093122,step1-插值损耗模型-仅正功率,JMZSFD,FAN_SEG,风机总功率分段模型,FAN_eff,FAN_eff,10.0,10.0,228
266.0,268.0,267.00318000000004,10.147875000000028,1092,1,2.0,20,high,high_lookup,1.909844937769472,1092,3.6475076863236784,step1-插值损耗模型-仅正功率,JMZSFD,FAN_SEG,风机总功率分段模型,FAN_eff,FAN_eff,10.0,10.0,229
268.0,270.0,269.023505,10.395380000000046,1110,1,2.0,20,high,high_lookup,1.8293158950453507,1110,3.346396643865573,step1-插值损耗模型-仅正功率,JMZSFD,FAN_SEG,风机总功率分段模型,FAN_eff,FAN_eff,10.0,10.0,230
270.0,272.0,271.05181000000005,10.389189999999928,1267,1,2.0,20,high,high_lookup,1.8524073403168868,1267,3.4314129544598826,step1-插值损耗模型-仅正功率,JMZSFD,FAN_SEG,风机总功率分段模型,FAN_eff,FAN_eff,10.0,10.0,231
272.0,274.0,272.994925,10.537450000000035,1362,1,2.0,20,high,high_lookup,1.7981307413017333,1362,3.233274162814321,step1-插值损耗模型-仅正功率,JMZSFD,FAN_SEG,风机总功率分段模型,FAN_eff,FAN_eff,10.0,10.0,232
274.0,276.0,275.14848500000005,10.941899999999947,2170,1,2.0,20,high,high_lookup,1.50685483711124,2170,2.2706115001255416,step1-插值损耗模型-仅正功率,JMZSFD,FAN_SEG,风机总功率分段模型,FAN_eff,FAN_eff,10.0,10.0,233
276.0,278.0,276.8956649999999,11.117384999999956,2396,1,2.0,20,high,high_lookup,1.4272517423880875,2396,2.0370475361498315,step1-插值损耗模型-仅正功率,JMZSFD,FAN_SEG,风机总功率分段模型,FAN_eff,FAN_eff,10.0,10.0,234
278.0,280.0,278.97134,11.039144999999962,2448,1,2.0,20,high,high_lookup,1.4608519221305694,2448,2.134088338392579,step1-插值损耗模型-仅正功率,JMZSFD,FAN_SEG,风机总功率分段模型,FAN_eff,FAN_eff,10.0,10.0,235
280.0,282.0,281.12874,11.039609999999982,2569,1,2.0,20,high,high_lookup,1.4122204719372957,2569,1.9943666613587983,step1-插值损耗模型-仅正功率,JMZSFD,FAN_SEG,风机总功率分段模型,FAN_eff,FAN_eff,10.0,10.0,236
282.0,284.0,283.023275,11.198745000000002,3356,1,2.0,20,high,high_lookup,1.3029813757289812,3356,1.6977604654965885,step1-插值损耗模型-仅正功率,JMZSFD,FAN_SEG,风机总功率分段模型,FAN_eff,FAN_eff,10.0,10.0,237
284.0,286.0,284.82637,11.386819999999972,3578,1,2.0,20,high,high_lookup,1.1784288138505359,3578,1.3886944693131809,step1-插值损耗模型-仅正功率,JMZSFD,FAN_SEG,风机总功率分段模型,FAN_eff,FAN_eff,10.0,10.0,238
286.0,288.0,287.06569,11.451505000000026,2690,1,2.0,20,high,high_lookup,1.3261170221349654,2690,1.7585863563961084,step1-插值损耗模型-仅正功率,JMZSFD,FAN_SEG,风机总功率分段模型,FAN_eff,FAN_eff,10.0,10.0,239
288.0,290.0,289.14799,11.61542999999989,5353,1,2.0,20,high,high_lookup,0.9695621703864743,5353,0.9400508022445306,step1-插值损耗模型-仅正功率,JMZSFD,FAN_SEG,风机总功率分段模型,FAN_eff,FAN_eff,10.0,10.0,240
290.0,292.0,291.03948,11.872099999999989,4246,1,2.0,20,high,high_lookup,1.1184432794244157,4246,1.2509153692896415,step1-插值损耗模型-仅正功率,JMZSFD,FAN_SEG,风机总功率分段模型,FAN_eff,FAN_eff,10.0,10.0,241
292.0,294.0,293.13201999999995,11.940250000000106,6701,1,2.0,20,high,high_lookup,0.9307899922724522,6701,0.8663700097145516,step1-插值损耗模型-仅正功率,JMZSFD,FAN_SEG,风机总功率分段模型,FAN_eff,FAN_eff,10.0,10.0,242
294.0,296.0,294.70226999999994,12.264969999999948,5133,1,2.0,20,high,high_lookup,0.9784210545210893,5133,0.9573077599301604,step1-插值损耗模型-仅正功率,JMZSFD,FAN_SEG,风机总功率分段模型,FAN_eff,FAN_eff,10.0,10.0,243
296.0,298.0,297.1433300000001,12.159379999999999,6075,1,2.0,20,high,high_lookup,0.9308880670635546,6075,0.8665525934013211,step1-插值损耗模型-仅正功率,JMZSFD,FAN_SEG,风机总功率分段模型,FAN_eff,FAN_eff,10.0,10.0,244
298.0,300.0,298.82714999999996,12.43073000000004,2897,1,2.0,20,high,high_lookup,0.8947983221735667,2897,0.8006640373646301,step1-插值损耗模型-仅正功率,JMZSFD,FAN_SEG,风机总功率分段模型,FAN_eff,FAN_eff,10.0,10.0,245
300.0,304.0,300.4608300000001,12.633865000000014,1190,2,2.0,20,high,high_lookup,0.7748094923912965,1190,0.6003297494996586,step1-插值损耗模型-仅正功率,JMZSFD,FAN_SEG,风机总功率分段模型,FAN_eff,FAN_eff,10.0,10.0,246
