开始时间,结束时间,hard_anomaly_source,字段名,重复值,持续长度
2023-09-28 09:15:00,2023-09-28 09:19:00,fan_joint_repeat,,,
2023-09-28 09:24:00,2023-09-28 09:27:00,fan_joint_repeat,,,
2023-09-28 09:34:00,2023-09-28 09:37:00,fan_joint_repeat,,,
2023-10-21 12:00:00,2023-10-21 12:03:00,fan_joint_repeat,,,
2023-10-21 14:35:00,2023-10-21 14:38:00,fan_joint_repeat,,,
2023-11-02 14:21:00,2023-11-02 14:35:00,fan_joint_repeat,,,
2023-12-20 15:04:00,2023-12-20 15:07:00,fan_joint_repeat,,,
2024-01-05 15:33:00,2024-01-05 15:36:00,fan_joint_repeat,,,
2024-02-28 10:54:00,2024-02-28 10:57:00,fan_joint_repeat,,,
2024-02-29 13:59:00,2024-02-29 14:12:00,fan_joint_repeat,,,
2024-03-02 05:16:00,2024-03-02 05:30:00,fan_joint_repeat,,,
2024-03-04 10:39:00,2024-03-04 10:42:00,fan_joint_repeat,,,
2024-03-29 15:28:00,2024-03-29 15:31:00,fan_joint_repeat,,,
2024-04-11 13:53:00,2024-04-11 14:36:00,fan_joint_repeat,,,
2024-04-12 10:50:00,2024-04-12 10:56:00,fan_joint_repeat,,,
2024-04-12 11:11:00,2024-04-12 11:30:00,fan_joint_repeat,,,
2024-04-13 12:01:00,2024-04-13 12:04:00,fan_joint_repeat,,,
2024-04-14 14:50:00,2024-04-14 15:14:00,fan_joint_repeat,,,
2024-04-14 15:15:00,2024-04-14 15:29:00,fan_joint_repeat,,,
2024-04-14 15:37:00,2024-04-14 15:40:00,fan_joint_repeat,,,
2024-04-14 16:33:00,2024-04-14 16:48:00,fan_joint_repeat,,,
2024-04-15 14:24:00,2024-04-15 14:27:00,fan_joint_repeat,,,
2024-04-23 10:06:00,2024-04-23 10:12:00,fan_joint_repeat,,,
2024-05-23 10:35:00,2024-05-23 10:38:00,fan_joint_repeat,,,
2024-06-07 14:55:00,2024-06-07 14:58:00,fan_joint_repeat,,,
2024-06-26 11:25:00,2024-06-26 11:32:00,fan_joint_repeat,,,
2024-07-01 11:24:00,2024-07-01 12:44:00,fan_joint_repeat,,,
2024-07-01 13:08:00,2024-07-01 13:12:00,fan_joint_repeat,,,
2024-07-01 13:13:00,2024-07-01 13:16:00,fan_joint_repeat,,,
2024-07-01 16:22:00,2024-07-01 16:29:00,fan_joint_repeat,,,
2024-07-02 17:05:00,2024-07-02 17:08:00,fan_joint_repeat,,,
2024-07-02 17:46:00,2024-07-02 17:51:00,fan_joint_repeat,,,
2024-07-04 17:43:00,2024-07-04 17:59:00,fan_joint_repeat,,,
2024-07-05 11:14:00,2024-07-05 11:17:00,fan_joint_repeat,,,
2024-07-05 16:49:00,2024-07-05 16:55:00,fan_joint_repeat,,,
2024-07-05 18:54:00,2024-07-05 18:57:00,fan_joint_repeat,,,
2024-07-09 21:03:00,2024-07-09 21:17:00,fan_joint_repeat,,,
2024-07-10 16:22:00,2024-07-10 16:29:00,fan_joint_repeat,,,
2024-07-11 15:10:00,2024-07-11 15:13:00,fan_joint_repeat,,,
2024-07-12 11:18:00,2024-07-12 11:24:00,fan_joint_repeat,,,
2024-07-25 10:39:00,2024-07-25 11:15:00,fan_joint_repeat,,,
2024-07-25 11:16:00,2024-07-25 11:29:00,fan_joint_repeat,,,
2024-07-25 13:22:00,2024-07-25 13:25:00,fan_joint_repeat,,,
2024-07-25 13:26:00,2024-07-25 14:01:00,fan_joint_repeat,,,
2024-07-25 15:08:00,2024-07-25 15:40:00,fan_joint_repeat,,,
2024-07-25 17:43:00,2024-07-25 17:47:00,fan_joint_repeat,,,
2024-01-25 10:51:00,2024-02-02 19:13:00,fan_joint_repeat,,,
2024-02-26 10:01:00,2024-02-26 10:04:00,fan_joint_repeat,,,
2024-02-26 10:13:00,2024-02-26 10:16:00,fan_joint_repeat,,,
2024-05-06 16:46:00,2024-05-06 16:50:00,fan_joint_repeat,,,
2024-05-07 15:25:00,2024-05-07 15:28:00,fan_joint_repeat,,,
2024-07-04 17:45:00,2024-07-04 17:59:00,fan_joint_repeat,,,
2023-10-15 09:28:00,2023-10-15 15:43:00,fan_joint_repeat,,,
2024-01-25 10:41:00,2024-02-02 19:13:00,fan_joint_repeat,,,
2024-07-25 11:16:00,2024-07-25 11:30:00,fan_joint_repeat,,,
2024-06-07 10:58:00,2024-06-07 11:01:00,fan_joint_repeat,,,
2024-07-25 10:39:00,2024-07-25 11:30:00,fan_joint_repeat,,,
2024-07-25 15:08:00,2024-07-25 15:38:00,fan_joint_repeat,,,
2024-05-13 12:11:00,2024-05-13 12:20:00,fan_joint_repeat,,,
2024-06-06 14:15:00,2024-06-06 14:20:00,fan_joint_repeat,,,
2024-01-25 10:40:00,2024-02-02 19:10:00,fan_joint_repeat,,,
2023-10-28 14:26:00,2023-10-28 17:40:00,fan_joint_repeat,,,
2024-03-30 11:39:00,2024-03-30 16:11:00,fan_joint_repeat,,,
2024-04-09 09:50:00,2024-04-09 12:58:00,fan_joint_repeat,,,
2024-01-25 10:43:00,2024-02-02 19:10:00,fan_joint_repeat,,,
2024-06-07 12:57:00,2024-06-07 13:01:00,fan_joint_repeat,,,
2023-11-14 12:44:00,2023-11-14 13:00:00,fan_joint_repeat,,,
2024-01-25 08:45:00,2024-02-02 18:08:00,fan_joint_repeat,,,
2024-05-24 15:42:00,2024-05-24 15:54:00,fan_joint_repeat,,,
2023-12-18 11:59:00,2023-12-18 12:02:00,fan_joint_repeat,,,
2024-03-10 12:16:00,2024-03-10 12:35:00,fan_joint_repeat,,,
2024-04-09 07:09:00,2024-04-09 19:02:00,fan_joint_repeat,,,
2023-10-23 17:58:00,2023-10-23 18:02:00,fan_joint_repeat,,,
2024-04-22 14:30:00,2024-04-22 14:34:00,fan_joint_repeat,,,
2024-04-25 14:39:00,2024-04-25 17:28:00,fan_joint_repeat,,,
2023-12-31 20:04:00,2024-01-03 12:37:00,fan_joint_repeat,,,
2023-10-14 14:16:00,2023-10-14 19:30:00,fan_joint_repeat,,,
2024-02-03 04:05:00,2024-02-27 21:11:00,fan_joint_repeat,,,
2024-03-05 02:04:00,2024-03-05 02:15:00,fan_joint_repeat,,,
2024-01-25 09:21:00,2024-02-02 18:32:00,fan_joint_repeat,,,
2024-01-25 10:57:00,2024-02-02 19:15:00,fan_joint_repeat,,,
2024-04-16 09:18:00,2024-04-16 09:30:00,fan_joint_repeat,,,
2024-05-08 17:08:00,2024-05-08 19:34:00,fan_joint_repeat,,,
2024-05-13 11:14:00,2024-05-13 11:18:00,fan_joint_repeat,,,
2024-07-25 13:26:00,2024-07-25 14:02:00,fan_joint_repeat,,,
2024-01-25 09:29:00,2024-02-02 18:34:00,fan_joint_repeat,,,
2024-04-24 07:55:00,2024-04-24 12:50:00,fan_joint_repeat,,,
2024-06-13 11:34:00,2024-06-13 11:37:00,fan_joint_repeat,,,
2024-06-13 11:45:00,2024-06-13 11:48:00,fan_joint_repeat,,,
2024-06-13 11:56:00,2024-06-13 12:01:00,fan_joint_repeat,,,
2024-06-13 12:03:00,2024-06-13 12:09:00,fan_joint_repeat,,,
2024-06-13 12:14:00,2024-06-13 12:20:00,fan_joint_repeat,,,
2024-06-13 12:32:00,2024-06-13 12:37:00,fan_joint_repeat,,,
2024-04-22 17:50:00,2024-04-22 18:15:00,fan_joint_repeat,,,
2023-11-02 14:21:00,2023-11-02 14:36:00,fan_joint_repeat,,,
2024-07-09 21:03:00,2024-07-09 21:18:00,fan_joint_repeat,,,
2024-01-25 09:22:00,2024-02-02 18:34:00,fan_joint_repeat,,,
2024-04-11 13:53:00,2024-04-11 14:14:00,fan_joint_repeat,,,
2023-10-28 16:00:00,2023-10-28 16:07:00,fan_joint_repeat,,,
2023-10-29 18:28:00,2023-10-29 18:32:00,fan_joint_repeat,,,
2024-05-23 11:10:00,2024-05-23 13:41:00,fan_joint_repeat,,,
2023-11-30 08:08:00,2023-11-30 08:12:00,fan_joint_repeat,,,
2024-02-03 04:54:00,2024-02-03 04:58:00,fan_joint_repeat,,,
2024-02-29 05:04:00,2024-02-29 05:09:00,fan_joint_repeat,,,
2024-02-29 09:12:00,2024-02-29 09:35:00,fan_joint_repeat,,,
2024-02-29 11:17:00,2024-02-29 11:31:00,fan_joint_repeat,,,
2024-03-23 02:14:00,2024-03-23 04:09:00,fan_joint_repeat,,,
2024-03-24 09:52:00,2024-03-24 10:15:00,fan_joint_repeat,,,
2024-03-24 10:55:00,2024-03-25 02:19:00,fan_joint_repeat,,,
2024-03-28 04:09:00,2024-03-28 04:12:00,fan_joint_repeat,,,
2024-07-01 16:22:00,2024-07-01 16:28:00,fan_joint_repeat,,,
2024-04-14 16:32:00,2024-04-14 16:48:00,fan_joint_repeat,,,
2024-01-25 09:37:00,2024-02-02 18:37:00,fan_joint_repeat,,,
2023-12-28 16:20:00,2023-12-28 16:27:00,fan_joint_repeat,,,
2023-09-25 21:36:00,2023-09-25 21:50:00,fan_joint_repeat,,,
2024-03-02 05:16:00,2024-03-02 05:31:00,fan_joint_repeat,,,
2023-12-20 14:38:00,2023-12-20 14:41:00,fan_joint_repeat,,,
2024-04-11 12:56:00,2024-04-11 16:18:00,fan_joint_repeat,,,
2024-04-12 10:50:00,2024-04-12 10:54:00,fan_joint_repeat,,,
2024-07-11 13:25:00,2024-07-11 13:28:00,fan_joint_repeat,,,
2024-03-14 19:37:00,2024-03-14 19:42:00,fan_joint_repeat,,,
2024-04-12 11:12:00,2024-04-12 11:30:00,fan_joint_repeat,,,
2023-09-28 09:23:00,2023-09-28 09:27:00,fan_joint_repeat,,,
2023-09-28 09:15:00,2023-09-28 09:19:00,station_active_power_repeat,ACTIVE_POWER_STATION,20.150639,5.0
2023-09-28 09:24:00,2023-09-28 09:27:00,station_active_power_repeat,ACTIVE_POWER_STATION,14.459442,4.0
2023-09-28 09:34:00,2023-09-28 09:37:00,station_active_power_repeat,ACTIVE_POWER_STATION,9.818231,4.0
2023-10-21 14:35:00,2023-10-21 14:38:00,station_active_power_repeat,ACTIVE_POWER_STATION,4.5927186,4.0
2023-12-18 11:59:00,2023-12-18 12:02:00,station_active_power_repeat,ACTIVE_POWER_STATION,53.155403,4.0
2023-12-20 14:38:00,2023-12-20 14:41:00,station_active_power_repeat,ACTIVE_POWER_STATION,281.92532,4.0
2023-12-20 15:04:00,2023-12-20 15:07:00,station_active_power_repeat,ACTIVE_POWER_STATION,282.6878,4.0
2023-12-20 15:09:00,2023-12-20 15:12:00,station_active_power_repeat,ACTIVE_POWER_STATION,282.57855,4.0
2023-12-28 17:38:00,2023-12-28 17:41:00,station_active_power_repeat,ACTIVE_POWER_STATION,7.5332074,4.0
2023-12-29 15:53:00,2023-12-29 15:56:00,station_active_power_repeat,ACTIVE_POWER_STATION,9.378817,4.0
2024-01-14 02:01:00,2024-01-14 02:04:00,station_active_power_repeat,ACTIVE_POWER_STATION,287.1995,4.0
2024-01-14 02:07:00,2024-01-14 02:10:00,station_active_power_repeat,ACTIVE_POWER_STATION,287.10272,4.0
2024-01-14 02:41:00,2024-01-14 02:46:00,station_active_power_repeat,ACTIVE_POWER_STATION,287.00516,6.0
2024-01-14 03:17:00,2024-01-14 03:21:00,station_active_power_repeat,ACTIVE_POWER_STATION,287.45377,5.0
2024-01-18 14:32:00,2024-01-18 14:35:00,station_active_power_repeat,ACTIVE_POWER_STATION,283.31158,4.0
2024-02-12 20:18:00,2024-02-12 20:21:00,station_active_power_repeat,ACTIVE_POWER_STATION,217.72952,4.0
2024-02-26 10:01:00,2024-02-26 10:04:00,station_active_power_repeat,ACTIVE_POWER_STATION,91.00392,4.0
2024-02-26 10:13:00,2024-02-26 10:16:00,station_active_power_repeat,ACTIVE_POWER_STATION,83.5399,4.0
2024-02-28 10:54:00,2024-02-28 10:57:00,station_active_power_repeat,ACTIVE_POWER_STATION,85.22584,4.0
2024-02-29 13:59:00,2024-02-29 14:03:00,station_active_power_repeat,ACTIVE_POWER_STATION,271.47037,5.0
2024-03-04 10:38:00,2024-03-04 10:42:00,station_active_power_repeat,ACTIVE_POWER_STATION,281.5054,5.0
2024-03-29 15:28:00,2024-03-29 15:31:00,station_active_power_repeat,ACTIVE_POWER_STATION,35.038277,4.0
2024-03-30 00:42:00,2024-03-30 00:45:00,station_active_power_repeat,ACTIVE_POWER_STATION,282.76724,4.0
2024-03-30 01:18:00,2024-03-30 01:21:00,station_active_power_repeat,ACTIVE_POWER_STATION,282.921,4.0
2024-04-09 01:16:00,2024-04-09 01:30:00,station_active_power_repeat,ACTIVE_POWER_STATION,125.080795,15.0
2024-04-10 12:13:00,2024-04-10 12:16:00,station_active_power_repeat,ACTIVE_POWER_STATION,60.45677,4.0
2024-04-14 14:50:00,2024-04-14 15:14:00,station_active_power_repeat,ACTIVE_POWER_STATION,287.2376,25.0
2024-04-14 15:15:00,2024-04-14 15:18:00,station_active_power_repeat,ACTIVE_POWER_STATION,286.45737,4.0
2024-04-14 15:37:00,2024-04-14 15:40:00,station_active_power_repeat,ACTIVE_POWER_STATION,287.03198,4.0
2024-04-26 17:41:00,2024-04-26 17:48:00,station_active_power_repeat,ACTIVE_POWER_STATION,100.15015,8.0
2024-05-06 16:46:00,2024-05-06 16:50:00,station_active_power_repeat,ACTIVE_POWER_STATION,100.09329,4.0
2024-06-19 10:14:00,2024-06-19 10:20:00,station_active_power_repeat,ACTIVE_POWER_STATION,282.60992,7.0
2024-06-26 11:25:00,2024-06-26 11:32:00,station_active_power_repeat,ACTIVE_POWER_STATION,68.21749,7.0
2024-07-01 11:24:00,2024-07-01 12:44:00,station_active_power_repeat,ACTIVE_POWER_STATION,27.607643,75.0
2024-07-01 12:46:00,2024-07-01 12:50:00,station_active_power_repeat,ACTIVE_POWER_STATION,80.9822,5.0
2024-07-01 13:08:00,2024-07-01 13:12:00,station_active_power_repeat,ACTIVE_POWER_STATION,60.219154,5.0
2024-07-01 13:13:00,2024-07-01 13:16:00,station_active_power_repeat,ACTIVE_POWER_STATION,41.060543,4.0
2024-07-01 16:22:00,2024-07-01 16:29:00,station_active_power_repeat,ACTIVE_POWER_STATION,42.668518,8.0
2024-07-02 17:05:00,2024-07-02 17:08:00,station_active_power_repeat,ACTIVE_POWER_STATION,272.42633,4.0
2024-07-02 17:46:00,2024-07-02 17:51:00,station_active_power_repeat,ACTIVE_POWER_STATION,275.43625,6.0
2024-07-05 11:14:00,2024-07-05 11:17:00,station_active_power_repeat,ACTIVE_POWER_STATION,45.58332,4.0
2024-07-05 16:49:00,2024-07-05 16:55:00,station_active_power_repeat,ACTIVE_POWER_STATION,180.54306,7.0
2024-07-05 18:54:00,2024-07-05 18:57:00,station_active_power_repeat,ACTIVE_POWER_STATION,272.50302,4.0
2024-07-11 15:10:00,2024-07-11 15:13:00,station_active_power_repeat,ACTIVE_POWER_STATION,6.111467,4.0
2024-07-12 11:18:00,2024-07-12 11:24:00,station_active_power_repeat,ACTIVE_POWER_STATION,56.80592,7.0
2024-07-25 10:43:00,2024-07-25 11:14:00,station_active_power_repeat,ACTIVE_POWER_STATION,252.13347,28.0
2024-07-25 11:16:00,2024-07-25 11:30:00,station_active_power_repeat,ACTIVE_POWER_STATION,250.99219,15.0
2024-07-25 13:22:00,2024-07-25 13:25:00,station_active_power_repeat,ACTIVE_POWER_STATION,254.00713,4.0
2024-07-25 13:26:00,2024-07-25 14:04:00,station_active_power_repeat,ACTIVE_POWER_STATION,253.40717,39.0
2024-07-25 15:08:00,2024-07-25 15:38:00,station_active_power_repeat,ACTIVE_POWER_STATION,247.11876,28.0
2024-07-25 15:40:00,2024-07-25 15:54:00,station_active_power_repeat,ACTIVE_POWER_STATION,236.18549,15.0
2024-07-25 17:35:00,2024-07-25 17:47:00,station_active_power_repeat,ACTIVE_POWER_STATION,246.44351,6.0
